Id,Position,First Name,Nickname,Last Name,FPPG,Played,Salary,Game,Team,Opponent,Injury Indicator,Injury Details,Tier,,,Roster Position
80801-79970,WR,Cooper,Cooper Kupp,Kupp,25.799999237060547,2,9800,LAR@ARI,LAR,ARI,,,,,,WR/FLEX
80801-85671,WR,Justin,Justin Jefferson,Jefferson,21.350000381469727,2,9500,DET@MIN,MIN,DET,,,,,,WR/FLEX
80801-89675,RB,Jonathan,Jonathan Taylor,Taylor,16.149999618530273,2,9400,KC@IND,IND,KC,,,,,,RB/FLEX
80801-62239,QB,Josh,Josh Allen,Allen,31.579999923706055,2,9000,BUF@MIA,BUF,MIA,,,,,,QB
80801-39280,RB,Derrick,Derrick Henry,Henry,8.350000381469727,2,8800,LV@TEN,TEN,LV,,,,,,RB/FLEX
80801-57439,QB,Patrick,Patrick Mahomes,Mahomes,26.100000381469727,2,8700,KC@IND,KC,IND,,,,,,QB
80801-80001,RB,Austin,Austin Ekeler,Ekeler,11.550000190734863,2,8700,JAC@LAC,LAC,JAC,,,,,,RB/FLEX
80801-45889,WR,Davante,Davante Adams,Adams,16.649999618530273,2,8700,LV@TEN,LV,TEN,,,,,,WR/FLEX
80801-63115,QB,Lamar,Lamar Jackson,Jackson,31.920000076293945,2,8600,BAL@NE,BAL,NE,,,,,,QB
80801-85701,WR,Ja'Marr,Ja'Marr Chase,Chase,16.100000381469727,2,8500,CIN@NYJ,CIN,NYJ,,,,,,WR/FLEX
80801-55050,RB,Christian,Christian McCaffrey,McCaffrey,14.25,2,8500,NO@CAR,CAR,NO,,,,,,RB/FLEX
80801-53681,WR,Tyreek,Tyreek Hill,Hill,25.25,2,8400,BUF@MIA,MIA,BUF,,,,,,WR/FLEX
80801-25079,WR,Stefon,Stefon Diggs,Diggs,30.5,2,8300,BUF@MIA,BUF,MIA,,,,,,WR/FLEX
80801-54140,RB,Dalvin,Dalvin Cook,Cook,8.949999809265137,2,8300,DET@MIN,MIN,DET,,,,,,RB/FLEX
80801-52442,RB,Joe,Joe Mixon,Mixon,13.899999618530273,2,8200,CIN@NYJ,CIN,NYJ,,,,,,RB/FLEX
80801-69189,QB,Justin,Justin Herbert,Herbert,23.860000610351562,2,8200,JAC@LAC,LAC,JAC,Q,Ribs,,,,QB
80801-69531,QB,Jalen,Jalen Hurts,Hurts,29.3700008392334,2,8100,PHI@WAS,PHI,WAS,,,,,,QB
80801-72846,WR,A.J.,A.J. Brown,Brown,14.949999809265137,2,8000,PHI@WAS,PHI,WAS,,,,,,WR/FLEX
80801-91598,RB,D'Andre,D'Andre Swift,Swift,20.350000381469727,2,8000,DET@MIN,DET,MIN,Q,Ankle,,,,RB/FLEX
80801-33076,TE,Travis,Travis Kelce,Kelce,14.850000381469727,2,7800,KC@IND,KC,IND,,,,,,TE/FLEX
80801-86997,WR,Amon-Ra,Amon-Ra St. Brown,St. Brown,25.649999618530273,2,7800,DET@MIN,DET,MIN,,,,,,WR/FLEX
80801-63484,QB,Kyler,Kyler Murray,Murray,23.75,2,7800,LAR@ARI,ARI,LAR,,,,,,QB
80801-6654,QB,Matthew,Matthew Stafford,Stafford,15.84000015258789,2,7700,LAR@ARI,LAR,ARI,,,,,,QB
80801-52436,TE,Mark,Mark Andrews,Andrews,14.449999809265137,2,7700,BAL@NE,BAL,NE,,,,,,TE/FLEX
80801-32384,WR,Mike,Mike Evans,Evans,11.600000381469727,2,7700,GB@TB,TB,GB,IR,Suspension,,,,WR/FLEX
80801-30733,RB,Cordarrelle,Cordarrelle Patterson,Patterson,12.600000381469727,2,7600,ATL@SEA,ATL,SEA,,,,,,RB/FLEX
80801-22038,QB,Kirk,Kirk Cousins,Cousins,15.460000038146973,2,7600,DET@MIN,MIN,DET,,,,,,QB
80801-90573,WR,Jaylen,Jaylen Waddle,Waddle,25.149999618530273,2,7500,BUF@MIA,MIA,BUF,,,,,,WR/FLEX
80801-29253,WR,Keenan,Keenan Allen,Allen,8.600000381469727,1,7500,JAC@LAC,LAC,JAC,Q,Hamstring,,,,WR/FLEX
80801-70324,QB,Carson,Carson Wentz,Wentz,29.25,2,7500,PHI@WAS,WAS,PHI,,,,,,QB
80801-63336,QB,Joe,Joe Burrow,Burrow,19.389999389648438,2,7500,CIN@NYJ,CIN,NYJ,,,,,,QB
80801-6498,QB,Tom,Tom Brady,Brady,10.390000343322754,2,7400,GB@TB,TB,GB,,,,,,QB
80801-6894,QB,Aaron,Aaron Rodgers,Rodgers,10.529999732971191,2,7400,GB@TB,GB,TB,,,,,,QB
80801-69213,WR,Michael,Michael Pittman Jr.,Pittman Jr.,22.600000381469727,1,7400,KC@IND,IND,KC,,,,,,WR/FLEX
80801-90572,QB,Tua,Tua Tagovailoa,Tagovailoa,27.829999923706055,2,7300,BUF@MIA,MIA,BUF,,,,,,QB
80801-29358,QB,Marcus,Marcus Mariota,Mariota,17.6200008392334,2,7300,ATL@SEA,ATL,SEA,,,,,,QB
80801-85741,RB,Clyde,Clyde Edwards-Helaire,Edwards-Helaire,17.350000381469727,2,7300,KC@IND,KC,IND,,,,,,RB/FLEX
80801-89981,WR,Tee,Tee Higgins,Higgins,9.899999618530273,2,7300,CIN@NYJ,CIN,NYJ,,,,,,WR/FLEX
80801-28573,WR,Michael,Michael Thomas,Thomas,17.850000381469727,2,7300,NO@CAR,NO,CAR,,,,,,WR/FLEX
80801-94534,WR,Gabe,Gabe Davis,Davis,16.799999237060547,1,7200,BUF@MIA,BUF,MIA,Q,Ankle,,,,WR/FLEX
80801-21948,QB,Ryan,Ryan Tannehill,Tannehill,11.109999656677246,2,7200,LV@TEN,TEN,LV,,,,,,QB
80801-52922,RB,Leonard,Leonard Fournette,Fournette,11.550000190734863,2,7200,GB@TB,TB,GB,Q,Hamstring,,,,RB/FLEX
80801-45859,QB,Derek,Derek Carr,Carr,17.889999389648438,2,7100,LV@TEN,LV,TEN,,,,,,QB
80801-60858,WR,Christian,Christian Kirk,Kirk,18.75,2,7100,JAC@LAC,JAC,LAC,,,,,,WR/FLEX
80801-38435,QB,Jared,Jared Goff,Goff,21.270000457763672,2,7100,DET@MIN,DET,MIN,,,,,,QB
80801-73273,RB,David,David Montgomery,Montgomery,10.550000190734863,2,7100,HOU@CHI,CHI,HOU,,,,,,RB/FLEX
80801-40687,RB,James,James Conner,Conner,10.050000190734863,2,7100,LAR@ARI,ARI,LAR,Q,Ankle,,,,RB/FLEX
80801-86687,WR,Marquise,Marquise Brown,Brown,11.050000190734863,2,7000,LAR@ARI,ARI,LAR,,,,,,WR/FLEX
80801-39829,WR,Mike,Mike Williams,Williams,11.649999618530273,2,7000,JAC@LAC,LAC,JAC,,,,,,WR/FLEX
80801-72776,RB,Alexander,Alexander Mattison,Mattison,3.25,2,7000,DET@MIN,MIN,DET,,,,,,RB/FLEX
80801-42104,RB,Alvin,Alvin Kamara,Kamara,6.099999904632568,1,7000,NO@CAR,NO,CAR,Q,Ribs,,,,RB/FLEX
80801-91591,QB,Justin,Justin Fields,Fields,12.220000267028809,2,7000,HOU@CHI,CHI,HOU,,,,,,QB
80801-40442,RB,Aaron,Aaron Jones,Jones,19.799999237060547,2,7000,GB@TB,GB,TB,,,,,,RB/FLEX
80801-89951,QB,Trevor,Trevor Lawrence,Lawrence,16.450000762939453,2,7000,JAC@LAC,JAC,LAC,,,,,,QB
80801-24849,QB,Jameis,Jameis Winston,Winston,16.149999618530273,2,6900,NO@CAR,NO,CAR,Q,Back,,,,QB
80801-93107,RB,AJ,AJ Dillon,Dillon,12.399999618530273,2,6900,GB@TB,GB,TB,,,,,,RB/FLEX
80801-56250,WR,Terry,Terry McLaurin,McLaurin,11.5,2,6900,PHI@WAS,WAS,PHI,,,,,,WR/FLEX
80801-71845,RB,Miles,Miles Sanders,Sanders,13.800000190734863,2,6800,PHI@WAS,PHI,WAS,,,,,,RB/FLEX
80801-90406,QB,Zach,Zach Wilson,Wilson,12.527692354642427,13,6800,CIN@NYJ,NYJ,CIN,O,Knee - meniscus,,,,QB
80801-6714,QB,Joe,Joe Flacco,Flacco,21.1200008392334,2,6800,CIN@NYJ,NYJ,CIN,,,,,,QB
80801-85845,WR,Rashod,Rashod Bateman,Bateman,15.850000381469727,2,6800,BAL@NE,BAL,NE,,,,,,WR/FLEX
80801-6616,QB,Matt,Matt Ryan,Ryan,10.539999961853027,2,6700,KC@IND,IND,KC,,,,,,QB
80801-90933,RB,Antonio,Antonio Gibson,Gibson,13.800000190734863,2,6700,PHI@WAS,WAS,PHI,,,,,,RB/FLEX
80801-73048,WR,DK,DK Metcalf,Metcalf,5.300000190734863,2,6700,ATL@SEA,SEA,ATL,,,,,,WR/FLEX
80801-27050,WR,Tyler,Tyler Lockett,Lockett,9.75,2,6600,ATL@SEA,SEA,ATL,,,,,,WR/FLEX
80801-41535,QB,Baker,Baker Mayfield,Mayfield,16.149999618530273,2,6600,NO@CAR,CAR,NO,,,,,,QB
80801-29501,WR,Brandin,Brandin Cooks,Cooks,9.550000190734863,2,6600,HOU@CHI,HOU,CHI,,,,,,WR/FLEX
80801-130288,RB,James,James Robinson,Robinson,17.100000381469727,2,6600,JAC@LAC,JAC,LAC,,,,,,RB/FLEX
80801-55635,WR,Chris,Chris Godwin,Godwin,5,1,6500,GB@TB,TB,GB,O,Hamstring,,,,WR/FLEX
80801-45631,RB,Jamaal,Jamaal Williams,Williams,11,2,6500,DET@MIN,DET,MIN,,,,,,RB/FLEX
80801-8803,QB,Chase,Chase Daniel,Daniel,-0.20000000298023224,1,6500,JAC@LAC,LAC,JAC,,,,,,QB
80801-72731,RB,Josh,Josh Jacobs,Jacobs,8.199999809265137,2,6500,LV@TEN,LV,TEN,Q,Illness,,,,RB/FLEX
80801-25011,TE,Darren,Darren Waller,Waller,11.949999809265137,2,6400,LV@TEN,LV,TEN,,,,,,TE/FLEX
80801-90584,QB,Mac,Mac Jones,Jones,11.600000381469727,2,6400,BAL@NE,NE,BAL,,,,,,QB
80801-64576,RB,Damien,Damien Harris,Harris,11.25,2,6400,BAL@NE,NE,BAL,,,,,,RB/FLEX
80801-89628,QB,Davis,Davis Mills,Mills,11.34000015258789,2,6400,HOU@CHI,HOU,CHI,,,,,,QB
80801-63043,WR,DJ,DJ Moore,Moore,9.149999618530273,2,6400,NO@CAR,CAR,NO,,,,,,WR/FLEX
80801-69777,WR,Darnell,Darnell Mooney,Mooney,0.699999988079071,2,6300,HOU@CHI,CHI,HOU,,,,,,WR/FLEX
80801-70157,RB,Darrell,Darrell Henderson Jr.,Henderson Jr.,10.25,2,6300,LAR@ARI,LAR,ARI,,,,,,RB/FLEX
80801-52613,WR,Curtis,Curtis Samuel,Samuel,17.299999237060547,2,6300,PHI@WAS,WAS,PHI,,,,,,WR/FLEX
80801-26483,QB,Geno,Geno Smith,Smith,12.140000343322754,2,6300,ATL@SEA,SEA,ATL,,,,,,QB
80801-112745,WR,Drake,Drake London,London,15.25,2,6200,ATL@SEA,ATL,SEA,,,,,,WR/FLEX
80801-63634,WR,Jakobi,Jakobi Meyers,Meyers,11.100000381469727,2,6200,BAL@NE,NE,BAL,Q,Knee,,,,WR/FLEX
80801-22994,QB,Case,Case Keenum,Keenum,0.20000000298023224,1,6200,BUF@MIA,BUF,MIA,,,,,,QB
80801-57840,RB,Rashaad,Rashaad Penny,Penny,4.599999904632568,2,6200,ATL@SEA,SEA,ATL,,,,,,RB/FLEX
80801-41562,QB,Nick,Nick Mullens,Mullens,9.880000114440918,1,6200,DET@MIN,MIN,DET,,,,,,QB
80801-103064,RB,Breece,Breece Hall,Hall,9.800000190734863,2,6200,CIN@NYJ,NYJ,CIN,,,,,,RB/FLEX
80801-29605,QB,Matt,Matt Barkley,Barkley,,,6200,BUF@MIA,BUF,MIA,,,,,,QB
80801-52808,RB,Dontrell,Dontrell Hilliard,Hilliard,20.399999618530273,1,6200,LV@TEN,TEN,LV,,,,,,RB/FLEX
80801-53331,QB,Taylor,Taylor Heinicke,Heinicke,14.835000038146973,16,6100,PHI@WAS,WAS,PHI,,,,,,QB
80801-63589,QB,Sam,Sam Darnold,Darnold,14.18999989827474,12,6100,NO@CAR,CAR,NO,IR,Ankle,,,,QB
80801-86278,QB,Desmond,Desmond Ridder,Ridder,,,6100,ATL@SEA,ATL,SEA,,,,,,QB
80801-61798,QB,Gardner,Gardner Minshew II,Minshew II,11.553333282470703,3,6100,PHI@WAS,PHI,WAS,,,,,,QB
80801-70051,QB,Tyler,Tyler Huntley,Huntley,12.377142769949776,7,6100,BAL@NE,BAL,NE,,,,,,QB
80801-31170,QB,Brandon,Brandon Allen,Allen,2.7719999313354493,5,6100,CIN@NYJ,CIN,NYJ,,,,,,QB
80801-33259,QB,Teddy,Teddy Bridgewater,Bridgewater,14.977142333984375,14,6100,BUF@MIA,MIA,BUF,,,,,,QB
80801-64051,QB,Drew,Drew Lock,Lock,8.896666844685873,6,6100,ATL@SEA,SEA,ATL,,,,,,QB
80801-55987,WR,JuJu,JuJu Smith-Schuster,Smith-Schuster,5.699999809265137,2,6100,KC@IND,KC,IND,,,,,,WR/FLEX
80801-56192,QB,John,John Wolford,Wolford,-0.44999998807907104,2,6100,LAR@ARI,LAR,ARI,,,,,,QB
80801-70603,RB,Devin,Devin Singletary,Singletary,5.150000095367432,2,6100,BUF@MIA,BUF,MIA,,,,,,RB/FLEX
80801-103564,WR,Garrett,Garrett Wilson,Wilson,16.600000381469727,2,6100,CIN@NYJ,NYJ,CIN,,,,,,WR/FLEX
80801-11500,QB,Colt,Colt McCoy,McCoy,6.0428570338657925,7,6100,LAR@ARI,ARI,LAR,IR,Calf,,,,QB
80801-27986,QB,C.J.,C.J. Beathard,Beathard,0.7599999904632568,2,6100,JAC@LAC,JAC,LAC,,,,,,QB
80801-69017,QB,Jordan,Jordan Love,Love,2.5999999046325684,1,6100,GB@TB,GB,TB,,,,,,QB
80801-22027,QB,Nick,Nick Foles,Foles,16.799999237060547,1,6100,KC@IND,IND,KC,,,,,,QB
80801-60947,QB,Jarrett,Jarrett Stidham,Stidham,,,6100,LV@TEN,LV,TEN,,,,,,QB
80801-40482,QB,Tim,Tim Boyle,Boyle,7.585000038146973,4,6100,DET@MIN,DET,MIN,,,,,,QB
80801-40534,QB,Mike,Mike White,White,13.005000114440918,4,6100,CIN@NYJ,NYJ,CIN,,,,,,QB
80801-87691,QB,Malik,Malik Willis,Willis,-0.1599999964237213,1,6100,LV@TEN,TEN,LV,,,,,,QB
80801-7844,QB,Chad,Chad Henne,Henne,0,1,6100,KC@IND,KC,IND,,,,,,QB
80801-7872,QB,Brian,Brian Hoyer,Hoyer,2.4559999465942384,5,6100,BAL@NE,NE,BAL,,,,,,QB
80801-28434,QB,Trevor,Trevor Siemian,Siemian,15.526667277018229,6,6100,HOU@CHI,CHI,HOU,,,,,,QB
80801-53095,QB,Kyle,Kyle Allen,Allen,3.950000047683716,2,6100,HOU@CHI,HOU,CHI,,,,,,QB
80801-14194,QB,Blaine,Blaine Gabbert,Gabbert,0.33000000317891437,6,6100,GB@TB,TB,GB,,,,,,QB
80801-14225,QB,Andy,Andy Dalton,Dalton,11.649999618530273,8,6100,NO@CAR,NO,CAR,,,,,,QB
80801-71710,QB,Nate,Nate Stanley,Stanley,,,6000,DET@MIN,MIN,DET,,,,,,QB
80801-30761,QB,Nathan,Nathan Peterman,Peterman,0.20000000298023224,1,6000,HOU@CHI,CHI,HOU,,,,,,QB
80801-104576,QB,Sam,Sam Howell,Howell,,,6000,PHI@WAS,WAS,PHI,,,,,,QB
80801-94396,QB,Carson,Carson Strong,Strong,,,6000,PHI@WAS,PHI,WAS,,,,,,QB
80801-69833,QB,Shane,Shane Buechele,Buechele,,,6000,KC@IND,KC,IND,,,,,,QB
80801-45259,QB,Logan,Logan Woodside,Woodside,-0.15000000596046448,4,6000,LV@TEN,TEN,LV,,,,,,QB
80801-92362,QB,Levi,Levi Lewis,Lewis,,,6000,ATL@SEA,SEA,ATL,,,,,,QB
80801-86229,WR,Jahan,Jahan Dotson,Dotson,16.200000762939453,2,6000,PHI@WAS,WAS,PHI,,,,,,WR/FLEX
80801-61751,QB,Josh,Josh Thomas,Thomas,,,6000,LAR@ARI,ARI,LAR,,,,,,QB
80801-84287,QB,Luis,Luis Perez,Perez,,,6000,LAR@ARI,LAR,ARI,,,,,,QB
80801-92560,QB,Sam,Sam Ehlinger,Ehlinger,0.29999999205271405,3,6000,KC@IND,IND,KC,,,,,,QB
80801-90576,WR,DeVonta,DeVonta Smith,Smith,5.75,2,6000,PHI@WAS,PHI,WAS,,,,,,WR/FLEX
80801-45565,TE,Taysom,Taysom Hill,Hill,8.100000381469727,2,6000,NO@CAR,NO,CAR,Q,Ribs,,,,TE/FLEX
80801-72241,QB,Drew,Drew Plitt,Plitt,,,6000,CIN@NYJ,CIN,NYJ,,,,,,QB
80801-88630,QB,Matt,Matt Corral,Corral,,,6000,NO@CAR,CAR,NO,IR,Foot,,,,QB
80801-139985,QB,Bailey,Bailey Zappe,Zappe,,,6000,BAL@NE,NE,BAL,,,,,,QB
80801-72412,RB,Khalil,Khalil Herbert,Herbert,7.699999809265137,2,6000,HOU@CHI,CHI,HOU,,,,,,RB/FLEX
80801-29445,QB,Sean,Sean Mannion,Mannion,12.960000038146973,1,6000,ATL@SEA,SEA,ATL,,,,,,QB
80801-39716,WR,Adam,Adam Thielen,Thielen,6.150000095367432,2,6000,DET@MIN,MIN,DET,,,,,,WR/FLEX
80801-95026,QB,Dustin,Dustin Crum,Crum,,,6000,KC@IND,KC,IND,,,,,,QB
80801-41827,QB,P.J.,P.J. Walker,Walker,3.3560001373291017,5,6000,NO@CAR,CAR,NO,,,,,,QB
80801-33647,QB,Kyle,Kyle Sloter,Sloter,,,6000,JAC@LAC,JAC,LAC,,,,,,QB
80801-33702,QB,Ryan,Ryan Griffin,Griffin,,,6000,GB@TB,TB,GB,,,,,,QB
80801-93103,QB,E.J.,E.J. Perry,Perry,,,6000,JAC@LAC,JAC,LAC,,,,,,QB
80801-56286,QB,Trace,Trace McSorley,McSorley,2.4800000190734863,1,6000,LAR@ARI,ARI,LAR,,,,,,QB
80801-29715,QB,Kevin,Kevin Hogan,Hogan,,,6000,HOU@CHI,HOU,CHI,,,,,,QB
80801-62566,QB,Travis,Travis Jonsen,Jonsen,,,6000,GB@TB,TB,GB,,,,,,QB
80801-68741,QB,Brandon,Brandon Peters,Peters,,,6000,JAC@LAC,LAC,JAC,,,,,,QB
80801-27801,QB,Nate,Nate Sudfeld,Sudfeld,,,6000,DET@MIN,DET,MIN,,,,,,QB
80801-72863,QB,Armani,Armani Rogers,Rogers,2.799999952316284,1,6000,PHI@WAS,WAS,PHI,,,,,,QB
80801-29915,QB,Brett,Brett Hundley,Hundley,,,6000,BAL@NE,BAL,NE,,,,,,QB
80801-130269,QB,Reid,Reid Sinnett,Sinnett,,,6000,PHI@WAS,PHI,WAS,,,,,,QB
80801-91468,QB,Chase,Chase Garbers,Garbers,,,6000,LV@TEN,LV,TEN,,,,,,QB
80801-60787,QB,Bryce,Bryce Perkins,Perkins,,,6000,LAR@ARI,LAR,ARI,,,,,,QB
80801-52606,QB,David,David Blough,Blough,0.6000000238418579,1,6000,DET@MIN,MIN,DET,,,,,,QB
80801-103824,QB,Easton,Easton Stick,Stick,,,6000,JAC@LAC,LAC,JAC,,,,,,QB
80801-73118,QB,Ian,Ian Book,Book,4,1,6000,PHI@WAS,PHI,WAS,,,,,,QB
80801-71077,QB,Cole,Cole Kelley,Kelley,,,6000,PHI@WAS,WAS,PHI,,,,,,QB
80801-60840,QB,Jake,Jake Browning,Browning,,,6000,CIN@NYJ,CIN,NYJ,,,,,,QB
80801-56809,WR,Allen,Allen Lazard,Lazard,8.300000190734863,1,6000,GB@TB,GB,TB,,,,,,WR/FLEX
80801-30253,QB,Jeff,Jeff Driskel,Driskel,0.75,2,6000,HOU@CHI,HOU,CHI,,,,,,QB
80801-89658,QB,Jack,Jack Coan,Coan,,,6000,KC@IND,IND,KC,,,,,,QB
80801-71232,QB,D'Eriq,D'Eriq King,King,,,6000,BAL@NE,NE,BAL,,,,,,QB
80801-71242,QB,Jarrett,Jarrett Guarantano,Guarantano,,,6000,LAR@ARI,ARI,LAR,,,,,,QB
80801-69294,QB,Skylar,Skylar Thompson,Thompson,,,6000,BUF@MIA,MIA,BUF,,,,,,QB
80801-69302,QB,Feleipe,Feleipe Franks,Franks,-0.13333333532015482,3,6000,ATL@SEA,ATL,SEA,,,,,,QB
80801-73398,QB,Chris,Chris Oladokun,Oladokun,,,6000,KC@IND,KC,IND,,,,,,QB
80801-69304,QB,Kyle,Kyle Trask,Trask,,,6000,GB@TB,TB,GB,,,,,,QB
80801-52929,QB,Jake,Jake Luton,Luton,,,6000,NO@CAR,NO,CAR,,,,,,QB
80801-69333,QB,Jacob,Jacob Eason,Eason,0,1,6000,NO@CAR,CAR,NO,,,,,,QB
80801-87787,RB,J.K.,J.K. Dobbins,Dobbins,,,6000,BAL@NE,BAL,NE,Q,Knee - acl,,,,RB/FLEX
80801-38767,QB,Chris,Chris Streveler,Streveler,1.0199999809265137,2,6000,CIN@NYJ,NYJ,CIN,,,,,,QB
80801-169852,QB,Davis,Davis Cheek,Cheek,,,6000,NO@CAR,CAR,NO,,,,,,QB
80801-38837,QB,Danny,Danny Etling,Etling,,,6000,GB@TB,GB,TB,,,,,,QB
80801-69597,QB,Anthony,Anthony Brown,Brown,,,6000,BAL@NE,BAL,NE,,,,,,QB
80801-28643,WR,Allen,Allen Robinson II,Robinson II,7.5,2,6000,LAR@ARI,LAR,ARI,,,,,,WR/FLEX
80801-71672,QB,K.J.,K.J. Costello,Costello,,,6000,NO@CAR,NO,CAR,,,,,,QB
80801-31394,WR,Jarvis,Jarvis Landry,Landry,9.699999809265137,2,5900,NO@CAR,NO,CAR,,,,,,WR/FLEX
80801-90912,RB,Kenneth,Kenneth Gainwell,Gainwell,6.25,2,5900,PHI@WAS,PHI,WAS,,,,,,RB/FLEX
80801-29683,WR,Nelson,Nelson Agholor,Agholor,11.149999618530273,2,5900,BAL@NE,NE,BAL,,,,,,WR/FLEX
80801-93539,RB,Michael,Michael Carter,Carter,10.5,2,5900,CIN@NYJ,NYJ,CIN,,,,,,RB/FLEX
80801-110259,WR,Treylon,Treylon Burks,Burks,6.849999904632568,2,5900,LV@TEN,TEN,LV,,,,,,WR/FLEX
80801-40669,WR,Tyler,Tyler Boyd,Boyd,8,2,5900,CIN@NYJ,CIN,NYJ,,,,,,WR/FLEX
80801-86055,RB,Dameon,Dameon Pierce,Pierce,6.300000190734863,2,5800,HOU@CHI,HOU,CHI,,,,,,RB/FLEX
80801-45439,WR,Corey,Corey Davis,Davis,13,2,5800,CIN@NYJ,NYJ,CIN,Q,Knee,,,,WR/FLEX
80801-43433,RB,Boston,Boston Scott,Scott,4.800000190734863,2,5800,PHI@WAS,PHI,WAS,,,,,,RB/FLEX
80801-57986,WR,Hunter,Hunter Renfrow,Renfrow,5.5,2,5800,LV@TEN,LV,TEN,O,Concussion,,,,WR/FLEX
80801-89230,RB,Cam,Cam Akers,Akers,3.5999999046325684,2,5800,LAR@ARI,LAR,ARI,,,,,,RB/FLEX
80801-71352,WR,Mecole,Mecole Hardman,Hardman,7.550000190734863,2,5800,KC@IND,KC,IND,,,,,,WR/FLEX
80801-14190,WR,Julio,Julio Jones,Jones,10.100000381469727,1,5800,GB@TB,TB,GB,Q,Knee,,,,WR/FLEX
80801-57299,TE,Gerald,Gerald Everett,Everett,11.5,2,5800,JAC@LAC,LAC,JAC,,,,,,TE/FLEX
80801-47870,TE,Tyler,Tyler Higbee,Higbee,8.5,2,5700,LAR@ARI,LAR,ARI,,,,,,TE/FLEX
80801-29685,WR,Robert,Robert Woods,Woods,3.8499999046325684,2,5700,LV@TEN,TEN,LV,,,,,,WR/FLEX
80801-83081,RB,Chase,Chase Edmonds,Edmonds,6.550000190734863,2,5700,BUF@MIA,MIA,BUF,,,,,,RB/FLEX
80801-71032,WR,Devin,Devin Duvernay,Duvernay,15.300000190734863,2,5700,BAL@NE,BAL,NE,,,,,,WR/FLEX
80801-56698,WR,Dante,Dante Pettis,Pettis,11.600000381469727,1,5700,HOU@CHI,CHI,HOU,,,,,,WR/FLEX
80801-26251,WR,Robbie,Robbie Anderson,Anderson,10.699999809265137,2,5700,NO@CAR,CAR,NO,,,,,,WR/FLEX
80801-52916,WR,Russell,Russell Gage,Gage,3.799999952316284,2,5700,GB@TB,TB,GB,Q,Hamstring,,,,WR/FLEX
80801-14211,RB,Mark,Mark Ingram II,Ingram II,2.950000047683716,2,5700,NO@CAR,NO,CAR,,,,,,RB/FLEX
80801-86080,TE,Kyle,Kyle Pitts,Pitts,2.9000000953674316,2,5600,ATL@SEA,ATL,SEA,,,,,,TE/FLEX
80801-87418,WR,Joshua,Joshua Palmer,Palmer,6.699999809265137,2,5600,JAC@LAC,LAC,JAC,,,,,,WR/FLEX
80801-104012,WR,Ashton,Ashton Dulin,Dulin,8.399999618530273,2,5600,KC@IND,IND,KC,,,,,,WR/FLEX
80801-40647,WR,Marquez,Marquez Valdes-Scantling,Valdes-Scantling,4.199999809265137,2,5600,KC@IND,KC,IND,,,,,,WR/FLEX
80801-169776,WR,Christian,Christian Watson,Watson,3.75,2,5600,GB@TB,GB,TB,Q,Hamstring,,,,WR/FLEX
80801-89956,RB,Travis,Travis Etienne Jr.,Etienne Jr.,7.150000095367432,2,5600,JAC@LAC,JAC,LAC,,,,,,RB/FLEX
80801-71706,TE,T.J.,T.J. Hockenson,Hockenson,4.949999809265137,2,5500,DET@MIN,DET,MIN,Q,Hip,,,,TE/FLEX
80801-28744,RB,Raheem,Raheem Mostert,Mostert,6.550000190734863,2,5500,BUF@MIA,MIA,BUF,,,,,,RB/FLEX
80801-53390,WR,Zach,Zach Pascal,Pascal,1.7999999523162842,2,5500,PHI@WAS,PHI,WAS,,,,,,WR/FLEX
80801-30989,RB,Kenyan,Kenyan Drake,Drake,2.950000047683716,2,5500,BAL@NE,BAL,NE,,,,,,RB/FLEX
80801-63855,WR,K.J.,K.J. Osborn,Osborn,3.200000047683716,2,5500,DET@MIN,MIN,DET,,,,,,WR/FLEX
80801-53639,WR,Isaiah,Isaiah McKenzie,McKenzie,6.800000190734863,2,5500,BUF@MIA,BUF,MIA,,,,,,WR/FLEX
80801-70027,RB,Zack,Zack Moss,Moss,3.1500000953674316,2,5500,BUF@MIA,BUF,MIA,,,,,,RB/FLEX
80801-88575,WR,Elijah,Elijah Moore,Moore,6.199999809265137,2,5500,CIN@NYJ,NYJ,CIN,,,,,,WR/FLEX
80801-83074,TE,Dallas,Dallas Goedert,Goedert,9.100000381469727,2,5500,PHI@WAS,PHI,WAS,,,,,,TE/FLEX
80801-91361,RB,Hassan,Hassan Haskins,Haskins,4.199999809265137,1,5500,LV@TEN,TEN,LV,,,,,,RB/FLEX
80801-64841,WR,Equanimeous,Equanimeous St. Brown,St. Brown,6.599999904632568,2,5500,HOU@CHI,CHI,HOU,,,,,,WR/FLEX
80801-52917,WR,DJ,DJ Chark Jr.,Chark Jr.,6.599999904632568,2,5500,DET@MIN,DET,MIN,,,,,,WR/FLEX
80801-87770,WR,Chris,Chris Olave,Olave,8.050000190734863,2,5500,NO@CAR,NO,CAR,,,,,,WR/FLEX
80801-91902,WR,Kyle,Kyle Philips,Philips,3.299999952316284,2,5500,LV@TEN,TEN,LV,D,Shoulder,,,,WR/FLEX
80801-24641,WR,Sammy,Sammy Watkins,Watkins,7.050000190734863,2,5400,GB@TB,GB,TB,IR,Hamstring,,,,WR/FLEX
80801-24755,WR,Jamison,Jamison Crowder,Crowder,3.200000047683716,2,5400,BUF@MIA,BUF,MIA,,,,,,WR/FLEX
80801-41305,WR,Zay,Zay Jones,Jones,6.650000095367432,2,5400,JAC@LAC,JAC,LAC,,,,,,WR/FLEX
80801-111540,RB,Rhamondre,Rhamondre Stevenson,Stevenson,4.650000095367432,2,5400,BAL@NE,NE,BAL,,,,,,RB/FLEX
80801-56265,TE,Mike,Mike Gesicki,Gesicki,6.349999904632568,2,5400,BUF@MIA,MIA,BUF,,,,,,TE/FLEX
80801-91419,WR,Nico,Nico Collins,Collins,5.699999809265137,2,5400,HOU@CHI,HOU,CHI,,,,,,WR/FLEX
80801-26355,TE,Logan,Logan Thomas,Thomas,8.600000381469727,2,5400,PHI@WAS,WAS,PHI,,,,,,TE/FLEX
80801-94370,WR,Romeo,Romeo Doubs,Doubs,5.25,2,5300,GB@TB,GB,TB,,,,,,WR/FLEX
80801-43334,RB,J.D.,J.D. McKissic,McKissic,8.050000190734863,2,5300,PHI@WAS,WAS,PHI,,,,,,RB/FLEX
80801-25267,WR,Mack,Mack Hollins,Hollins,5.599999904632568,2,5300,LV@TEN,LV,TEN,,,,,,WR/FLEX
80801-64389,WR,Nick,Nick Westbrook-Ikhine,Westbrook-Ikhine,1.7999999523162842,2,5300,LV@TEN,TEN,LV,,,,,,WR/FLEX
80801-64585,TE,Dawson,Dawson Knox,Knox,3.549999952316284,2,5300,BUF@MIA,BUF,MIA,Q,Foot,,,,TE/FLEX
80801-62628,WR,DeAndre,DeAndre Carter,Carter,10.449999809265137,2,5300,JAC@LAC,LAC,JAC,,,,,,WR/FLEX
80801-91626,RB,James,James Cook,Cook,1.75,2,5300,BUF@MIA,BUF,MIA,,,,,,RB/FLEX
80801-34295,WR,Breshad,Breshad Perriman,Perriman,5.650000095367432,2,5300,GB@TB,TB,GB,Q,Knee,,,,WR/FLEX
80801-22103,WR,Marvin,Marvin Jones Jr.,Jones Jr.,5.300000190734863,2,5300,JAC@LAC,JAC,LAC,,,,,,WR/FLEX
80801-53097,WR,Josh,Josh Reynolds,Reynolds,7.300000190734863,2,5300,DET@MIN,DET,MIN,,,,,,WR/FLEX
80801-14187,WR,A.J.,A.J. Green,Green,3.700000047683716,2,5300,LAR@ARI,ARI,LAR,,,,,,WR/FLEX
80801-73687,WR,Quez,Quez Watkins,Watkins,6.949999809265137,2,5300,PHI@WAS,PHI,WAS,,,,,,WR/FLEX
80801-170184,RB,Julius,Julius Chestnut,Chestnut,,,5200,LV@TEN,TEN,LV,,,,,,RB/FLEX
80801-33260,WR,DeVante,DeVante Parker,Parker,0.699999988079071,2,5200,BAL@NE,NE,BAL,,,,,,WR/FLEX
80801-27338,RB,Rex,Rex Burkhead,Burkhead,5.699999809265137,2,5200,HOU@CHI,HOU,CHI,,,,,,RB/FLEX
80801-41872,TE,Evan,Evan Engram,Engram,6.449999809265137,2,5200,JAC@LAC,JAC,LAC,,,,,,TE/FLEX
80801-103342,RB,Kenneth,Kenneth Walker III,Walker III,2.5,1,5200,ATL@SEA,SEA,ATL,,,,,,RB/FLEX
80801-60451,TE,Tyler,Tyler Conklin,Conklin,8.300000190734863,2,5200,CIN@NYJ,NYJ,CIN,,,,,,TE/FLEX
80801-29780,TE,Zach,Zach Ertz,Ertz,10.949999809265137,2,5200,LAR@ARI,ARI,LAR,,,,,,TE/FLEX
80801-85306,WR,KhaDarel,KhaDarel Hodge,Hodge,6,2,5200,ATL@SEA,ATL,SEA,,,,,,WR/FLEX
80801-38264,WR,Demarcus,Demarcus Robinson,Robinson,5.300000190734863,2,5200,BAL@NE,BAL,NE,,,,,,WR/FLEX
80801-30635,RB,Mike,Mike Davis,Davis,0.75,2,5200,BAL@NE,BAL,NE,,,,,,RB/FLEX
80801-63625,RB,Nyheim,Nyheim Hines,Hines,7.050000190734863,2,5100,KC@IND,IND,KC,,,,,,RB/FLEX
80801-92575,RB,Isiah,Isiah Pacheco,Pacheco,6.400000095367432,2,5100,KC@IND,KC,IND,,,,,,RB/FLEX
80801-80289,WR,Kendrick,Kendrick Bourne,Bourne,3.5999999046325684,2,5100,BAL@NE,NE,BAL,,,,,,WR/FLEX
80801-64031,TE,Hayden,Hayden Hurst,Hurst,6,2,5100,CIN@NYJ,CIN,NYJ,Q,Groin,,,,TE/FLEX
80801-137902,RB,Rachaad,Rachaad White,White,1.600000023841858,2,5100,GB@TB,TB,GB,,,,,,RB/FLEX
80801-64496,WR,Olamide,Olamide Zaccheaus,Zaccheaus,7,2,5100,ATL@SEA,ATL,SEA,,,,,,WR/FLEX
80801-83083,WR,Justin,Justin Watson,Watson,6,2,5100,KC@IND,KC,IND,,,,,,WR/FLEX
80801-69295,WR,Byron,Byron Pringle,Pringle,2.700000047683716,1,5100,HOU@CHI,CHI,HOU,,,,,,WR/FLEX
80801-69558,WR,Greg,Greg Dortch,Dortch,11.649999618530273,2,5100,LAR@ARI,ARI,LAR,,,,,,WR/FLEX
80801-149710,WR,Mike,Mike Strachan,Strachan,3.700000047683716,2,5000,KC@IND,IND,KC,,,,,,WR/FLEX
80801-16606,WR,DeAndre,DeAndre Hopkins,Hopkins,12.61999969482422,10,5000,LAR@ARI,ARI,LAR,IR,Suspension,,,,WR/FLEX
80801-12555,D,Baltimore,Baltimore Ravens,Ravens,9,2,5000,BAL@NE,BAL,NE,,,,,,DEF
80801-33047,WR,Chris,Chris Moore,Moore,3.5,2,5000,HOU@CHI,HOU,CHI,,,,,,WR/FLEX
80801-94625,WR,Jalen,Jalen Reagor,Reagor,1.4500000476837158,2,5000,DET@MIN,MIN,DET,,,,,,WR/FLEX
80801-70383,RB,Darrynton,Darrynton Evans,Evans,2.799999952316284,1,5000,HOU@CHI,CHI,HOU,,,,,,RB/FLEX
80801-91047,TE,Cole,Cole Kmet,Kmet,0,2,5000,HOU@CHI,CHI,HOU,,,,,,TE/FLEX
80801-72627,RB,Patrick,Patrick Taylor,Taylor,4.050000190734863,4,5000,GB@TB,GB,TB,,,,,,RB/FLEX
80801-72725,TE,Irv,Irv Smith Jr.,Smith Jr.,6.050000190734863,2,5000,DET@MIN,MIN,DET,,,,,,TE/FLEX
80801-64581,WR,Van,Van Jefferson,Jefferson,7.590475899832589,21,5000,LAR@ARI,LAR,ARI,IR,Knee,,,,WR/FLEX
80801-93408,WR,Rondale,Rondale Moore,Moore,5.853333536783854,15,5000,LAR@ARI,ARI,LAR,O,Hamstring,,,,WR/FLEX
80801-52451,RB,Samaje,Samaje Perine,Perine,3.3499999046325684,2,5000,CIN@NYJ,CIN,NYJ,,,,,,RB/FLEX
80801-40167,RB,Gus,Gus Edwards,Edwards,,,5000,BAL@NE,BAL,NE,NA,Knee - acl,,,,RB/FLEX
80801-54608,RB,Jerick,Jerick McKinnon,McKinnon,7.5,2,5000,KC@IND,KC,IND,,,,,,RB/FLEX
80801-73247,RB,Kene,Kene Nwangwu,Nwangwu,0,2,5000,DET@MIN,MIN,DET,,,,,,RB/FLEX
80801-91872,RB,Joshua,Joshua Kelley,Kelley,3.75,2,5000,JAC@LAC,LAC,JAC,,,,,,RB/FLEX
80801-85762,RB,Eno,Eno Benjamin,Benjamin,7.099999904632568,2,5000,LAR@ARI,ARI,LAR,,,,,,RB/FLEX
80801-71444,RB,Travis,Travis Homer,Homer,3.200000047683716,2,5000,ATL@SEA,SEA,ATL,,,,,,RB/FLEX
80801-61273,WR,Scotty,Scotty Miller,Miller,5.699999809265137,1,5000,GB@TB,TB,GB,,,,,,WR/FLEX
80801-14257,WR,Randall,Randall Cobb,Cobb,3.799999952316284,2,5000,GB@TB,GB,TB,Q,Illness,,,,WR/FLEX
80801-104424,RB,Craig,Craig Reynolds,Reynolds,3.4000000953674316,1,5000,DET@MIN,DET,MIN,,,,,,RB/FLEX
80801-12527,D,Chicago,Chicago Bears,Bears,7.5,2,4900,HOU@CHI,CHI,HOU,,,,,,DEF
80801-53640,RB,Sony,Sony Michel,Michel,1.7999999523162842,2,4900,JAC@LAC,LAC,JAC,,,,,,RB/FLEX
80801-55694,WR,Mike,Mike Thomas,Thomas,3,1,4900,CIN@NYJ,CIN,NYJ,,,,,,WR/FLEX
80801-53913,WR,Cody,Cody Hollister,Hollister,2.700000047683716,1,4900,LV@TEN,TEN,LV,,,,,,WR/FLEX
80801-56262,WR,Parris,Parris Campbell,Campbell,2.5999999046325684,2,4900,KC@IND,IND,KC,,,,,,WR/FLEX
80801-40126,TE,Austin,Austin Hooper,Hooper,1.75,2,4900,LV@TEN,TEN,LV,,,,,,TE/FLEX
80801-71105,WR,Ben,Ben Skowronek,Skowronek,3.549999952316284,2,4900,LAR@ARI,LAR,ARI,,,,,,WR/FLEX
80801-69276,WR,Bryan,Bryan Edwards,Edwards,0.3499999940395355,2,4900,ATL@SEA,ATL,SEA,,,,,,WR/FLEX
80801-52897,RB,Darrel,Darrel Williams,Williams,13.199999809265137,1,4900,LAR@ARI,ARI,LAR,,,,,,RB/FLEX
80801-22288,WR,Cole,Cole Beasley,Beasley,7.2055553860134545,18,4900,GB@TB,TB,GB,,,,,,WR/FLEX
80801-71521,RB,Justice,Justice Hill,Hill,1.850000023841858,2,4900,BAL@NE,BAL,NE,,,,,,RB/FLEX
80801-69581,WR,Cedrick,Cedrick Wilson Jr.,Wilson Jr.,1.899999976158142,2,4900,BUF@MIA,MIA,BUF,Q,Ribs,,,,WR/FLEX
80801-71705,TE,Noah,Noah Fant,Fant,2.5999999046325684,2,4800,ATL@SEA,SEA,ATL,,,,,,TE/FLEX
80801-79979,WR,Jamal,Jamal Agnew,Agnew,0.8999999761581421,2,4800,JAC@LAC,JAC,LAC,,,,,,WR/FLEX
80801-12540,D,Minnesota,Minnesota Vikings,Vikings,9.5,2,4800,DET@MIN,MIN,DET,,,,,,DEF
80801-90428,RB,Tyler,Tyler Allgeier,Allgeier,3,1,4800,ATL@SEA,ATL,SEA,,,,,,RB/FLEX
80801-22898,RB,Brandon,Brandon Bolden,Bolden,9.800000190734863,1,4800,LV@TEN,LV,TEN,,,,,,RB/FLEX
80801-80353,TE,Robert,Robert Tonyan,Tonyan,3.5999999046325684,2,4800,GB@TB,GB,TB,,,,,,TE/FLEX
80801-72182,WR,Dee,Dee Eskridge,Eskridge,0.800000011920929,2,4800,ATL@SEA,SEA,ATL,,,,,,WR/FLEX
80801-27441,RB,Damien,Damien Williams,Williams,0.20000000298023224,1,4800,ATL@SEA,ATL,SEA,IR,Ribs,,,,RB/FLEX
80801-56142,WR,Juwann,Juwann Winfree,Winfree,2.200000047683716,1,4800,GB@TB,GB,TB,,,,,,WR/FLEX
80801-52495,WR,Braxton,Braxton Berrios,Berrios,4.199999809265137,2,4800,CIN@NYJ,NYJ,CIN,,,,,,WR/FLEX
80801-64808,TE,Juwan,Juwan Johnson,Johnson,5.650000095367432,2,4800,NO@CAR,NO,CAR,,,,,,TE/FLEX
80801-73121,RB,Tony,Tony Jones Jr.,Jones Jr.,3,1,4800,NO@CAR,NO,CAR,,,,,,RB/FLEX
80801-91677,WR,Shi,Shi Smith,Smith,1.2000000476837158,2,4800,NO@CAR,CAR,NO,,,,,,WR/FLEX
80801-94087,RB,DeeJay,DeeJay Dallas,Dallas,-0.5,2,4800,ATL@SEA,SEA,ATL,,,,,,RB/FLEX
80801-40845,TE,Hunter,Hunter Henry,Henry,1.5,2,4800,BAL@NE,NE,BAL,,,,,,TE/FLEX
80801-86113,WR,Ihmir,Ihmir Smith-Marsette,Smith-Marsette,0,1,4700,HOU@CHI,CHI,HOU,,,,,,WR/FLEX
80801-79998,WR,Keelan,Keelan Cole,Cole,4.635714394705636,14,4700,LV@TEN,LV,TEN,,,,,,WR/FLEX
80801-12551,D,Tampa Bay,Tampa Bay Buccaneers,Buccaneers,19.5,2,4700,GB@TB,TB,GB,,,,,,DEF
80801-39286,TE,O.J.,O.J. Howard,Howard,9,2,4700,HOU@CHI,HOU,CHI,,,,,,TE/FLEX
80801-55830,RB,D'Onta,D'Onta Foreman,Foreman,0.699999988079071,2,4700,NO@CAR,CAR,NO,,,,,,RB/FLEX
80801-27229,RB,Ameer,Ameer Abdullah,Abdullah,1.399999976158142,2,4700,LV@TEN,LV,TEN,,,,,,RB/FLEX
80801-55970,RB,Royce,Royce Freeman,Freeman,2.6909091255881568,11,4700,HOU@CHI,HOU,CHI,,,,,,RB/FLEX
80801-25290,RB,Giovani,Giovani Bernard,Bernard,0,1,4700,GB@TB,TB,GB,IR,Ankle,,,,RB/FLEX
80801-56059,WR,Trent,Trent Sherfield,Sherfield,1.600000023841858,2,4700,BUF@MIA,MIA,BUF,,,,,,WR/FLEX
80801-93134,RB,Deon,Deon Jackson,Jackson,-0.30000001192092896,1,4700,KC@IND,IND,KC,,,,,,RB/FLEX
80801-29734,RB,Ty,Ty Montgomery,Montgomery,8.800000190734863,1,4700,BAL@NE,NE,BAL,IR,Knee,,,,RB/FLEX
80801-72772,RB,Avery,Avery Williams,Williams,1.5499999523162842,2,4700,ATL@SEA,ATL,SEA,,,,,,RB/FLEX
80801-52345,WR,Brandon,Brandon Powell,Powell,0.15000000596046448,2,4700,LAR@ARI,LAR,ARI,,,,,,WR/FLEX
80801-64843,WR,Jalen,Jalen Guyton,Guyton,0,1,4700,JAC@LAC,LAC,JAC,,,,,,WR/FLEX
80801-71031,WR,Lil'Jordan,Lil'Jordan Humphrey,Humphrey,1.600000023841858,1,4700,BAL@NE,NE,BAL,,,,,,WR/FLEX
80801-112062,WR,Skyy,Skyy Moore,Moore,1.75,2,4700,KC@IND,KC,IND,,,,,,WR/FLEX
80801-71143,TE,Kylen,Kylen Granson,Granson,3.049999952316284,2,4700,KC@IND,IND,KC,,,,,,TE/FLEX
80801-32243,WR,Marquise,Marquise Goodwin,Goodwin,1.600000023841858,2,4700,ATL@SEA,SEA,ATL,,,,,,WR/FLEX
80801-63050,RB,Ty,Ty Johnson,Johnson,0.8999999761581421,1,4700,CIN@NYJ,NYJ,CIN,,,,,,RB/FLEX
80801-38523,TE,Geoff,Geoff Swaim,Swaim,3.4000000953674316,1,4700,LV@TEN,TEN,LV,,,,,,TE/FLEX
80801-30403,WR,Chris,Chris Conley,Conley,0,1,4700,HOU@CHI,HOU,CHI,,,,,,WR/FLEX
80801-104176,WR,Deonte,Deonte Harty,Harty,1.149999976158142,2,4700,NO@CAR,NO,CAR,,,,,,WR/FLEX
80801-69383,WR,Dezmon,Dezmon Patmon,Patmon,3.4000000953674316,1,4700,KC@IND,IND,KC,,,,,,WR/FLEX
80801-34729,RB,Dwayne,Dwayne Washington,Washington,1.7999999523162842,1,4700,NO@CAR,NO,CAR,,,,,,RB/FLEX
80801-63419,WR,Andy,Andy Isabella,Isabella,1.5,1,4700,LAR@ARI,ARI,LAR,,,,,,WR/FLEX
80801-71723,WR,Dez,Dez Fitzpatrick,Fitzpatrick,4.466666539510091,3,4600,LV@TEN,TEN,LV,,,,,,WR/FLEX
80801-79920,WR,Cyril,Cyril Grayson Jr.,Grayson Jr.,13.199999491373697,3,4600,GB@TB,TB,GB,Q,Undisclosed,,,,WR/FLEX
80801-63591,RB,Ronald,Ronald Jones II,Jones II,4.946666463216146,15,4600,KC@IND,KC,IND,,,,,,RB/FLEX
80801-28827,RB,Dare,Dare Ogunbowale,Ogunbowale,4.3599998474121096,10,4600,HOU@CHI,HOU,CHI,,,,,,RB/FLEX
80801-57565,RB,Austin,Austin Walter,Walter,4.5,4,4600,LV@TEN,LV,TEN,,,,,,RB/FLEX
80801-149742,RB,Nate,Nate McCrary,McCrary,-0.10000000149011612,1,4600,BAL@NE,BAL,NE,,,,,,RB/FLEX
80801-12526,D,Buffalo,Buffalo Bills,Bills,18.5,2,4600,BUF@MIA,BUF,MIA,,,,,,DEF
80801-71957,WR,Quintez,Quintez Cephus,Cephus,8.38000030517578,5,4600,DET@MIN,DET,MIN,,,,,,WR/FLEX
80801-86312,WR,Alec,Alec Pierce,Pierce,0,1,4600,KC@IND,IND,KC,,,,,,WR/FLEX
80801-90408,WR,Dax,Dax Milne,Milne,0.550000011920929,2,4600,PHI@WAS,WAS,PHI,,,,,,WR/FLEX
80801-47523,WR,Tajae,Tajae Sharpe,Sharpe,2.5357142857142856,14,4600,HOU@CHI,CHI,HOU,,,,,,WR/FLEX
80801-92606,WR,Bo,Bo Melton,Melton,,,4600,ATL@SEA,SEA,ATL,,,,,,WR/FLEX
80801-90562,RB,Brian,Brian Robinson Jr.,Robinson Jr.,,,4600,PHI@WAS,WAS,PHI,IR,Knee,,,,RB/FLEX
80801-72133,WR,Antoine,Antoine Wesley,Wesley,5.588888804117839,9,4600,LAR@ARI,ARI,LAR,IR,Hip,,,,WR/FLEX
80801-41426,RB,Phillip,Phillip Lindsay,Lindsay,3.1000001089913503,14,4600,KC@IND,IND,KC,,,,,,RB/FLEX
80801-86518,WR,Khalil,Khalil Shakir,Shakir,0,1,4600,BUF@MIA,BUF,MIA,,,,,,WR/FLEX
80801-88699,RB,Jaret,Jaret Patterson,Patterson,3.6357143947056363,14,4600,PHI@WAS,WAS,PHI,,,,,,RB/FLEX
80801-94887,RB,Tyler,Tyler Badie,Badie,,,4600,BAL@NE,BAL,NE,,,,,,RB/FLEX
80801-72370,RB,J.J.,J.J. Taylor,Taylor,3.3,5,4600,BAL@NE,NE,BAL,,,,,,RB/FLEX
80801-94936,RB,Larry,Larry Rountree III,Rountree III,1.677777820163303,9,4600,JAC@LAC,LAC,JAC,,,,,,RB/FLEX
80801-45791,WR,Rashard,Rashard Higgins,Higgins,3.7916666666666665,12,4600,NO@CAR,CAR,NO,,,,,,WR/FLEX
80801-29411,TE,Pharaoh,Pharaoh Brown,Brown,3.049999952316284,2,4600,HOU@CHI,HOU,CHI,Q,Shoulder,,,,TE/FLEX
80801-72453,WR,Denzel,Denzel Mims,Mims,1.7299999237060546,10,4600,CIN@NYJ,NYJ,CIN,,,,,,WR/FLEX
80801-70422,WR,Kalif,Kalif Raymond,Raymond,0,2,4600,DET@MIN,DET,MIN,,,,,,WR/FLEX
80801-92976,WR,Tutu,Tutu Atwell,Atwell,0,1,4600,LAR@ARI,LAR,ARI,,,,,,WR/FLEX
80801-72515,TE,Ian,Ian Thomas,Thomas,4.050000190734863,2,4600,NO@CAR,CAR,NO,,,,,,TE/FLEX
80801-64339,WR,Auden,Auden Tate,Tate,2.8499999046325684,4,4600,PHI@WAS,PHI,WAS,,,,,,WR/FLEX
80801-64350,WR,Jeff,Jeff Smith,Smith,2.200000047683716,1,4600,CIN@NYJ,NYJ,CIN,,,,,,WR/FLEX
80801-93023,RB,Jermar,Jermar Jefferson,Jefferson,5.925000190734863,4,4600,DET@MIN,DET,MIN,,,,,,RB/FLEX
80801-41997,WR,River,River Cracraft,Cracraft,6.699999809265137,1,4600,BUF@MIA,MIA,BUF,,,,,,WR/FLEX
80801-87122,WR,Lynn,Lynn Bowden Jr.,Bowden Jr.,,,4600,BAL@NE,NE,BAL,,,,,,WR/FLEX
80801-91225,RB,Kylin,Kylin Hill,Hill,0.42500001192092896,8,4600,GB@TB,GB,TB,NA,Knee - acl,,,,RB/FLEX
80801-68712,WR,Tyler,Tyler Johnson,Johnson,3.588235294117647,17,4600,HOU@CHI,HOU,CHI,,,,,,WR/FLEX
80801-54472,WR,Cam,Cam Sims,Sims,0,2,4600,PHI@WAS,WAS,PHI,,,,,,WR/FLEX
80801-25813,WR,Phillip,Phillip Dorsett II,Dorsett II,0,1,4600,HOU@CHI,HOU,CHI,,,,,,WR/FLEX
80801-93404,RB,Zander,Zander Horvath,Horvath,7.199999809265137,2,4600,JAC@LAC,LAC,JAC,,,,,,RB/FLEX
80801-29949,WR,Marvin,Marvin Hall,Hall,1.5,1,4600,JAC@LAC,JAC,LAC,,,,,,WR/FLEX
80801-64786,RB,Ryquell,Ryquell Armstead,Armstead,5.550000190734863,2,4600,JAC@LAC,JAC,LAC,,,,,,RB/FLEX
80801-93538,WR,Dyami,Dyami Brown,Brown,2.4555555979410806,9,4600,PHI@WAS,WAS,PHI,,,,,,WR/FLEX
80801-93577,WR,Dazz,Dazz Newsome,Newsome,1.099999984105428,3,4600,HOU@CHI,CHI,HOU,,,,,,WR/FLEX
80801-87467,RB,Chuba,Chuba Hubbard,Hubbard,-0.8500000238418579,2,4600,NO@CAR,CAR,NO,,,,,,RB/FLEX
80801-73130,RB,Chris,Chris Evans,Evans,3.415384732759916,13,4600,CIN@NYJ,CIN,NYJ,,,,,,RB/FLEX
80801-114100,RB,Isaiah,Isaiah Spiller,Spiller,,,4600,JAC@LAC,LAC,JAC,,,,,,RB/FLEX
80801-91578,RB,Zamir,Zamir White,White,0.20000000298023224,1,4600,LV@TEN,LV,TEN,,,,,,RB/FLEX
80801-87515,WR,Tylan,Tylan Wallace,Wallace,0.699999988079071,2,4600,BAL@NE,BAL,NE,,,,,,WR/FLEX
80801-54782,TE,Cameron,Cameron Brate,Brate,1.2999999523162842,2,4600,GB@TB,TB,GB,,,,,,TE/FLEX
80801-34331,RB,Latavius,Latavius Murray,Murray,7.0428570338657925,14,4600,NO@CAR,NO,CAR,,,,,,RB/FLEX
80801-71246,WR,Marquez,Marquez Callaway,Callaway,7.576470767750459,17,4600,NO@CAR,NO,CAR,,,,,,WR/FLEX
80801-63078,RB,Ke'Shawn,Ke'Shawn Vaughn,Vaughn,6.828571319580078,7,4600,GB@TB,TB,GB,,,,,,RB/FLEX
80801-87657,WR,Seth,Seth Williams,Williams,3.9000000953674316,1,4600,JAC@LAC,JAC,LAC,,,,,,WR/FLEX
80801-61072,WR,Stanley,Stanley Morgan,Morgan,0.6000000238418579,4,4600,CIN@NYJ,CIN,NYJ,,,,,,WR/FLEX
80801-85672,WR,Terrace,Terrace Marshall Jr.,Marshall Jr.,2.0249999364217124,12,4600,NO@CAR,CAR,NO,,,,,,WR/FLEX
80801-69303,WR,Freddie,Freddie Swain,Swain,4.352941176470588,17,4600,BUF@MIA,MIA,BUF,,,,,,WR/FLEX
80801-63186,WR,James,James Proche II,Proche II,4.028571537562779,7,4600,BAL@NE,BAL,NE,Q,Groin,,,,WR/FLEX
80801-85731,WR,Racey,Racey McMath,McMath,-0.04000000059604645,5,4600,LV@TEN,TEN,LV,IR,Undisclosed,,,,WR/FLEX
80801-87859,WR,Laviska,Laviska Shenault Jr.,Shenault Jr.,5.96875,16,4600,NO@CAR,CAR,NO,,,,,,WR/FLEX
80801-26458,WR,Tavon,Tavon Austin,Austin,3.2833334604899087,12,4600,BUF@MIA,BUF,MIA,,,,,,WR/FLEX
80801-89970,WR,Amari,Amari Rodgers,Rodgers,0,2,4600,GB@TB,GB,TB,,,,,,WR/FLEX
80801-92093,WR,Jaelon,Jaelon Darden,Darden,0.10000000149011612,2,4600,GB@TB,TB,GB,,,,,,WR/FLEX
80801-24533,TE,Mo,Mo Alie-Cox,Alie-Cox,2.5,2,4600,KC@IND,IND,KC,,,,,,TE/FLEX
80801-30678,WR,Damiere,Damiere Byrd,Byrd,4.718181956898082,11,4600,ATL@SEA,ATL,SEA,,,,,,WR/FLEX
80801-63447,WR,Penny,Penny Hart,Hart,1.0444444020589192,9,4600,ATL@SEA,SEA,ATL,,,,,,WR/FLEX
80801-57342,WR,Tre'Quan,Tre'Quan Smith,Smith,7.169999694824218,10,4600,NO@CAR,NO,CAR,,,,,,WR/FLEX
80801-169990,WR,Cyrus,Cyrus Holder,Holder,,,4500,HOU@CHI,CHI,HOU,,,,,,WR/FLEX
80801-169991,WR,Landon,Landon Lenoir,Lenoir,,,4500,HOU@CHI,CHI,HOU,,,,,,WR/FLEX
80801-169989,WR,Henry,Henry Litwin,Litwin,,,4500,HOU@CHI,CHI,HOU,,,,,,WR/FLEX
80801-170000,WR,Shemar,Shemar Bridges,Bridges,,,4500,BAL@NE,BAL,NE,Q,Undisclosed,,,,WR/FLEX
80801-55323,RB,Jaylen,Jaylen Samuels,Samuels,1.2666666507720947,3,4500,LAR@ARI,ARI,LAR,,,,,,RB/FLEX
80801-133163,WR,Ra'Shaun,Ra'Shaun Henry,Henry,,,4500,NO@CAR,CAR,NO,,,,,,WR/FLEX
80801-63550,WR,Isaiah,Isaiah Zuber,Zuber,,,4500,LV@TEN,LV,TEN,,,,,,WR/FLEX
80801-94277,WR,Thomas,Thomas Hennigan,Hennigan,,,4500,DET@MIN,MIN,DET,IR,Undisclosed,,,,WR/FLEX
80801-71756,WR,Aaron,Aaron Fuller,Fuller,,,4500,ATL@SEA,SEA,ATL,,,,,,WR/FLEX
80801-41042,WR,Marcell,Marcell Ateman,Ateman,,,4500,LAR@ARI,ARI,LAR,,,,,,WR/FLEX
80801-57432,WR,Cameron,Cameron Batson,Batson,2.5,4,4500,ATL@SEA,ATL,SEA,,,,,,WR/FLEX
80801-63576,WR,Kirk,Kirk Merritt,Merritt,1.7999999523162842,1,4500,NO@CAR,NO,CAR,,,,,,WR/FLEX
80801-65627,WR,Maurice,Maurice Alexander,Alexander,,,4500,DET@MIN,DET,MIN,,,,,,WR/FLEX
80801-94310,WR,Malik,Malik Williams,Williams,,,4500,BUF@MIA,BUF,MIA,,,,,,WR/FLEX
80801-79982,RB,Alex,Alex Armah,Armah,1.4499999682108562,6,4500,PHI@WAS,WAS,PHI,Q,Undisclosed,,,,RB/FLEX
80801-79987,WR,David,David Moore,Moore,0,2,4500,HOU@CHI,CHI,HOU,Q,Lower leg,,,,WR/FLEX
80801-63603,WR,Jared,Jared Pinkney,Pinkney,,,4500,LAR@ARI,LAR,ARI,,,,,,WR/FLEX
80801-55414,WR,Cody,Cody Thompson,Thompson,,,4500,ATL@SEA,SEA,ATL,IR,Shoulder,,,,WR/FLEX
80801-69769,RB,Darius,Darius Bradwell,Bradwell,0,1,4500,NO@CAR,CAR,NO,,,,,,RB/FLEX
80801-71821,WR,Joe,Joe Reed,Reed,,,4500,JAC@LAC,LAC,JAC,,,,,,WR/FLEX
80801-112790,WR,Trevon,Trevon Clark,Clark,,,4500,BAL@NE,BAL,NE,,,,,,WR/FLEX
80801-86173,RB,Mekhi,Mekhi Sargent,Sargent,0.2750000059604645,4,4500,JAC@LAC,JAC,LAC,,,,,,RB/FLEX
80801-63646,WR,Lawrence,Lawrence Cager,Cager,0,1,4500,CIN@NYJ,NYJ,CIN,,,,,,WR/FLEX
80801-84137,WR,Deontez,Deontez Alexander,Alexander,,,4500,ATL@SEA,SEA,ATL,,,,,,WR/FLEX
80801-61610,RB,Jacques,Jacques Patrick,Patrick,1.2000000476837158,1,4500,CIN@NYJ,CIN,NYJ,,,,,,RB/FLEX
80801-65724,RB,JaMycal,JaMycal Hasty,Hasty,2.7928570338657925,14,4500,JAC@LAC,JAC,LAC,,,,,,RB/FLEX
80801-61631,WR,Bisi,Bisi Johnson,Johnson,,,4500,DET@MIN,MIN,DET,IR,Knee - acl,,,,WR/FLEX
80801-63717,RB,Alec,Alec Ingold,Ingold,2.049999952316284,2,4500,BUF@MIA,MIA,BUF,,,,,,RB/FLEX
80801-69860,RB,Trayveon,Trayveon Williams,Williams,3,2,4500,CIN@NYJ,CIN,NYJ,,,,,,RB/FLEX
80801-170219,WR,Kevin,Kevin Kassis,Kassis,,,4500,ATL@SEA,SEA,ATL,,,,,,WR/FLEX
80801-28907,WR,Alex,Alex Erickson,Erickson,0.5833333333333334,12,4500,PHI@WAS,WAS,PHI,,,,,,WR/FLEX
80801-88307,RB,Tayon,Tayon Fleet-Davis,Fleet-Davis,,,4500,KC@IND,KC,IND,,,,,,RB/FLEX
80801-94453,RB,Darwin,Darwin Thompson,Thompson,,,4500,ATL@SEA,SEA,ATL,,,,,,RB/FLEX
80801-45307,WR,Rodney,Rodney Adams,Adams,0,1,4500,CIN@NYJ,NYJ,CIN,IR,Illness,,,,WR/FLEX
80801-69884,RB,Darius,Darius Anderson,Anderson,,,4500,HOU@CHI,HOU,CHI,IR,Knee,,,,RB/FLEX
80801-71935,WR,Kendric,Kendric Pryor,Pryor,,,4500,JAC@LAC,JAC,LAC,,,,,,WR/FLEX
80801-12548,D,Los Angeles,Los Angeles Chargers,Chargers,7,2,4500,JAC@LAC,LAC,JAC,,,,,,DEF
80801-94468,WR,Savon,Savon Scarver,Scarver,,,4500,HOU@CHI,CHI,HOU,,,,,,WR/FLEX
80801-90380,WR,Neil,Neil Pau'u,Pau'u,,,4500,BUF@MIA,BUF,MIA,,,,,,WR/FLEX
80801-94481,WR,Deven,Deven Thompkins,Thompkins,,,4500,GB@TB,TB,GB,,,,,,WR/FLEX
80801-102696,WR,John,John Metchie III,Metchie III,,,4500,HOU@CHI,HOU,CHI,IR,Illness,,,,WR/FLEX
80801-170287,WR,Rashid,Rashid Shaheed,Shaheed,,,4500,NO@CAR,NO,CAR,,,,,,WR/FLEX
80801-57651,WR,Travis,Travis Fulgham,Fulgham,,,4500,GB@TB,GB,TB,,,,,,WR/FLEX
80801-102729,RB,Snoop,Snoop Conner,Conner,,,4500,JAC@LAC,JAC,LAC,,,,,,RB/FLEX
80801-90458,RB,Troy,Troy Hairston,Hairston,1,1,4500,HOU@CHI,HOU,CHI,,,,,,RB/FLEX
80801-102762,RB,Kevin,Kevin Harris,Harris,,,4500,BAL@NE,NE,BAL,,,,,,RB/FLEX
80801-88430,RB,CJ,CJ Verdell,Verdell,,,4500,KC@IND,IND,KC,,,,,,RB/FLEX
80801-92545,RB,Keaontay,Keaontay Ingram,Ingram,,,4500,LAR@ARI,ARI,LAR,,,,,,RB/FLEX
80801-70023,WR,Cornell,Cornell Powell,Powell,,,4500,KC@IND,KC,IND,,,,,,WR/FLEX
80801-47501,WR,Marken,Marken Michel,Michel,,,4500,PHI@WAS,WAS,PHI,,,,,,WR/FLEX
80801-88463,WR,Johnny,Johnny Johnson III,Johnson III,,,4500,HOU@CHI,HOU,CHI,,,,,,WR/FLEX
80801-102802,WR,Makai,Makai Polk,Polk,,,4500,BAL@NE,BAL,NE,,,,,,WR/FLEX
80801-90518,WR,Slade,Slade Bolden,Bolden,,,4500,BAL@NE,BAL,NE,IR,Undisclosed,,,,WR/FLEX
80801-43416,WR,Trent,Trent Taylor,Taylor,0,2,4500,CIN@NYJ,CIN,NYJ,,,,,,WR/FLEX
80801-72091,RB,Raymond,Raymond Calais,Calais,,,4500,LAR@ARI,LAR,ARI,,,,,,RB/FLEX
80801-111012,WR,Kaylon,Kaylon Geiger Sr.,Geiger Sr.,,,4500,GB@TB,TB,GB,,,,,,WR/FLEX
80801-72103,RB,Trey,Trey Ragas,Ragas,2.5,1,4500,LAR@ARI,LAR,ARI,Q,Undisclosed,,,,RB/FLEX
80801-80299,RB,Patrick,Patrick Ricard,Ricard,0.8500000238418579,2,4500,BAL@NE,BAL,NE,,,,,,RB/FLEX
80801-92590,RB,Raheem,Raheem Blackshear,Blackshear,,,4500,NO@CAR,CAR,NO,,,,,,RB/FLEX
80801-72122,WR,Jake,Jake Herslow,Herslow,,,4500,ATL@SEA,SEA,ATL,,,,,,WR/FLEX
80801-55750,WR,Chris,Chris Lacy,Lacy,,,4500,LV@TEN,LV,TEN,,,,,,WR/FLEX
80801-86472,WR,John,John Hightower,Hightower,0,1,4500,PHI@WAS,PHI,WAS,,,,,,WR/FLEX
80801-96714,WR,Travis,Travis Toivonen,Toivonen,,,4500,DET@MIN,MIN,DET,,,,,,WR/FLEX
80801-88525,WR,Kawaan,Kawaan Baker,Baker,,,4500,NO@CAR,NO,CAR,IR,Suspension,,,,WR/FLEX
80801-31184,RB,Jonathan,Jonathan Williams,Williams,3.7400001525878905,5,4500,PHI@WAS,WAS,PHI,,,,,,RB/FLEX
80801-109015,WR,Keric,Keric Wheatfall,Wheatfall,,,4500,PHI@WAS,PHI,WAS,Q,Undisclosed,,,,WR/FLEX
80801-14820,RB,Nick,Nick Bellore,Bellore,0.8999999761581421,1,4500,ATL@SEA,SEA,ATL,,,,,,RB/FLEX
80801-31207,TE,C.J.,C.J. Uzomah,Uzomah,6.594999694824219,20,4500,CIN@NYJ,NYJ,CIN,Q,Hamstring,,,,TE/FLEX
80801-152042,WR,Drew,Drew Estrada,Estrada,,,4500,HOU@CHI,HOU,CHI,Q,Leg,,,,WR/FLEX
80801-72174,WR,Andrew,Andrew Parchment,Parchment,,,4500,NO@CAR,CAR,NO,Q,Undisclosed,,,,WR/FLEX
80801-113138,WR,Talolo,Talolo Limu-Jones,Limu-Jones,,,4500,NO@CAR,CAR,NO,,,,,,WR/FLEX
80801-70133,RB,Jake,Jake Funk,Funk,0.2,5,4500,LAR@ARI,LAR,ARI,,,,,,RB/FLEX
80801-86543,WR,Erik,Erik Ezukanma,Ezukanma,,,4500,BUF@MIA,MIA,BUF,,,,,,WR/FLEX
80801-88590,RB,Scottie,Scottie Phillips,Phillips,1.600000023841858,2,4500,HOU@CHI,HOU,CHI,,,,,,RB/FLEX
80801-88607,WR,Braylon,Braylon Sanders,Sanders,,,4500,BUF@MIA,MIA,BUF,,,,,,WR/FLEX
80801-96798,RB,Josh,Josh Johnson,Johnson,,,4500,ATL@SEA,SEA,ATL,Q,Undisclosed,,,,RB/FLEX
80801-72235,WR,Damon,Damon Hazelton,Hazelton,,,4500,HOU@CHI,HOU,CHI,,,,,,WR/FLEX
80801-160306,RB,Pierre,Pierre Strong Jr.,Strong Jr.,0,1,4500,BAL@NE,NE,BAL,,,,,,RB/FLEX
80801-150090,WR,Cade,Cade Johnson,Johnson,,,4500,ATL@SEA,SEA,ATL,,,,,,WR/FLEX
80801-62042,WR,Deon,Deon Cain,Cain,,,4500,PHI@WAS,PHI,WAS,,,,,,WR/FLEX
80801-86635,WR,Charleston,Charleston Rambo,Rambo,,,4500,NO@CAR,CAR,NO,,,,,,WR/FLEX
80801-86634,RB,TJ,TJ Pledger,Pledger,,,4500,LAR@ARI,ARI,LAR,,,,,,RB/FLEX
80801-88685,WR,Austin,Austin Trammell,Trammell,,,4500,LAR@ARI,LAR,ARI,,,,,,WR/FLEX
80801-86646,RB,Trey,Trey Sermon,Sermon,5.3599998474121096,5,4500,PHI@WAS,PHI,WAS,,,,,,RB/FLEX
80801-86657,RB,Kennedy,Kennedy Brooks,Brooks,,,4500,PHI@WAS,PHI,WAS,,,,,,RB/FLEX
80801-88707,RB,Kevin,Kevin Marks Jr.,Marks Jr.,,,4500,JAC@LAC,LAC,JAC,,,,,,RB/FLEX
80801-55941,RB,Patrick,Patrick Laird,Laird,1.1999999682108562,3,4500,GB@TB,TB,GB,,,,,,RB/FLEX
80801-27273,RB,Andy,Andy Janovich,Janovich,2.0799999237060547,5,4500,HOU@CHI,HOU,CHI,,,,,,RB/FLEX
80801-64147,WR,Britain,Britain Covey,Covey,0,2,4500,PHI@WAS,PHI,WAS,,,,,,WR/FLEX
80801-23194,WR,Josh,Josh Gordon,Gordon,0,1,4500,LV@TEN,TEN,LV,,,,,,WR/FLEX
80801-29357,RB,Kenjon,Kenjon Barner,Barner,0,3,4500,GB@TB,TB,GB,IR,Undisclosed,,,,RB/FLEX
80801-92859,WR,Jalen,Jalen Nailor,Nailor,,,4500,DET@MIN,MIN,DET,,,,,,WR/FLEX
80801-72382,RB,Gabe,Gabe Nabers,Nabers,0.8,5,4500,JAC@LAC,LAC,JAC,,,,,,RB/FLEX
80801-139971,WR,Jerreth,Jerreth Sterns,Sterns,,,4500,GB@TB,TB,GB,,,,,,WR/FLEX
80801-80584,WR,Lance,Lance Lenoir,Lenoir,,,4500,PHI@WAS,PHI,WAS,Q,Undisclosed,,,,WR/FLEX
80801-53967,RB,Nick,Nick Bawden,Bawden,2.5,1,4500,CIN@NYJ,NYJ,CIN,IR,Undisclosed,,,,RB/FLEX
80801-64222,RB,Jordan,Jordan Glasgow,Glasgow,,,4500,KC@IND,IND,KC,Q,Undisclosed,,,,RB/FLEX
80801-56041,RB,Khari,Khari Blasingame,Blasingame,0,4,4500,HOU@CHI,CHI,HOU,,,,,,RB/FLEX
80801-72427,WR,Kwamie,Kwamie Lassiter II,Lassiter II,,,4500,CIN@NYJ,CIN,NYJ,,,,,,WR/FLEX
80801-64242,WR,Keke,Keke Coutee,Coutee,0,1,4500,KC@IND,IND,KC,,,,,,WR/FLEX
80801-86780,RB,Salvon,Salvon Ahmed,Ahmed,2.9636362249200996,11,4500,BUF@MIA,MIA,BUF,,,,,,RB/FLEX
80801-94975,WR,Stephon,Stephon Robinson Jr.,Robinson Jr.,,,4500,LAR@ARI,ARI,LAR,,,,,,WR/FLEX
80801-41741,WR,DaeSean,DaeSean Hamilton,Hamilton,,,4500,HOU@CHI,HOU,CHI,Q,Knee,,,,WR/FLEX
80801-94993,RB,Pooka,Pooka Williams Jr.,Williams Jr.,0,1,4500,CIN@NYJ,CIN,NYJ,,,,,,RB/FLEX
80801-111377,RB,De'Montre,De'Montre Tuggle,Tuggle,,,4500,HOU@CHI,CHI,HOU,,,,,,RB/FLEX
80801-31524,WR,Cody,Cody Core,Core,,,4500,BUF@MIA,MIA,BUF,Q,Undisclosed,,,,WR/FLEX
80801-82731,WR,Brandon,Brandon Zylstra,Zylstra,4.444444444444445,9,4500,NO@CAR,CAR,NO,,,,,,WR/FLEX
80801-72493,WR,Trishton,Trishton Jackson,Jackson,,,4500,DET@MIN,MIN,DET,,,,,,WR/FLEX
80801-41806,WR,Laquon,Laquon Treadwell,Treadwell,5.491666793823242,12,4500,BAL@NE,NE,BAL,,,,,,WR/FLEX
80801-88915,RB,Bryant,Bryant Koback,Koback,,,4500,DET@MIN,MIN,DET,,,,,,RB/FLEX
80801-103252,RB,Zonovan,Zonovan Knight,Knight,,,4500,CIN@NYJ,NYJ,CIN,,,,,,RB/FLEX
80801-93016,RB,B.J.,B.J. Baylor,Baylor,,,4500,ATL@SEA,ATL,SEA,,,,,,RB/FLEX
80801-70501,RB,C.J.,C.J. Ham,Ham,1.100000023841858,1,4500,DET@MIN,MIN,DET,,,,,,RB/FLEX
80801-93055,WR,Isaiah,Isaiah Hodgins,Hodgins,,,4500,BUF@MIA,BUF,MIA,,,,,,WR/FLEX
80801-70531,WR,Jack,Jack Sorenson,Sorenson,,,4500,CIN@NYJ,CIN,NYJ,,,,,,WR/FLEX
80801-91012,RB,Greg,Greg Bell,Bell,,,4500,DET@MIN,DET,MIN,IR,Hamstring,,,,RB/FLEX
80801-43912,WR,Chad,Chad Beebe,Beebe,,,4500,HOU@CHI,HOU,CHI,,,,,,WR/FLEX
80801-41867,RB,Jordan,Jordan Wilkins,Wilkins,0,1,4500,LV@TEN,TEN,LV,,,,,,RB/FLEX
80801-64403,WR,Irvin,Irvin Charles,Charles,,,4500,CIN@NYJ,NYJ,CIN,,,,,,WR/FLEX
80801-64405,WR,Dan,Dan Chisena,Chisena,,,4500,DET@MIN,MIN,DET,Q,Lower leg,,,,WR/FLEX
80801-88995,WR,Reggie,Reggie Roberson Jr.,Roberson Jr.,,,4500,LV@TEN,TEN,LV,,,,,,WR/FLEX
80801-45997,WR,Keith,Keith Kirkwood,Kirkwood,1.0666666825612385,3,4500,NO@CAR,CAR,NO,,,,,,WR/FLEX
80801-91055,WR,Kevin,Kevin Austin Jr.,Austin Jr.,,,4500,JAC@LAC,JAC,LAC,,,,,,WR/FLEX
80801-103352,RB,Christian,Christian Wade,Wade,,,4500,BUF@MIA,BUF,MIA,,,,,,RB/FLEX
80801-43973,RB,Keith,Keith Smith,Smith,1.199999982660467,11,4500,ATL@SEA,ATL,SEA,,,,,,RB/FLEX
80801-86984,WR,Devon,Devon Williams,Williams,,,4500,BAL@NE,BAL,NE,,,,,,WR/FLEX
80801-91085,WR,Michael,Michael Young Jr.,Young Jr.,,,4500,KC@IND,IND,KC,,,,,,WR/FLEX
80801-138189,WR,Changa,Changa Hodge,Hodge,,,4500,LAR@ARI,ARI,LAR,,,,,,WR/FLEX
80801-56289,RB,Jason,Jason Cabinda,Cabinda,1.6999999455043249,7,4500,DET@MIN,DET,MIN,NA,Ankle,,,,RB/FLEX
80801-41954,WR,Victor,Victor Bolden Jr.,Bolden Jr.,,,4500,LAR@ARI,ARI,LAR,Q,Undisclosed,,,,WR/FLEX
80801-31732,WR,Corey,Corey Coleman,Coleman,,,4500,KC@IND,KC,IND,,,,,,WR/FLEX
80801-48116,TE,Jonnu,Jonnu Smith,Smith,2.4000000953674316,2,4500,BAL@NE,NE,BAL,,,,,,TE/FLEX
80801-93187,RB,D'vonte,D'vonte Price,Price,,,4500,KC@IND,IND,KC,,,,,,RB/FLEX
80801-70661,WR,Velus,Velus Jones Jr.,Jones Jr.,,,4500,HOU@CHI,CHI,HOU,D,Hamstring,,,,WR/FLEX
80801-70663,WR,Frank,Frank Darby,Darby,0.949999988079071,2,4500,ATL@SEA,ATL,SEA,,,,,,WR/FLEX
80801-111631,WR,Jameson,Jameson Williams,Williams,,,4500,DET@MIN,DET,MIN,IR,Knee - acl,,,,WR/FLEX
80801-27671,WR,Jake,Jake Kumerow,Kumerow,6,1,4500,BUF@MIA,BUF,MIA,,,,,,WR/FLEX
80801-70680,WR,Jalen,Jalen Camp,Camp,,,4500,HOU@CHI,HOU,CHI,,,,,,WR/FLEX
80801-56356,WR,Isaiah,Isaiah Ford,Ford,3.4099998474121094,10,4500,KC@IND,IND,KC,,,,,,WR/FLEX
80801-89127,WR,Justin,Justin Hall,Hall,,,4500,LV@TEN,LV,TEN,,,,,,WR/FLEX
80801-154661,WR,Michael,Michael Bandy,Bandy,0,1,4500,JAC@LAC,LAC,JAC,,,,,,WR/FLEX
80801-64555,WR,Calvin,Calvin Ridley,Ridley,11.11999969482422,5,4500,ATL@SEA,ATL,SEA,IR,Suspension,,,,WR/FLEX
80801-152631,WR,Samori,Samori Toure,Toure,,,4500,GB@TB,GB,TB,,,,,,WR/FLEX
80801-64575,RB,Derrick,Derrick Gore,Gore,5.822222391764323,9,4500,KC@IND,KC,IND,Q,Thumb,,,,RB/FLEX
80801-89157,RB,Caleb,Caleb Huntley,Huntley,0.30000001192092896,1,4500,ATL@SEA,ATL,SEA,,,,,,RB/FLEX
80801-27721,WR,Justin,Justin Hardee Sr.,Hardee Sr.,0,1,4500,CIN@NYJ,NYJ,CIN,,,,,,WR/FLEX
80801-87112,WR,Josh,Josh Ali,Ali,,,4500,ATL@SEA,ATL,SEA,,,,,,WR/FLEX
80801-72780,RB,Josh,Josh Hokit,Hokit,,,4500,LAR@ARI,ARI,LAR,,,,,,RB/FLEX
80801-68686,WR,C.J.,C.J. Saunders,Saunders,2.0999999046325684,1,4500,NO@CAR,CAR,NO,,,,,,WR/FLEX
80801-89172,RB,John,John Lovett,Lovett,,,4500,NO@CAR,CAR,NO,,,,,,RB/FLEX
80801-64627,WR,Scotty,Scotty Washington,Washington,,,4500,BAL@NE,NE,BAL,,,,,,WR/FLEX
80801-89209,RB,Trestan,Trestan Ebner,Ebner,0,2,4500,HOU@CHI,CHI,HOU,,,,,,RB/FLEX
80801-89214,RB,Abram,Abram Smith,Smith,,,4500,NO@CAR,NO,CAR,,,,,,RB/FLEX
80801-89220,WR,Tyquan,Tyquan Thornton,Thornton,,,4500,BAL@NE,NE,BAL,IR,Collarbone,,,,WR/FLEX
80801-111756,WR,JaVonta,JaVonta Payton,Payton,,,4500,LAR@ARI,ARI,LAR,,,,,,WR/FLEX
80801-83086,WR,Daurice,Daurice Fountain,Fountain,,,4500,KC@IND,KC,IND,,,,,,WR/FLEX
80801-83091,RB,Trenton,Trenton Cannon,Cannon,0,1,4500,LV@TEN,TEN,LV,IR,Knee,,,,RB/FLEX
80801-105648,RB,Tyler,Tyler Goodson,Goodson,,,4500,GB@TB,GB,TB,,,,,,RB/FLEX
80801-52409,RB,Jakob,Jakob Johnson,Johnson,0.6000000238418579,1,4500,LV@TEN,LV,TEN,,,,,,RB/FLEX
80801-89272,RB,ZaQuandre,ZaQuandre White,White,,,4500,BUF@MIA,MIA,BUF,,,,,,RB/FLEX
80801-52410,WR,Josh,Josh Malone,Malone,,,4500,LV@TEN,TEN,LV,,,,,,WR/FLEX
80801-40148,WR,Ishmael,Ishmael Hyman,Hyman,,,4500,GB@TB,GB,TB,Q,Undisclosed,,,,WR/FLEX
80801-48344,WR,Albert,Albert Wilson,Wilson,3.55,10,4500,DET@MIN,MIN,DET,,,,,,WR/FLEX
80801-130265,WR,John,John Hurst,Hurst,,,4500,KC@IND,IND,KC,Q,Ankle,,,,WR/FLEX
80801-87260,TE,Isaiah,Isaiah Likely,Likely,3.1500000953674316,2,4500,BAL@NE,BAL,NE,Q,Groin,,,,TE/FLEX
80801-95455,WR,D.J.,D.J. Montgomery,Montgomery,5.099999904632568,1,4500,KC@IND,IND,KC,,,,,,WR/FLEX
80801-130275,WR,Kristian,Kristian Wilkerson,Wilkerson,18.200000762939453,1,4500,BAL@NE,NE,BAL,IR,Concussion,,,,WR/FLEX
80801-130274,WR,Isaiah,Isaiah Coulter,Coulter,0,1,4500,HOU@CHI,CHI,HOU,,,,,,WR/FLEX
80801-130276,WR,Mason,Mason Kinsey,Kinsey,,,4500,LV@TEN,TEN,LV,,,,,,WR/FLEX
80801-130279,WR,Matt,Matt Cole,Cole,,,4500,PHI@WAS,WAS,PHI,,,,,,WR/FLEX
80801-25837,RB,Duke,Duke Johnson,Johnson,11.419999694824218,5,4500,BUF@MIA,BUF,MIA,,,,,,RB/FLEX
80801-70892,RB,A.J.,A.J. Rose Jr.,Rose Jr.,,,4500,LAR@ARI,LAR,ARI,,,,,,RB/FLEX
80801-101614,WR,Brandon,Brandon Lewis,Lewis,,,4500,LV@TEN,TEN,LV,,,,,,WR/FLEX
80801-11504,WR,Andre,Andre Roberts,Roberts,0,1,4500,NO@CAR,CAR,NO,IR,Knee - pcl,,,,WR/FLEX
80801-130309,WR,J.J.,J.J. Koski,Koski,-0.6666666666666666,3,4500,LAR@ARI,LAR,ARI,IR,Shoulder,,,,WR/FLEX
80801-130317,WR,Juwan,Juwan Green,Green,,,4500,LV@TEN,TEN,LV,,,,,,WR/FLEX
80801-130320,WR,Aaron,Aaron Parker,Parker,,,4500,KC@IND,KC,IND,,,,,,WR/FLEX
80801-68890,WR,Devin,Devin Gray,Gray,,,4500,KC@IND,KC,IND,,,,,,WR/FLEX
80801-60705,WR,Tyron,Tyron Johnson,Johnson,0.32499998807907104,8,4500,LV@TEN,LV,TEN,,,,,,WR/FLEX
80801-130338,WR,Rysen,Rysen John,John,,,4500,HOU@CHI,CHI,HOU,,,,,,WR/FLEX
80801-68901,RB,Gerrid,Gerrid Doaks,Doaks,,,4500,HOU@CHI,HOU,CHI,,,,,,RB/FLEX
80801-91428,WR,Tarik,Tarik Black,Black,1.5,1,4500,CIN@NYJ,NYJ,CIN,,,,,,WR/FLEX
80801-46374,WR,Tanner,Tanner Gentry,Gentry,,,4500,BUF@MIA,BUF,MIA,,,,,,WR/FLEX
80801-91431,RB,Ben,Ben Mason,Mason,,,4500,BAL@NE,BAL,NE,,,,,,RB/FLEX
80801-130343,WR,Jeff,Jeff Cotton Jr.,Cotton Jr.,,,4500,LAR@ARI,ARI,LAR,,,,,,WR/FLEX
80801-60712,TE,Foster,Foster Moreau,Moreau,4.5,1,4500,LV@TEN,LV,TEN,,,,,,TE/FLEX
80801-89384,WR,DeMichael,DeMichael Harris,Harris,,,4500,KC@IND,IND,KC,,,,,,WR/FLEX
80801-87338,WR,Jaivon,Jaivon Heiligh,Heiligh,,,4500,CIN@NYJ,CIN,NYJ,,,,,,WR/FLEX
80801-111917,WR,Keshunn,Keshunn Abram,Abram,,,4500,CIN@NYJ,NYJ,CIN,,,,,,WR/FLEX
80801-130350,WR,Jaylon,Jaylon Moore,Moore,,,4500,JAC@LAC,JAC,LAC,,,,,,WR/FLEX
80801-64828,WR,Chris,Chris Finke,Finke,,,4500,HOU@CHI,CHI,HOU,,,,,,WR/FLEX
80801-64835,RB,Dexter,Dexter Williams,Williams,,,4500,GB@TB,GB,TB,,,,,,RB/FLEX
80801-87371,RB,Ty,Ty Chandler,Chandler,,,4500,DET@MIN,MIN,DET,,,,,,RB/FLEX
80801-52560,WR,Geronimo,Geronimo Allison,Allison,0,1,4500,ATL@SEA,ATL,SEA,,,,,,WR/FLEX
80801-103764,WR,Jared,Jared Smart,Smart,,,4500,LAR@ARI,ARI,LAR,,,,,,WR/FLEX
80801-73046,WR,Tre,Tre Nixon,Nixon,,,4500,BAL@NE,NE,BAL,,,,,,WR/FLEX
80801-89437,WR,Tim,Tim Jones,Jones,,,4500,JAC@LAC,JAC,LAC,,,,,,WR/FLEX
80801-91504,WR,Blake,Blake Proehl,Proehl,,,4500,DET@MIN,MIN,DET,NA,Knee - acl,,,,WR/FLEX
80801-71039,WR,Kelvin,Kelvin Harmon,Harmon,,,4500,PHI@WAS,WAS,PHI,,,,,,WR/FLEX
80801-73088,WR,Kekoa,Kekoa Crawford,Crawford,,,4500,KC@IND,IND,KC,,,,,,WR/FLEX
80801-56708,TE,Will,Will Dissly,Dissly,6.400000095367432,2,4500,ATL@SEA,SEA,ATL,,,,,,TE/FLEX
80801-73095,WR,Samson,Samson Nacua,Nacua,,,4500,KC@IND,IND,KC,,,,,,WR/FLEX
80801-64905,WR,Trenton,Trenton Irwin,Irwin,1.100000023841858,4,4500,CIN@NYJ,CIN,NYJ,,,,,,WR/FLEX
80801-64907,WR,J.J.,J.J. Arcega-Whiteside,Arcega-Whiteside,1.149999976158142,4,4500,ATL@SEA,SEA,ATL,,,,,,WR/FLEX
80801-56716,WR,Brayden,Brayden Lenius,Lenius,,,4500,ATL@SEA,ATL,SEA,,,,,,WR/FLEX
80801-93594,RB,Leddie,Leddie Brown,Brown,,,4500,JAC@LAC,LAC,JAC,,,,,,RB/FLEX
80801-64926,WR,Michael,Michael Jacquet III,Jacquet III,,,4500,JAC@LAC,LAC,JAC,,,,,,WR/FLEX
80801-60838,WR,Andre,Andre Baccellia,Baccellia,2.200000047683716,1,4500,LAR@ARI,ARI,LAR,,,,,,WR/FLEX
80801-62891,WR,Omar,Omar Bayless,Bayless,,,4500,KC@IND,KC,IND,,,,,,WR/FLEX
80801-40365,WR,Devon,Devon Allen,Allen,,,4500,PHI@WAS,PHI,WAS,,,,,,WR/FLEX
80801-60849,WR,Blake,Blake Lynch,Lynch,,,4500,DET@MIN,MIN,DET,,,,,,WR/FLEX
80801-40371,TE,Johnny,Johnny Mundt,Mundt,3.5,2,4500,DET@MIN,MIN,DET,,,,,,TE/FLEX
80801-69056,WR,Mathew,Mathew Sexton,Sexton,,,4500,KC@IND,KC,IND,Q,Undisclosed,,,,WR/FLEX
80801-26057,RB,Michael,Michael Burton,Burton,1.2999999523162842,1,4500,KC@IND,KC,IND,,,,,,RB/FLEX
80801-69068,RB,Jonathan,Jonathan Ward,Ward,1.3666666348775227,6,4500,LAR@ARI,ARI,LAR,,,,,,RB/FLEX
80801-103896,WR,Nsimba,Nsimba Webster,Webster,0,3,4500,HOU@CHI,CHI,HOU,,,,,,WR/FLEX
80801-112088,RB,Jerrion,Jerrion Ealy,Ealy,,,4500,KC@IND,KC,IND,,,,,,RB/FLEX
80801-103901,WR,Davion,Davion Davis,Davis,1.100000023841858,2,4500,HOU@CHI,HOU,CHI,Q,Hamstring,,,,WR/FLEX
80801-73180,WR,Binjimen,Binjimen Victor,Victor,,,4500,BAL@NE,BAL,NE,,,,,,WR/FLEX
80801-32234,RB,Malcolm,Malcolm Brown,Brown,3.5,6,4500,LAR@ARI,LAR,ARI,,,,,,RB/FLEX
80801-40434,WR,Greg,Greg Ward,Ward,3.4533333248562283,9,4500,PHI@WAS,PHI,WAS,Q,Toe,,,,WR/FLEX
80801-62967,WR,Preston,Preston Williams,Williams,1.8000000317891438,6,4500,NO@CAR,CAR,NO,,,,,,WR/FLEX
80801-103930,WR,Derek,Derek Wright,Wright,,,4500,NO@CAR,CAR,NO,,,,,,WR/FLEX
80801-22018,WR,Mohamed,Mohamed Sanu Sr.,Sanu Sr.,3.1500000953674316,8,4500,BUF@MIA,MIA,BUF,,,,,,WR/FLEX
80801-60930,RB,Myles,Myles Gaskin,Gaskin,8.77058859432445,17,4500,BUF@MIA,MIA,BUF,,,,,,RB/FLEX
80801-103943,WR,Trinity,Trinity Benson,Benson,2.1857143129621233,7,4500,DET@MIN,DET,MIN,Q,Undisclosed,,,,WR/FLEX
80801-69150,WR,Jordan,Jordan Veasy,Veasy,0,1,4500,LV@TEN,LV,TEN,,,,,,WR/FLEX
80801-54817,WR,Diontae,Diontae Spencer,Spencer,-0.25333333015441895,15,4500,CIN@NYJ,NYJ,CIN,,,,,,WR/FLEX
80801-60977,RB,Ty'Son,Ty'Son Williams,Williams,5.342857360839844,7,4500,KC@IND,IND,KC,,,,,,RB/FLEX
80801-63025,RB,Nathan,Nathan Cottrell,Cottrell,0.30000001192092896,1,4500,JAC@LAC,JAC,LAC,Q,Undisclosed,,,,RB/FLEX
80801-69168,WR,N'Keal,N'Keal Harry,Harry,2.2399999618530275,10,4500,HOU@CHI,CHI,HOU,IR,Ankle,,,,WR/FLEX
80801-128566,WR,Kameron,Kameron Brown,Brown,,,4500,GB@TB,TB,GB,,,,,,WR/FLEX
80801-71228,WR,Marquez,Marquez Stevenson,Stevenson,0,5,4500,BUF@MIA,BUF,MIA,IR,Foot,,,,WR/FLEX
80801-89663,WR,Danny,Danny Davis,Davis,,,4500,GB@TB,GB,TB,Q,Ankle,,,,WR/FLEX
80801-128574,RB,Shermari,Shermari Jones,Jones,,,4500,CIN@NYJ,CIN,NYJ,,,,,,RB/FLEX
80801-87617,WR,Sage,Sage Surratt,Surratt,,,4500,JAC@LAC,LAC,JAC,Q,Undisclosed,,,,WR/FLEX
80801-93767,WR,Calvin,Calvin Jackson Jr.,Jackson Jr.,,,4500,CIN@NYJ,NYJ,CIN,,,,,,WR/FLEX
80801-69205,WR,Trevon,Trevon Bradford,Bradford,,,4500,JAC@LAC,LAC,JAC,,,,,,WR/FLEX
80801-63061,WR,Gary,Gary Jennings,Jennings,,,4500,KC@IND,KC,IND,Q,Concussion,,,,WR/FLEX
80801-104025,RB,John,John Lovett,Lovett,,,4500,BUF@MIA,MIA,BUF,IR,Undisclosed,,,,RB/FLEX
80801-104041,WR,Myron,Myron Mitchell,Mitchell,,,4500,DET@MIN,MIN,DET,,,,,,WR/FLEX
80801-38514,WR,Kevin,Kevin White,White,1.433333396911621,3,4500,NO@CAR,NO,CAR,Q,Undisclosed,,,,WR/FLEX
80801-104054,RB,Sincere,Sincere McCormick,McCormick,,,4500,LV@TEN,LV,TEN,IR,Undisclosed,,,,RB/FLEX
80801-85636,WR,Josh,Josh Johnson,Johnson,,,4500,DET@MIN,DET,MIN,Q,Undisclosed,,,,WR/FLEX
80801-91783,WR,Warren,Warren Jackson,Jackson,,,4500,LAR@ARI,LAR,ARI,Q,Undisclosed,,,,WR/FLEX
80801-93864,RB,Ricky,Ricky Person Jr.,Person Jr.,,,4500,BAL@NE,BAL,NE,IR,Undisclosed,,,,RB/FLEX
80801-7856,WR,Matthew,Matthew Slater,Slater,,,4500,BAL@NE,NE,BAL,,,,,,WR/FLEX
80801-69296,WR,Corey,Corey Sutton,Sutton,,,4500,DET@MIN,DET,MIN,,,,,,WR/FLEX
80801-87731,WR,Dominique,Dominique Robinson,Robinson,,,4500,HOU@CHI,CHI,HOU,,,,,,WR/FLEX
80801-85687,WR,Jontre,Jontre Kirklin,Kirklin,,,4500,LAR@ARI,ARI,LAR,,,,,,WR/FLEX
80801-89785,RB,Spencer,Spencer Brown,Brown,,,4500,NO@CAR,CAR,NO,Q,Ankle,,,,RB/FLEX
80801-71355,RB,Elijah,Elijah Holyfield,Holyfield,,,4500,CIN@NYJ,CIN,NYJ,IR,Knee,,,,RB/FLEX
80801-71359,WR,Javon,Javon Wims,Wims,,,4500,LAR@ARI,ARI,LAR,,,,,,WR/FLEX
80801-69310,WR,Josh,Josh Hammond,Hammond,,,4500,BAL@NE,NE,BAL,,,,,,WR/FLEX
80801-71367,RB,La'Mical,La'Mical Perine,Perine,1.5499999523162842,2,4500,PHI@WAS,PHI,WAS,,,,,,RB/FLEX
80801-65231,RB,Adam,Adam Prentice,Prentice,0.699999988079071,1,4500,NO@CAR,NO,CAR,,,,,,RB/FLEX
80801-81616,WR,Rashard,Rashard Davis,Davis,,,4500,CIN@NYJ,NYJ,CIN,,,,,,WR/FLEX
80801-85714,RB,Tory,Tory Carter,Carter,0,1,4500,LV@TEN,TEN,LV,,,,,,RB/FLEX
80801-71382,WR,Osirus,Osirus Mitchell,Mitchell,,,4500,GB@TB,GB,TB,Q,Quadriceps,,,,WR/FLEX
80801-69343,WR,Landen,Landen Akers,Akers,,,4500,LAR@ARI,LAR,ARI,,,,,,WR/FLEX
80801-63201,RB,Xavier,Xavier Jones,Jones,,,4500,LAR@ARI,LAR,ARI,Q,Achilles,,,,RB/FLEX
80801-91897,WR,Ethan,Ethan Fernea,Fernea,,,4500,KC@IND,IND,KC,,,,,,WR/FLEX
80801-61200,WR,Jaylinn,Jaylinn Hawkins,Hawkins,,,4500,ATL@SEA,ATL,SEA,,,,,,WR/FLEX
80801-40726,RB,Godwin,Godwin Igwebuike,Igwebuike,1.792307633620042,13,4500,DET@MIN,DET,MIN,,,,,,RB/FLEX
80801-71459,RB,Brittain,Brittain Brown,Brown,,,4500,LV@TEN,LV,TEN,,,,,,RB/FLEX
80801-71477,WR,Maurice,Maurice Ffrench,Ffrench,0.30000001192092896,1,4500,JAC@LAC,LAC,JAC,,,,,,WR/FLEX
80801-40758,RB,Corey,Corey Clement,Clement,3.6999999455043246,7,4500,BAL@NE,BAL,NE,,,,,,RB/FLEX
80801-91971,RB,Ronnie,Ronnie Rivers,Rivers,,,4500,LAR@ARI,LAR,ARI,,,,,,RB/FLEX
80801-73551,WR,Stantley,Stantley Thomas-Oliver III,Thomas-Oliver III,,,4500,NO@CAR,CAR,NO,Q,Achilles,,,,WR/FLEX
80801-71519,WR,Dillon,Dillon Stoner,Stoner,,,4500,LV@TEN,LV,TEN,O,Undisclosed,,,,WR/FLEX
80801-104289,WR,Malik,Malik Taylor,Taylor,0.0800000011920929,5,4500,GB@TB,GB,TB,Q,Undisclosed,,,,WR/FLEX
80801-104297,WR,Jason,Jason Moore Jr.,Moore Jr.,7.099999904632568,1,4500,JAC@LAC,LAC,JAC,,,,,,WR/FLEX
80801-169834,WR,Dareke,Dareke Young,Young,,,4500,ATL@SEA,SEA,ATL,,,,,,WR/FLEX
80801-89964,WR,Justyn,Justyn Ross,Ross,,,4500,KC@IND,KC,IND,IR,Foot,,,,WR/FLEX
80801-57208,WR,KeeSean,KeeSean Johnson,Johnson,,,4500,ATL@SEA,ATL,SEA,,,,,,WR/FLEX
80801-55165,RB,Justin,Justin Jackson,Jackson,0,1,4500,DET@MIN,DET,MIN,,,,,,RB/FLEX
80801-94094,TE,Brevin,Brevin Jordan,Jordan,1.149999976158142,2,4500,HOU@CHI,HOU,CHI,O,Ankle,,,,TE/FLEX
80801-73616,WR,Willie,Willie Johnson,Johnson,,,4500,JAC@LAC,JAC,LAC,IR,Undisclosed,,,,WR/FLEX
80801-141201,WR,Raleigh,Raleigh Webb,Webb,,,4500,BAL@NE,BAL,NE,,,,,,WR/FLEX
80801-63387,WR,Jayson,Jayson Stanley,Stanley,,,4500,HOU@CHI,CHI,HOU,Q,Knee,,,,WR/FLEX
80801-169890,WR,LuJuan,LuJuan Winningham,Winningham,,,4500,JAC@LAC,JAC,LAC,,,,,,WR/FLEX
80801-63399,WR,Terry,Terry Godwin,Godwin,,,4500,LV@TEN,TEN,LV,,,,,,WR/FLEX
80801-169898,WR,Jequez,Jequez Ezzard,Ezzard,,,4500,PHI@WAS,WAS,PHI,Q,Undisclosed,,,,WR/FLEX
80801-169900,WR,Jared,Jared Bernhardt,Bernhardt,,,4500,ATL@SEA,ATL,SEA,,,,,,WR/FLEX
80801-169901,WR,Tyshaun,Tyshaun James,James,,,4500,ATL@SEA,ATL,SEA,,,,,,WR/FLEX
80801-169908,WR,Dai'Jean,Dai'Jean Dixon,Dixon,,,4500,NO@CAR,NO,CAR,,,,,,WR/FLEX
80801-55224,RB,Reggie,Reggie Bonnafon,Bonnafon,2.5999999046325684,1,4500,PHI@WAS,WAS,PHI,,,,,,RB/FLEX
80801-85944,WR,Kyric,Kyric McGowan,McGowan,,,4500,PHI@WAS,WAS,PHI,,,,,,WR/FLEX
80801-71613,WR,Demetris,Demetris Robertson,Robertson,,,4500,ATL@SEA,SEA,ATL,,,,,,WR/FLEX
80801-65477,TE,Giovanni,Giovanni Ricci,Ricci,2.0999999046325684,1,4500,NO@CAR,CAR,NO,,,,,,TE/FLEX
80801-104388,WR,Tom,Tom Kennedy,Kennedy,2.566666603088379,6,4500,DET@MIN,DET,MIN,,,,,,WR/FLEX
80801-88016,WR,Ryan,Ryan McDaniel,McDaniel,,,4500,JAC@LAC,JAC,LAC,,,,,,WR/FLEX
80801-169937,WR,Lance,Lance McCutcheon,McCutcheon,,,4500,LAR@ARI,LAR,ARI,,,,,,WR/FLEX
80801-94185,WR,Kevin,Kevin Shaa,Shaa,,,4500,HOU@CHI,CHI,HOU,,,,,,WR/FLEX
80801-71661,WR,Tino,Tino Ellis,Ellis,,,4500,BUF@MIA,MIA,BUF,Q,Undisclosed,,,,WR/FLEX
80801-14319,RB,Taiwan,Taiwan Jones,Jones,0,1,4500,BUF@MIA,BUF,MIA,,,,,,RB/FLEX
80801-71662,WR,DJ,DJ Turner,Turner,,,4500,LV@TEN,LV,TEN,IR,Ankle,,,,WR/FLEX
80801-104433,RB,Kyren,Kyren Williams,Williams,,,4500,LAR@ARI,LAR,ARI,IR,Ankle,,,,RB/FLEX
80801-92146,RB,DeAndre,DeAndre Torrey,Torrey,,,4500,PHI@WAS,PHI,WAS,,,,,,RB/FLEX
80801-86007,WR,Tre,Tre Turner,Turner,,,4500,LV@TEN,LV,TEN,,,,,,WR/FLEX
80801-88056,WR,Stanley,Stanley Berryhill,Berryhill,,,4500,LAR@ARI,ARI,LAR,,,,,,WR/FLEX
80801-96250,WR,DeVonte,DeVonte Dedmon,Dedmon,,,4500,BUF@MIA,MIA,BUF,,,,,,WR/FLEX
80801-12534,D,Tennessee,Tennessee Titans,Titans,3,2,4400,LV@TEN,TEN,LV,,,,,,DEF
80801-91046,TE,Brock,Brock Wright,Wright,3,1,4400,DET@MIN,DET,MIN,,,,,,TE/FLEX
80801-91101,TE,Tommy,Tommy Tremble,Tremble,0.6000000238418579,1,4400,NO@CAR,CAR,NO,,,,,,TE/FLEX
80801-72705,TE,John,John Bates,Bates,1.25,2,4400,PHI@WAS,WAS,PHI,,,,,,TE/FLEX
80801-42046,TE,Durham,Durham Smythe,Smythe,1.4500000476837158,2,4400,BUF@MIA,MIA,BUF,,,,,,TE/FLEX
80801-130270,TE,Adam,Adam Trautman,Trautman,4.527272657914595,11,4400,NO@CAR,NO,CAR,,,,,,TE/FLEX
80801-89588,TE,Colby,Colby Parkinson,Parkinson,11.300000190734863,1,4400,ATL@SEA,SEA,ATL,,,,,,TE/FLEX
80801-61112,TE,Josiah,Josiah Deguara,Deguara,3.799999952316284,1,4400,GB@TB,GB,TB,,,,,,TE/FLEX
80801-14237,TE,Kyle,Kyle Rudolph,Rudolph,3.1133333841959634,15,4400,GB@TB,TB,GB,,,,,,TE/FLEX
80801-104447,TE,Jody,Jody Fortson,Fortson,3.299999952316284,2,4400,KC@IND,KC,IND,,,,,,TE/FLEX
80801-12542,D,New Orleans,New Orleans Saints,Saints,5,2,4300,NO@CAR,NO,CAR,,,,,,DEF
80801-80546,TE,Dan,Dan Arnold,Arnold,1.2999999523162842,1,4300,JAC@LAC,JAC,LAC,,,,,,TE/FLEX
80801-93143,TE,Noah,Noah Gray,Gray,1.850000023841858,2,4300,KC@IND,KC,IND,,,,,,TE/FLEX
80801-89283,TE,Tre',Tre' McKitty,McKitty,3.9000000953674316,1,4300,JAC@LAC,LAC,JAC,,,,,,TE/FLEX
80801-88297,TE,Chig,Chig Okonkwo,Okonkwo,1.2000000476837158,1,4200,LV@TEN,TEN,LV,,,,,,TE/FLEX
80801-12538,D,Los Angeles,Los Angeles Rams,Rams,9.5,2,4200,LAR@ARI,LAR,ARI,,,,,,DEF
80801-80294,TE,Anthony,Anthony Firkser,Firkser,1.100000023841858,1,4200,ATL@SEA,ATL,SEA,,,,,,TE/FLEX
80801-54007,TE,Jacob,Jacob Hollister,Hollister,2.6666666666666665,6,4200,LV@TEN,LV,TEN,Q,Undisclosed,,,,TE/FLEX
80801-86811,TE,Cade,Cade Otton,Otton,0.8999999761581421,1,4200,GB@TB,TB,GB,D,Personal,,,,TE/FLEX
80801-62508,TE,James,James O'Shaughnessy,O'Shaughnessy,5.485714503696987,7,4200,HOU@CHI,CHI,HOU,Q,Illness,,,,TE/FLEX
80801-34073,TE,Ryan,Ryan Griffin,Griffin,1.149999976158142,2,4200,HOU@CHI,CHI,HOU,O,Achilles,,,,TE/FLEX
80801-18009,TE,Chris,Chris Manhertz,Manhertz,2.012500047683716,8,4200,JAC@LAC,JAC,LAC,,,,,,TE/FLEX
80801-65182,TE,Mitchell,Mitchell Wilcox,Wilcox,0.800000011920929,1,4200,CIN@NYJ,CIN,NYJ,,,,,,TE/FLEX
80801-61172,TE,Tyler,Tyler Davis,Davis,0.4000000059604645,2,4200,GB@TB,GB,TB,,,,,,TE/FLEX
80801-104278,TE,Donald,Donald Parham Jr.,Parham Jr.,4.083333333333333,12,4200,JAC@LAC,LAC,JAC,D,Hamstring,,,,TE/FLEX
80801-69655,TE,Stephen,Stephen Sullivan,Sullivan,1.7999999523162842,1,4100,NO@CAR,CAR,NO,,,,,,TE/FLEX
80801-80011,TE,Antony,Antony Auclair,Auclair,3.299999952316284,4,4100,HOU@CHI,HOU,CHI,Q,Knee,,,,TE/FLEX
80801-63697,TE,Brycen,Brycen Hopkins,Hopkins,4.050000190734863,2,4100,LAR@ARI,LAR,ARI,IR,Suspension,,,,TE/FLEX
80801-12536,D,Kansas City,Kansas City Chiefs,Chiefs,6.5,2,4100,KC@IND,KC,IND,,,,,,DEF
80801-149832,TE,Shane,Shane Zylstra,Zylstra,2.450000047683716,2,4100,DET@MIN,DET,MIN,,,,,,TE/FLEX
80801-6672,TE,Marcedes,Marcedes Lewis,Lewis,2.242857115609305,14,4100,GB@TB,GB,TB,Q,Groin,,,,TE/FLEX
80801-55895,TE,Kendall,Kendall Blanton,Blanton,3.7833334604899087,6,4100,LAR@ARI,LAR,ARI,,,,,,TE/FLEX
80801-29277,TE,Stephen,Stephen Anderson,Anderson,0.699999988079071,1,4100,LAR@ARI,ARI,LAR,,,,,,TE/FLEX
80801-29314,TE,Richard,Richard Rodgers,Rodgers,0,1,4100,JAC@LAC,LAC,JAC,,,,,,TE/FLEX
80801-93075,TE,Hunter,Hunter Long,Long,0.4333333174387614,3,4100,BUF@MIA,MIA,BUF,O,Ankle,,,,TE/FLEX
80801-56212,TE,Tommy,Tommy Sweeney,Sweeney,2.1285713740757535,7,4100,BUF@MIA,BUF,MIA,,,,,,TE/FLEX
80801-62510,TE,Nick,Nick Boyle,Boyle,0.3499999940395355,2,4100,BAL@NE,BAL,NE,,,,,,TE/FLEX
80801-70705,TE,Trevon,Trevon Wesco,Wesco,1.25,4,4100,HOU@CHI,CHI,HOU,,,,,,TE/FLEX
80801-58499,TE,Parker,Parker Hesse,Hesse,1,2,4100,ATL@SEA,ATL,SEA,,,,,,TE/FLEX
80801-130286,TE,Ben,Ben Ellefson,Ellefson,0.699999988079071,1,4100,DET@MIN,MIN,DET,,,,,,TE/FLEX
80801-56711,TE,Drew,Drew Sample,Sample,0.4000000059604645,2,4100,CIN@NYJ,CIN,NYJ,O,Knee - mcl,,,,TE/FLEX
80801-87469,TE,Jelani,Jelani Woods,Woods,,,4100,KC@IND,IND,KC,,,,,,TE/FLEX
80801-28080,TE,Devin,Devin Funchess,Funchess,,,4100,DET@MIN,DET,MIN,,,,,,TE/FLEX
80801-73176,TE,Luke,Luke Farrell,Farrell,1.1375000476837158,8,4100,JAC@LAC,JAC,LAC,,,,,,TE/FLEX
80801-91750,TE,Trey,Trey McBride,McBride,,,4100,LAR@ARI,ARI,LAR,,,,,,TE/FLEX
80801-147049,TE,Drew,Drew Ogletree,Ogletree,,,4100,KC@IND,IND,KC,IR,Knee - acl,,,,TE/FLEX
80801-85635,TE,Charlie,Charlie Kolar,Kolar,,,4100,BAL@NE,BAL,NE,IR,Sports hernia,,,,TE/FLEX
80801-28346,TE,Maxx,Maxx Williams,Williams,6.659999847412109,5,4100,LAR@ARI,ARI,LAR,,,,,,TE/FLEX
80801-87815,TE,Jeremy,Jeremy Ruckert,Ruckert,0,1,4100,CIN@NYJ,NYJ,CIN,,,,,,TE/FLEX
80801-69451,TE,Jack,Jack Stoll,Stoll,1.0499999523162842,4,4100,PHI@WAS,PHI,WAS,,,,,,TE/FLEX
80801-28570,TE,Nick,Nick Vannett,Vannett,3.3999998910086497,7,4100,NO@CAR,NO,CAR,,,,,,TE/FLEX
80801-104421,TE,Jesper,Jesper Horsted,Horsted,5.033333460489909,3,4100,LV@TEN,LV,TEN,,,,,,TE/FLEX
80801-57338,TE,Jordan,Jordan Akins,Akins,2.4750000635782876,12,4100,HOU@CHI,HOU,CHI,,,,,,TE/FLEX
80801-90123,TE,Quintin,Quintin Morris,Morris,1.100000023841858,1,4000,BUF@MIA,BUF,MIA,,,,,,TE/FLEX
80801-71697,TE,Shaun,Shaun Beyer,Beyer,,,4000,GB@TB,GB,TB,,,,,,TE/FLEX
80801-137249,TE,Briley,Briley Moore,Moore,,,4000,LV@TEN,TEN,LV,,,,,,TE/FLEX
80801-55336,TE,Chris,Chris Herndon,Herndon,2.4,5,4000,NO@CAR,NO,CAR,,,,,,TE/FLEX
80801-69676,TE,Jamal,Jamal Pettigrew,Pettigrew,,,4000,LAR@ARI,LAR,ARI,,,,,,TE/FLEX
80801-86075,TE,Lucas,Lucas Krull,Krull,,,4000,NO@CAR,NO,CAR,,,,,,TE/FLEX
80801-59455,TE,Sammis,Sammis Reyes,Reyes,,,4000,PHI@WAS,WAS,PHI,Q,Undisclosed,,,,TE/FLEX
80801-30787,TE,Alex,Alex Ellis,Ellis,,,4000,LAR@ARI,ARI,LAR,Q,Undisclosed,,,,TE/FLEX
80801-65607,TE,Jacob,Jacob Harris,Harris,,,4000,LAR@ARI,LAR,ARI,,,,,,TE/FLEX
80801-165962,TE,Nikola,Nikola Kalinic,Kalinic,,,4000,KC@IND,IND,KC,,,,,,TE/FLEX
80801-79967,TE,Adam,Adam Shaheen,Shaheen,2.4285714285714284,7,4000,BUF@MIA,MIA,BUF,IR,Knee,,,,TE/FLEX
80801-94345,TE,Cole,Cole Turner,Turner,,,4000,PHI@WAS,WAS,PHI,,,,,,TE/FLEX
80801-65737,TE,Sam,Sam Tecklenburg,Tecklenburg,,,4000,NO@CAR,CAR,NO,,,,,,TE/FLEX
80801-170191,TE,Ben,Ben Beise,Beise,,,4000,GB@TB,TB,GB,,,,,,TE/FLEX
80801-149708,TE,Zach,Zach Davidson,Davidson,,,4000,BUF@MIA,BUF,MIA,,,,,,TE/FLEX
80801-170188,TE,Tanner,Tanner Conner,Conner,,,4000,BUF@MIA,MIA,BUF,,,,,,TE/FLEX
80801-149727,TE,Bernhard,Bernhard Seikovits,Seikovits,,,4000,LAR@ARI,ARI,LAR,,,,,,TE/FLEX
80801-12533,D,Green Bay,Green Bay Packers,Packers,5,2,4000,GB@TB,GB,TB,,,,,,DEF
80801-61693,TE,Danny,Danny Pinter,Pinter,6.699999809265137,1,4000,KC@IND,IND,KC,,,,,,TE/FLEX
80801-12545,D,Philadelphia,Philadelphia Eagles,Eagles,8.5,2,4000,PHI@WAS,PHI,WAS,,,,,,DEF
80801-90398,TE,Matt,Matt Bushman,Bushman,,,4000,KC@IND,KC,IND,Q,Collarbone,,,,TE/FLEX
80801-170282,TE,JJ,JJ Howland,Howland,,,4000,GB@TB,TB,GB,,,,,,TE/FLEX
80801-65839,TE,Kahale,Kahale Warring,Warring,,,4000,NO@CAR,NO,CAR,,,,,,TE/FLEX
80801-55609,TE,Ryan,Ryan Izzo,Izzo,,,4000,NO@CAR,CAR,NO,,,,,,TE/FLEX
80801-86359,TE,Jared,Jared Scott,Scott,,,4000,KC@IND,IND,KC,,,,,,TE/FLEX
80801-63839,TE,Tyler,Tyler Mabry,Mabry,,,4000,ATL@SEA,SEA,ATL,,,,,,TE/FLEX
80801-63851,TE,Tyree,Tyree Jackson,Jackson,3.2333332697550454,3,4000,PHI@WAS,PHI,WAS,NA,Knee - acl,,,,TE/FLEX
80801-90483,TE,Bernhard,Bernhard Raimann,Raimann,,,4000,KC@IND,IND,KC,O,Ankle,,,,TE/FLEX
80801-92530,TE,Cade,Cade Brewer,Brewer,,,4000,ATL@SEA,SEA,ATL,,,,,,TE/FLEX
80801-70043,TE,Cole,Cole Fotheringham,Fotheringham,,,4000,LV@TEN,LV,TEN,,,,,,TE/FLEX
80801-45472,TE,Garrett,Garrett Griffin,Griffin,2.950000047683716,2,4000,DET@MIN,DET,MIN,,,,,,TE/FLEX
80801-63907,TE,Josh,Josh Oliver,Oliver,1.1100000381469726,10,4000,BAL@NE,BAL,NE,,,,,,TE/FLEX
80801-72110,TE,John,John Mitchell,Mitchell,,,4000,ATL@SEA,SEA,ATL,,,,,,TE/FLEX
80801-47551,TE,Mason,Mason Schreck,Schreck,,,4000,HOU@CHI,HOU,CHI,,,,,,TE/FLEX
80801-84440,TE,Jaeden,Jaeden Graham,Graham,,,4000,PHI@WAS,PHI,WAS,Q,Undisclosed,,,,TE/FLEX
80801-41469,TE,Darrell,Darrell Daniels,Daniels,0.34000000953674314,5,4000,HOU@CHI,HOU,CHI,,,,,,TE/FLEX
80801-64023,TE,Kyle,Kyle Markway,Markway,,,4000,LAR@ARI,LAR,ARI,Q,Undisclosed,,,,TE/FLEX
80801-14895,TE,Patrick,Patrick Scales,Scales,,,4000,HOU@CHI,CHI,HOU,,,,,,TE/FLEX
80801-72246,TE,Nolan,Nolan Givan,Givan,,,4000,DET@MIN,DET,MIN,,,,,,TE/FLEX
80801-68155,TE,Codey,Codey McElroy,McElroy,0.25,2,4000,GB@TB,TB,GB,Q,Foot,,,,TE/FLEX
80801-66155,TE,Michael,Michael Jacobson,Jacobson,,,4000,KC@IND,IND,KC,,,,,,TE/FLEX
80801-101007,TE,Mark,Mark Vital,Vital,,,4000,KC@IND,KC,IND,,,,,,TE/FLEX
80801-86682,TE,Grant,Grant Calcaterra,Calcaterra,,,4000,PHI@WAS,PHI,WAS,,,,,,TE/FLEX
80801-90778,TE,Derrick,Derrick Deese Jr.,Deese Jr.,,,4000,DET@MIN,DET,MIN,,,,,,TE/FLEX
80801-86692,TE,Thomas,Thomas Odukoya,Odukoya,,,4000,LV@TEN,TEN,LV,,,,,,TE/FLEX
80801-47788,TE,Deon,Deon Yelder,Yelder,0.5,1,4000,LAR@ARI,ARI,LAR,,,,,,TE/FLEX
80801-27403,TE,Blake,Blake Bell,Bell,1.25,12,4000,KC@IND,KC,IND,IR,Hip,,,,TE/FLEX
80801-70426,TE,Reggie,Reggie Gilliam,Gilliam,8.699999809265137,1,4000,BUF@MIA,BUF,MIA,,,,,,TE/FLEX
80801-86839,TE,Jack,Jack Coco,Coco,,,4000,GB@TB,GB,TB,,,,,,TE/FLEX
80801-66402,TE,Jack,Jack Driscoll,Driscoll,,,4000,PHI@WAS,PHI,WAS,,,,,,TE/FLEX
80801-93026,TE,Teagan,Teagan Quitoriano,Quitoriano,,,4000,HOU@CHI,HOU,CHI,IR,Knee,,,,TE/FLEX
80801-23435,TE,Andrew,Andrew DePaola,DePaola,,,4000,DET@MIN,MIN,DET,,,,,,TE/FLEX
80801-64408,TE,Nick,Nick Bowers,Bowers,,,4000,CIN@NYJ,CIN,NYJ,,,,,,TE/FLEX
80801-89029,TE,Chris,Chris Pierce Jr.,Pierce Jr.,,,4000,LAR@ARI,ARI,LAR,Q,Undisclosed,,,,TE/FLEX
80801-70604,TE,John,John Raine,Raine,,,4000,ATL@SEA,ATL,SEA,Q,Undisclosed,,,,TE/FLEX
80801-72665,TE,Kenny,Kenny Yeboah,Yeboah,2.299999952316284,2,4000,CIN@NYJ,NYJ,CIN,,,,,,TE/FLEX
80801-54239,TE,Matt,Matt Sokol,Sokol,,,4000,BAL@NE,NE,BAL,,,,,,TE/FLEX
80801-87013,TE,Erik,Erik Krommenhoek,Krommenhoek,,,4000,JAC@LAC,LAC,JAC,,,,,,TE/FLEX
80801-62505,TE,MyCole,MyCole Pruitt,Pruitt,3.772727272727273,11,4000,ATL@SEA,ATL,SEA,,,,,,TE/FLEX
80801-42077,TE,James,James Winchester,Winchester,,,4000,KC@IND,KC,IND,,,,,,TE/FLEX
80801-46177,TE,David,David Wells,Wells,,,4000,GB@TB,TB,GB,,,,,,TE/FLEX
80801-68708,TE,Seth,Seth Green,Green,,,4000,HOU@CHI,HOU,CHI,,,,,,TE/FLEX
80801-68714,TE,Ko,Ko Kieft,Kieft,,,4000,GB@TB,TB,GB,,,,,,TE/FLEX
80801-93343,TE,Roger,Roger Carter Jr.,Carter Jr.,,,4000,LAR@ARI,LAR,ARI,,,,,,TE/FLEX
80801-9409,TE,Clark,Clark Harris,Harris,,,4000,CIN@NYJ,CIN,NYJ,IR,Biceps,,,,TE/FLEX
80801-52468,TE,Ethan,Ethan Wolf,Wolf,1.7999999523162842,1,4000,NO@CAR,NO,CAR,,,,,,TE/FLEX
80801-97537,TE,Naz,Naz Bohannon,Bohannon,,,4000,JAC@LAC,JAC,LAC,,,,,,TE/FLEX
80801-83226,TE,Kevin,Kevin Rader,Rader,0.8999999761581421,2,4000,LV@TEN,TEN,LV,,,,,,TE/FLEX
80801-64833,TE,Alize,Alize Mack,Mack,,,4000,GB@TB,GB,TB,Q,Undisclosed,,,,TE/FLEX
80801-91467,TE,Jake,Jake Tonges,Tonges,,,4000,HOU@CHI,CHI,HOU,,,,,,TE/FLEX
80801-64864,TE,Noah,Noah Togiai,Togiai,0,1,4000,PHI@WAS,PHI,WAS,,,,,,TE/FLEX
80801-25957,TE,J.P.,J.P. Holtz,Holtz,,,4000,NO@CAR,NO,CAR,,,,,,TE/FLEX
80801-60791,TE,Tommy,Tommy Hudson,Hudson,1.149999976158142,4,4000,LV@TEN,TEN,LV,IR,Undisclosed,,,,TE/FLEX
80801-73089,TE,Devin,Devin Asiasi,Asiasi,,,4000,CIN@NYJ,CIN,NYJ,,,,,,TE/FLEX
80801-71048,TE,Thaddeus,Thaddeus Moss,Moss,,,4000,CIN@NYJ,CIN,NYJ,,,,,,TE/FLEX
80801-71058,TE,Grayson,Grayson Gunter,Gunter,,,4000,JAC@LAC,JAC,LAC,,,,,,TE/FLEX
80801-73147,TE,Nick,Nick Eubanks,Eubanks,,,4000,CIN@NYJ,CIN,NYJ,,,,,,TE/FLEX
80801-114112,TE,Jalen,Jalen Wydermyer,Wydermyer,,,4000,BAL@NE,NE,BAL,,,,,,TE/FLEX
80801-73161,TE,Chase,Chase Allen,Allen,,,4000,HOU@CHI,CHI,HOU,,,,,,TE/FLEX
80801-69069,TE,Tony,Tony Poljan,Poljan,,,4000,BAL@NE,BAL,NE,,,,,,TE/FLEX
80801-73172,TE,Jake,Jake Hausmann,Hausmann,,,4000,PHI@WAS,WAS,PHI,,,,,,TE/FLEX
80801-54746,TE,Tyler,Tyler Ott,Ott,,,4000,ATL@SEA,SEA,ATL,IR,Shoulder,,,,TE/FLEX
80801-103900,TE,Brandon,Brandon Dillon,Dillon,,,4000,NO@CAR,NO,CAR,,,,,,TE/FLEX
80801-91618,TE,John,John FitzPatrick,FitzPatrick,,,4000,ATL@SEA,ATL,SEA,IR,Undisclosed,,,,TE/FLEX
80801-89586,TE,Tucker,Tucker Fisk,Fisk,,,4000,ATL@SEA,ATL,SEA,,,,,,TE/FLEX
80801-62981,TE,Eli,Eli Wolf,Wolf,,,4000,PHI@WAS,WAS,PHI,IR,Undisclosed,,,,TE/FLEX
80801-103966,TE,Stone,Stone Smartt,Smartt,,,4000,JAC@LAC,LAC,JAC,IR,Undisclosed,,,,TE/FLEX
80801-73266,TE,Dylan,Dylan Soehner,Soehner,,,4000,NO@CAR,NO,CAR,NA,Undisclosed,,,,TE/FLEX
80801-46644,TE,Paul,Paul Quessenberry,Quessenberry,,,4000,HOU@CHI,HOU,CHI,,,,,,TE/FLEX
80801-69173,TE,Hunter,Hunter Kampmoyer,Kampmoyer,,,4000,JAC@LAC,LAC,JAC,,,,,,TE/FLEX
80801-60981,TE,Charlie,Charlie Heck,Heck,,,4000,HOU@CHI,HOU,CHI,,,,,,TE/FLEX
80801-60984,TE,Jake,Jake Bargas,Bargas,,,4000,HOU@CHI,CHI,HOU,,,,,,TE/FLEX
80801-30272,TE,Colin,Colin Thompson,Thompson,0,1,4000,NO@CAR,CAR,NO,Q,Calf,,,,TE/FLEX
80801-104019,TE,Matt,Matt Orzech,Orzech,0,1,4000,LAR@ARI,LAR,ARI,,,,,,TE/FLEX
80801-87690,TE,Sal,Sal Cannella,Cannella,,,4000,GB@TB,GB,TB,,,,,,TE/FLEX
80801-89814,TE,Gerrit,Gerrit Prince,Prince,,,4000,JAC@LAC,JAC,LAC,,,,,,TE/FLEX
80801-38636,TE,Bug,Bug Howard,Howard,,,4000,GB@TB,TB,GB,Q,Undisclosed,,,,TE/FLEX
80801-85759,TE,Curtis,Curtis Hodges,Hodges,,,4000,PHI@WAS,WAS,PHI,IR,Thigh,,,,TE/FLEX
80801-38722,TE,Cethan,Cethan Carter,Carter,1.2999999523162842,2,4000,BUF@MIA,MIA,BUF,O,Concussion,,,,TE/FLEX
80801-63321,TE,Rashod,Rashod Berry,Berry,,,4000,JAC@LAC,JAC,LAC,,,,,,TE/FLEX
80801-169853,TE,Josh,Josh Babicz,Babicz,,,4000,NO@CAR,CAR,NO,,,,,,TE/FLEX
80801-92056,TE,Cal,Cal Adomitis,Adomitis,,,4000,CIN@NYJ,CIN,NYJ,,,,,,TE/FLEX
80801-55209,TE,Nate,Nate Becker,Becker,,,4000,GB@TB,GB,TB,Q,Undisclosed,,,,TE/FLEX
80801-112601,TE,Travis,Travis Koontz,Koontz,,,4000,LV@TEN,LV,TEN,,,,,,TE/FLEX
80801-85986,TE,James,James Mitchell,Mitchell,,,4000,DET@MIN,DET,MIN,,,,,,TE/FLEX
80801-85994,TE,Dalton,Dalton Keene,Keene,,,4000,PHI@WAS,PHI,WAS,,,,,,TE/FLEX
80801-57325,TE,Jordan,Jordan Franks,Franks,,,4000,KC@IND,KC,IND,,,,,,TE/FLEX
80801-96254,TE,Nick,Nick Muse,Muse,,,4000,DET@MIN,MIN,DET,,,,,,TE/FLEX
80801-12553,D,Carolina,Carolina Panthers,Panthers,2.5,2,3900,NO@CAR,CAR,NO,,,,,,DEF
80801-12556,D,Houston,Houston Texans,Texans,6.5,2,3800,HOU@CHI,HOU,CHI,,,,,,DEF
80801-12525,D,Atlanta,Atlanta Falcons,Falcons,11,2,3700,ATL@SEA,ATL,SEA,,,,,,DEF
80801-12544,D,New York,New York Jets,Jets,3,2,3700,CIN@NYJ,NYJ,CIN,,,,,,DEF
80801-12528,D,Cincinnati,Cincinnati Bengals,Bengals,3,2,3600,CIN@NYJ,CIN,NYJ,,,,,,DEF
80801-12535,D,Indianapolis,Indianapolis Colts,Colts,3,2,3600,KC@IND,IND,KC,,,,,,DEF
80801-12539,D,Miami,Miami Dolphins,Dolphins,8.5,2,3500,BUF@MIA,MIA,BUF,,,,,,DEF
80801-12552,D,Washington,Washington Commanders,Commanders,3,2,3500,PHI@WAS,WAS,PHI,,,,,,DEF
80801-12537,D,Las Vegas,Las Vegas Raiders,Raiders,1.5,2,3400,LV@TEN,LV,TEN,,,,,,DEF
80801-12550,D,Seattle,Seattle Seahawks,Seahawks,8,2,3400,ATL@SEA,SEA,ATL,,,,,,DEF
80801-12541,D,New England,New England Patriots,Patriots,6,2,3300,BAL@NE,NE,BAL,,,,,,DEF
80801-12554,D,Jacksonville,Jacksonville Jaguars,Jaguars,13.5,2,3200,JAC@LAC,JAC,LAC,,,,,,DEF
80801-12532,D,Detroit,Detroit Lions,Lions,4.5,2,3100,DET@MIN,DET,MIN,,,,,,DEF
80801-12546,D,Arizona,Arizona Cardinals,Cardinals,3.5,2,3000,LAR@ARI,ARI,LAR,,,,,,DEF