Id,Position,First Name,Nickname,Last Name,FPPG,Played,Salary,Game,Team,Opponent,Injury Indicator,Injury Details,Tier,,,Roster Position
81398-79970,WR,Cooper,Cooper Kupp,Kupp,21.299999237060547,4,9500,DAL@LAR,LAR,DAL,,,,,,WR/FLEX
81398-53562,RB,Nick,Nick Chubb,Chubb,20.649999618530273,4,9400,LAC@CLE,CLE,LAC,,,,,,RB/FLEX
81398-80001,RB,Austin,Austin Ekeler,Ekeler,16.075000762939453,4,9000,LAC@CLE,LAC,CLE,,,,,,RB/FLEX
81398-62239,QB,Josh,Josh Allen,Allen,28.594999313354492,4,9000,PIT@BUF,BUF,PIT,,,,,,QB
81398-39280,RB,Derrick,Derrick Henry,Henry,15.425000190734863,4,8900,TEN@WAS,TEN,WAS,,,,,,RB/FLEX
81398-85671,WR,Justin,Justin Jefferson,Jefferson,17.899999618530273,4,8800,CHI@MIN,MIN,CHI,,,,,,WR/FLEX
81398-55050,RB,Christian,Christian McCaffrey,McCaffrey,15.574999809265137,4,8700,SF@CAR,CAR,SF,,,,,,RB/FLEX
81398-25079,WR,Stefon,Stefon Diggs,Diggs,20.024999618530273,4,8600,PIT@BUF,BUF,PIT,,,,,,WR/FLEX
81398-69531,QB,Jalen,Jalen Hurts,Hurts,25.825000762939453,4,8600,PHI@ARI,PHI,ARI,,,,,,QB
81398-53681,WR,Tyreek,Tyreek Hill,Hill,18.924999237060547,4,8400,MIA@NYJ,MIA,NYJ,Q,Quadriceps,,,,WR/FLEX
81398-45631,RB,Jamaal,Jamaal Williams,Williams,17.274999618530273,4,8300,DET@NE,DET,NE,,,,,,RB/FLEX
81398-91598,RB,D'Andre,D'Andre Swift,Swift,15.59999974568685,3,8300,DET@NE,DET,NE,O,Shoulder,,,,RB/FLEX
81398-86997,WR,Amon-Ra,Amon-Ra St. Brown,St. Brown,20.53333282470703,3,8200,DET@NE,DET,NE,Q,Ankle,,,,WR/FLEX
81398-69189,QB,Justin,Justin Herbert,Herbert,20.600000381469727,4,8200,LAC@CLE,LAC,CLE,,,,,,QB
81398-63484,QB,Kyler,Kyler Murray,Murray,21.184999465942383,4,8100,PHI@ARI,ARI,PHI,,,,,,QB
81398-72846,WR,A.J.,A.J. Brown,Brown,14.725000381469727,4,8000,PHI@ARI,PHI,ARI,,,,,,WR/FLEX
81398-130288,RB,James,James Robinson,Robinson,14.050000190734863,4,8000,HOU@JAC,JAC,HOU,,,,,,RB/FLEX
81398-38435,QB,Jared,Jared Goff,Goff,22.90999984741211,4,8000,DET@NE,DET,NE,,,,,,QB
81398-6498,QB,Tom,Tom Brady,Brady,15.229999542236328,4,7800,ATL@TB,TB,ATL,,,,,,QB
81398-86687,WR,Marquise,Marquise Brown,Brown,15.225000381469727,4,7800,PHI@ARI,ARI,PHI,,,,,,WR/FLEX
81398-52922,RB,Leonard,Leonard Fournette,Fournette,11.875,4,7800,ATL@TB,TB,ATL,,,,,,RB/FLEX
81398-90573,WR,Jaylen,Jaylen Waddle,Waddle,17.075000762939453,4,7700,MIA@NYJ,MIA,NYJ,Q,Groin,,,,WR/FLEX
81398-71845,RB,Miles,Miles Sanders,Sanders,15.274999618530273,4,7600,PHI@ARI,PHI,ARI,,,,,,RB/FLEX
81398-60858,WR,Christian,Christian Kirk,Kirk,15.25,4,7600,HOU@JAC,JAC,HOU,,,,,,WR/FLEX
81398-89951,QB,Trevor,Trevor Lawrence,Lawrence,16.184999465942383,4,7600,HOU@JAC,JAC,HOU,,,,,,QB
81398-86055,RB,Dameon,Dameon Pierce,Pierce,13.149999618530273,4,7500,HOU@JAC,HOU,JAC,,,,,,RB/FLEX
81398-31716,QB,Dak,Dak Prescott,Prescott,5.460000038146973,1,7500,DAL@LAR,DAL,LAR,O,Thumb,,,,QB
81398-32384,WR,Mike,Mike Evans,Evans,16.5,3,7500,ATL@TB,TB,ATL,,,,,,WR/FLEX
81398-6654,QB,Matthew,Matthew Stafford,Stafford,12.399999618530273,4,7400,DAL@LAR,LAR,DAL,,,,,,QB
81398-39829,WR,Mike,Mike Williams,Williams,11.699999809265137,4,7400,LAC@CLE,LAC,CLE,,,,,,WR/FLEX
81398-24849,QB,Jameis,Jameis Winston,Winston,16.306666056315105,3,7300,SEA@NO,NO,SEA,D,Back,,,,QB
81398-56018,WR,Deebo,Deebo Samuel,Samuel,13.725000381469727,4,7300,SF@CAR,SF,CAR,,,,,,WR/FLEX
81398-54140,RB,Dalvin,Dalvin Cook,Cook,10.274999618530273,4,7300,CHI@MIN,MIN,CHI,,,,,,RB/FLEX
81398-72776,RB,Alexander,Alexander Mattison,Mattison,6.425000190734863,4,7300,CHI@MIN,MIN,CHI,,,,,,RB/FLEX
81398-90406,QB,Zach,Zach Wilson,Wilson,20.280000686645508,1,7200,MIA@NYJ,NYJ,MIA,,,,,,QB
81398-86631,WR,CeeDee,CeeDee Lamb,Lamb,13.225000381469727,4,7200,DAL@LAR,DAL,LAR,Q,Groin,,,,WR/FLEX
81398-64576,RB,Damien,Damien Harris,Harris,12.25,4,7200,DET@NE,NE,DET,,,,,,RB/FLEX
81398-72412,RB,Khalil,Khalil Herbert,Herbert,13.975000381469727,4,7100,CHI@MIN,CHI,MIN,,,,,,RB/FLEX
81398-73048,WR,DK,DK Metcalf,Metcalf,10.975000381469727,4,7100,SEA@NO,SEA,NO,,,,,,WR/FLEX
81398-22038,QB,Kirk,Kirk Cousins,Cousins,15.78499984741211,4,7100,CHI@MIN,MIN,CHI,,,,,,QB
81398-73273,RB,David,David Montgomery,Montgomery,7.400000254313151,3,7100,CHI@MIN,CHI,MIN,Q,Ankle,,,,RB/FLEX
81398-28573,WR,Michael,Michael Thomas,Thomas,14.366666158040365,3,7100,SEA@NO,NO,SEA,O,Foot,,,,WR/FLEX
81398-71706,TE,T.J.,T.J. Hockenson,Hockenson,13.774999618530273,4,7000,DET@NE,DET,NE,,,,,,TE/FLEX
81398-31001,WR,Amari,Amari Cooper,Cooper,11.199999809265137,4,7000,LAC@CLE,CLE,LAC,,,,,,WR/FLEX
81398-55635,WR,Chris,Chris Godwin,Godwin,7.199999809265137,2,7000,ATL@TB,TB,ATL,,,,,,WR/FLEX
81398-90572,QB,Tua,Tua Tagovailoa,Tagovailoa,17.625,4,7000,MIA@NYJ,MIA,NYJ,O,Concussion,,,,QB
81398-29253,WR,Keenan,Keenan Allen,Allen,8.600000381469727,1,7000,LAC@CLE,LAC,CLE,O,Hamstring,,,,WR/FLEX
81398-42104,RB,Alvin,Alvin Kamara,Kamara,6.199999809265137,2,7000,SEA@NO,NO,SEA,Q,Ribs,,,,RB/FLEX
81398-54604,QB,Jimmy,Jimmy Garoppolo,Garoppolo,13.319999694824219,3,7000,SF@CAR,SF,CAR,,,,,,QB
81398-57840,RB,Rashaad,Rashaad Penny,Penny,11.199999809265137,4,6900,SEA@NO,SEA,NO,,,,,,RB/FLEX
81398-21948,QB,Ryan,Ryan Tannehill,Tannehill,14.09000015258789,4,6900,TEN@WAS,TEN,WAS,,,,,,QB
81398-87770,WR,Chris,Chris Olave,Olave,12.5,4,6900,SEA@NO,NO,SEA,,,,,,WR/FLEX
81398-26483,QB,Geno,Geno Smith,Smith,18.969999313354492,4,6900,SEA@NO,SEA,NO,,,,,,QB
81398-30733,RB,Cordarrelle,Cordarrelle Patterson,Patterson,14.199999809265137,4,6800,ATL@TB,ATL,TB,IR,Knee,,,,RB/FLEX
81398-27050,WR,Tyler,Tyler Lockett,Lockett,10.425000190734863,4,6800,SEA@NO,SEA,NO,,,,,,WR/FLEX
81398-29358,QB,Marcus,Marcus Mariota,Mariota,14.164999961853027,4,6800,ATL@TB,ATL,TB,,,,,,QB
81398-70324,QB,Carson,Carson Wentz,Wentz,19.110000610351562,4,6800,TEN@WAS,WAS,TEN,,,,,,QB
81398-29501,WR,Brandin,Brandin Cooks,Cooks,9.375,4,6800,HOU@JAC,HOU,JAC,,,,,,WR/FLEX
81398-66008,WR,Diontae,Diontae Johnson,Johnson,8.824999809265137,4,6700,PIT@BUF,PIT,BUF,,,,,,WR/FLEX
81398-30231,QB,Jacoby,Jacoby Brissett,Brissett,15.300000190734863,4,6700,LAC@CLE,CLE,LAC,,,,,,QB
81398-40687,RB,James,James Conner,Conner,9.125,4,6700,PHI@ARI,ARI,PHI,,,,,,RB/FLEX
81398-90575,RB,Najee,Najee Harris,Harris,10,4,6600,PIT@BUF,PIT,BUF,,,,,,RB/FLEX
81398-90576,WR,DeVonta,DeVonta Smith,Smith,10.399999618530273,4,6600,PHI@ARI,PHI,ARI,,,,,,WR/FLEX
81398-90584,QB,Mac,Mac Jones,Jones,14.046666463216146,3,6600,DET@NE,NE,DET,D,Ankle,,,,QB
81398-103064,RB,Breece,Breece Hall,Hall,11.649999618530273,4,6600,MIA@NYJ,NYJ,MIA,,,,,,RB/FLEX
81398-91591,QB,Justin,Justin Fields,Fields,10.385000228881836,4,6600,CHI@MIN,CHI,MIN,,,,,,QB
81398-55552,RB,Jeff,Jeff Wilson Jr.,Wilson Jr.,9.699999809265137,4,6500,SF@CAR,SF,CAR,,,,,,RB/FLEX
81398-39793,TE,George,George Kittle,Kittle,4.099999904632568,2,6500,SF@CAR,SF,CAR,,,,,,TE/FLEX
81398-56250,WR,Terry,Terry McLaurin,McLaurin,9.675000190734863,4,6500,TEN@WAS,WAS,TEN,,,,,,WR/FLEX
81398-44715,QB,Cooper,Cooper Rush,Rush,11.545000076293945,4,6500,DAL@LAR,DAL,LAR,,,,,,QB
81398-38628,QB,Mitch,Mitch Trubisky,Trubisky,10.630000114440918,4,6500,PIT@BUF,PIT,BUF,,,,,,QB
81398-92020,QB,Kenny,Kenny Pickett,Pickett,15.300000190734863,1,6500,PIT@BUF,PIT,BUF,,,,,,QB
81398-14225,QB,Andy,Andy Dalton,Dalton,13.739999771118164,1,6500,SEA@NO,NO,SEA,,,,,,QB
81398-33259,QB,Teddy,Teddy Bridgewater,Bridgewater,5.909999847412109,2,6400,MIA@NYJ,MIA,NYJ,,,,,,QB
81398-41535,QB,Baker,Baker Mayfield,Mayfield,12.720000267028809,4,6400,SF@CAR,CAR,SF,,,,,,QB
81398-89628,QB,Davis,Davis Mills,Mills,12.579999923706055,4,6400,HOU@JAC,HOU,JAC,,,,,,QB
81398-53097,WR,Josh,Josh Reynolds,Reynolds,11.199999809265137,4,6400,DET@NE,DET,NE,Q,Ankle,,,,WR/FLEX
81398-139985,QB,Bailey,Bailey Zappe,Zappe,5.960000038146973,1,6300,DET@NE,NE,DET,,,,,,QB
81398-39716,WR,Adam,Adam Thielen,Thielen,9.649999618530273,4,6300,CHI@MIN,MIN,CHI,,,,,,WR/FLEX
81398-90933,RB,Antonio,Antonio Gibson,Gibson,11.475000381469727,4,6300,TEN@WAS,WAS,TEN,,,,,,RB/FLEX
81398-7872,QB,Brian,Brian Hoyer,Hoyer,1.4800000190734863,1,6300,DET@NE,NE,DET,IR,Concussion,,,,QB
81398-57299,TE,Gerald,Gerald Everett,Everett,10.274999618530273,4,6300,LAC@CLE,LAC,CLE,,,,,,TE/FLEX
81398-112745,WR,Drake,Drake London,London,11.524999618530273,4,6200,ATL@TB,ATL,TB,,,,,,WR/FLEX
81398-52916,WR,Russell,Russell Gage,Gage,7.425000190734863,4,6200,ATL@TB,TB,ATL,,,,,,WR/FLEX
81398-38791,RB,Ezekiel,Ezekiel Elliott,Elliott,8.475000381469727,4,6200,DAL@LAR,DAL,LAR,,,,,,RB/FLEX
81398-53331,QB,Taylor,Taylor Heinicke,Heinicke,14.835000038146973,16,6100,TEN@WAS,WAS,TEN,,,,,,QB
81398-63589,QB,Sam,Sam Darnold,Darnold,14.18999989827474,12,6100,SF@CAR,CAR,SF,IR,Ankle,,,,QB
81398-39034,QB,Kurt,Kurt Benkert,Benkert,-0.10000000149011612,1,6100,SF@CAR,SF,CAR,,,,,,QB
81398-86278,QB,Desmond,Desmond Ridder,Ridder,,,6100,ATL@TB,ATL,TB,,,,,,QB
81398-61798,QB,Gardner,Gardner Minshew II,Minshew II,11.553333282470703,3,6100,PHI@ARI,PHI,ARI,,,,,,QB
81398-53639,WR,Isaiah,Isaiah McKenzie,McKenzie,10.350000381469727,4,6100,PIT@BUF,BUF,PIT,Q,Concussion,,,,WR/FLEX
81398-22994,QB,Case,Case Keenum,Keenum,0.20000000298023224,1,6100,PIT@BUF,BUF,PIT,,,,,,QB
81398-70157,RB,Darrell,Darrell Henderson Jr.,Henderson Jr.,6.900000095367432,4,6100,DAL@LAR,LAR,DAL,,,,,,RB/FLEX
81398-64051,QB,Drew,Drew Lock,Lock,8.896666844685873,6,6100,SEA@NO,SEA,NO,,,,,,QB
81398-6714,QB,Joe,Joe Flacco,Flacco,15.879999796549479,3,6100,MIA@NYJ,NYJ,MIA,,,,,,QB
81398-41562,QB,Nick,Nick Mullens,Mullens,9.880000114440918,1,6100,CHI@MIN,MIN,CHI,,,,,,QB
81398-8803,QB,Chase,Chase Daniel,Daniel,-0.20000000298023224,1,6100,LAC@CLE,LAC,CLE,,,,,,QB
81398-56192,QB,John,John Wolford,Wolford,-0.44999998807907104,2,6100,DAL@LAR,LAR,DAL,,,,,,QB
81398-83074,TE,Dallas,Dallas Goedert,Goedert,9.5,4,6100,PHI@ARI,PHI,ARI,,,,,,TE/FLEX
81398-89230,RB,Cam,Cam Akers,Akers,4.650000095367432,4,6100,DAL@LAR,LAR,DAL,,,,,,RB/FLEX
81398-11500,QB,Colt,Colt McCoy,McCoy,6.0428570338657925,7,6100,PHI@ARI,ARI,PHI,IR,Calf,,,,QB
81398-27986,QB,C.J.,C.J. Beathard,Beathard,-0.10000000149011612,1,6100,HOU@JAC,JAC,HOU,,,,,,QB
81398-40407,QB,Joshua,Joshua Dobbs,Dobbs,,,6100,LAC@CLE,CLE,LAC,,,,,,QB
81398-40482,QB,Tim,Tim Boyle,Boyle,7.585000038146973,4,6100,DET@NE,DET,NE,,,,,,QB
81398-87691,QB,Malik,Malik Willis,Willis,-0.1599999964237213,1,6100,TEN@WAS,TEN,WAS,,,,,,QB
81398-69294,QB,Skylar,Skylar Thompson,Thompson,,,6100,MIA@NYJ,MIA,NYJ,,,,,,QB
81398-28434,QB,Trevor,Trevor Siemian,Siemian,15.526667277018229,6,6100,CHI@MIN,CHI,MIN,,,,,,QB
81398-53095,QB,Kyle,Kyle Allen,Allen,3.950000047683716,2,6100,HOU@JAC,HOU,JAC,,,,,,QB
81398-14194,QB,Blaine,Blaine Gabbert,Gabbert,0.33000000317891437,6,6100,ATL@TB,TB,ATL,,,,,,QB
81398-71710,QB,Nate,Nate Stanley,Stanley,,,6000,CHI@MIN,MIN,CHI,,,,,,QB
81398-30761,QB,Nathan,Nathan Peterman,Peterman,0.20000000298023224,1,6000,CHI@MIN,CHI,MIN,,,,,,QB
81398-104576,QB,Sam,Sam Howell,Howell,,,6000,TEN@WAS,WAS,TEN,,,,,,QB
81398-63634,WR,Jakobi,Jakobi Meyers,Meyers,11.100000381469727,2,6000,DET@NE,NE,DET,Q,Knee,,,,WR/FLEX
81398-94396,QB,Carson,Carson Strong,Strong,,,6000,PHI@ARI,PHI,ARI,,,,,,QB
81398-149696,QB,Trey,Trey Lance,Lance,6.730000019073486,2,6000,SF@CAR,SF,CAR,IR,Ankle,,,,QB
81398-45259,QB,Logan,Logan Woodside,Woodside,-0.15000000596046448,4,6000,TEN@WAS,TEN,WAS,,,,,,QB
81398-92362,QB,Levi,Levi Lewis,Lewis,,,6000,SEA@NO,SEA,NO,,,,,,QB
81398-170252,QB,Felix,Felix Harper,Harper,,,6000,LAC@CLE,CLE,LAC,,,,,,QB
81398-84287,QB,Luis,Luis Perez,Perez,,,6000,DAL@LAR,LAR,DAL,,,,,,QB
81398-69956,WR,Michael,Michael Gallup,Gallup,9.399999618530273,1,6000,DAL@LAR,DAL,LAR,,,,,,WR/FLEX
81398-94534,WR,Gabe,Gabe Davis,Davis,7.933333079020183,3,6000,PIT@BUF,BUF,PIT,,,,,,WR/FLEX
81398-53729,QB,Mason,Mason Rudolph,Rudolph,9.6899995803833,2,6000,PIT@BUF,PIT,BUF,,,,,,QB
81398-45565,TE,Taysom,Taysom Hill,Hill,8.09999974568685,3,6000,SEA@NO,NO,SEA,,,,,,TE/FLEX
81398-88630,QB,Matt,Matt Corral,Corral,,,6000,SF@CAR,CAR,SF,IR,Foot,,,,QB
81398-94797,QB,Kellen,Kellen Mond,Mond,0.20000000298023224,1,6000,LAC@CLE,CLE,LAC,,,,,,QB
81398-29445,QB,Sean,Sean Mannion,Mannion,12.960000038146973,1,6000,SEA@NO,SEA,NO,,,,,,QB
81398-41827,QB,P.J.,P.J. Walker,Walker,3.3560001373291017,5,6000,SF@CAR,CAR,SF,,,,,,QB
81398-33647,QB,Kyle,Kyle Sloter,Sloter,,,6000,HOU@JAC,JAC,HOU,,,,,,QB
81398-62364,QB,Josh,Josh Rosen,Rosen,-0.41333333651224774,3,6000,LAC@CLE,CLE,LAC,,,,,,QB
81398-29605,QB,Matt,Matt Barkley,Barkley,,,6000,PIT@BUF,BUF,PIT,,,,,,QB
81398-33702,QB,Ryan,Ryan Griffin,Griffin,,,6000,ATL@TB,TB,ATL,,,,,,QB
81398-93103,QB,E.J.,E.J. Perry,Perry,,,6000,HOU@JAC,JAC,HOU,,,,,,QB
81398-111540,RB,Rhamondre,Rhamondre Stevenson,Stevenson,9.574999809265137,4,6000,DET@NE,NE,DET,,,,,,RB/FLEX
81398-70603,RB,Devin,Devin Singletary,Singletary,9.875,4,6000,PIT@BUF,BUF,PIT,,,,,,RB/FLEX
81398-56286,QB,Trace,Trace McSorley,McSorley,2.4800000190734863,1,6000,PHI@ARI,ARI,PHI,,,,,,QB
81398-29715,QB,Kevin,Kevin Hogan,Hogan,,,6000,HOU@JAC,HOU,JAC,,,,,,QB
81398-62566,QB,Travis,Travis Jonsen,Jonsen,,,6000,ATL@TB,TB,ATL,,,,,,QB
81398-52342,QB,Will,Will Grier,Grier,,,6000,DAL@LAR,DAL,LAR,,,,,,QB
81398-68741,QB,Brandon,Brandon Peters,Peters,,,6000,LAC@CLE,LAC,CLE,,,,,,QB
81398-103564,WR,Garrett,Garrett Wilson,Wilson,11.824999809265137,4,6000,MIA@NYJ,NYJ,MIA,,,,,,WR/FLEX
81398-27801,QB,Nate,Nate Sudfeld,Sudfeld,,,6000,DET@NE,DET,NE,,,,,,QB
81398-130269,QB,Reid,Reid Sinnett,Sinnett,,,6000,MIA@NYJ,MIA,NYJ,,,,,,QB
81398-60787,QB,Bryce,Bryce Perkins,Perkins,,,6000,DAL@LAR,LAR,DAL,,,,,,QB
81398-52606,QB,David,David Blough,Blough,0.6000000238418579,1,6000,CHI@MIN,MIN,CHI,,,,,,QB
81398-103824,QB,Easton,Easton Stick,Stick,,,6000,LAC@CLE,LAC,CLE,,,,,,QB
81398-73118,QB,Ian,Ian Book,Book,4,1,6000,PHI@ARI,PHI,ARI,,,,,,QB
81398-71077,QB,Cole,Cole Kelley,Kelley,,,6000,TEN@WAS,WAS,TEN,,,,,,QB
81398-30253,QB,Jeff,Jeff Driskel,Driskel,0.75,2,6000,HOU@JAC,HOU,JAC,,,,,,QB
81398-71232,QB,D'Eriq,D'Eriq King,King,,,6000,DET@NE,NE,DET,,,,,,QB
81398-71242,QB,Jarrett,Jarrett Guarantano,Guarantano,,,6000,PHI@ARI,ARI,PHI,,,,,,QB
81398-40534,QB,Mike,Mike White,White,13.005000114440918,4,6000,MIA@NYJ,NYJ,MIA,,,,,,QB
81398-54879,QB,Deshaun,Deshaun Watson,Watson,,,6000,LAC@CLE,CLE,LAC,IR,Suspension,,,,QB
81398-85607,QB,Brock,Brock Purdy,Purdy,,,6000,SF@CAR,SF,CAR,,,,,,QB
81398-69302,QB,Feleipe,Feleipe Franks,Franks,-0.13333333532015482,3,6000,ATL@TB,ATL,TB,,,,,,QB
81398-69304,QB,Kyle,Kyle Trask,Trask,,,6000,ATL@TB,TB,ATL,,,,,,QB
81398-52929,QB,Jake,Jake Luton,Luton,,,6000,SEA@NO,NO,SEA,,,,,,QB
81398-69333,QB,Jacob,Jacob Eason,Eason,0,1,6000,SF@CAR,CAR,SF,,,,,,QB
81398-38767,QB,Chris,Chris Streveler,Streveler,1.0199999809265137,2,6000,MIA@NYJ,NYJ,MIA,,,,,,QB
81398-169852,QB,Davis,Davis Cheek,Cheek,,,6000,SF@CAR,CAR,SF,,,,,,QB
81398-14211,RB,Mark,Mark Ingram II,Ingram II,4.875,4,6000,SEA@NO,NO,SEA,,,,,,RB/FLEX
81398-63469,QB,Ben,Ben DiNucci,DiNucci,,,6000,DAL@LAR,DAL,LAR,,,,,,QB
81398-71672,QB,K.J.,K.J. Costello,Costello,,,6000,SEA@NO,NO,SEA,,,,,,QB
81398-45229,RB,Kareem,Kareem Hunt,Hunt,11.199999809265137,4,5900,LAC@CLE,CLE,LAC,,,,,,RB/FLEX
81398-45439,WR,Corey,Corey Davis,Davis,11.399999618530273,4,5900,MIA@NYJ,NYJ,MIA,,,,,,WR/FLEX
81398-29685,WR,Robert,Robert Woods,Woods,7.300000190734863,4,5900,TEN@WAS,TEN,WAS,,,,,,WR/FLEX
81398-29780,TE,Zach,Zach Ertz,Ertz,10.774999618530273,4,5900,PHI@ARI,ARI,PHI,,,,,,TE/FLEX
81398-63043,WR,DJ,DJ Moore,Moore,7.349999904632568,4,5900,SF@CAR,CAR,SF,,,,,,WR/FLEX
81398-85798,WR,Brandon,Brandon Aiyuk,Aiyuk,7.900000095367432,4,5900,SF@CAR,SF,CAR,,,,,,WR/FLEX
81398-28744,RB,Raheem,Raheem Mostert,Mostert,5.824999809265137,4,5800,MIA@NYJ,MIA,NYJ,,,,,,RB/FLEX
81398-69777,WR,Darnell,Darnell Mooney,Mooney,4.025000095367432,4,5800,CHI@MIN,CHI,MIN,,,,,,WR/FLEX
81398-86229,WR,Jahan,Jahan Dotson,Dotson,11.550000190734863,4,5800,TEN@WAS,WAS,TEN,O,Hamstring,,,,WR/FLEX
81398-86244,TE,Pat,Pat Freiermuth,Freiermuth,9.324999809265137,4,5800,PIT@BUF,PIT,BUF,,,,,,TE/FLEX
81398-137902,RB,Rachaad,Rachaad White,White,3.825000047683716,4,5800,ATL@TB,TB,ATL,,,,,,RB/FLEX
81398-52613,WR,Curtis,Curtis Samuel,Samuel,12.5,4,5800,TEN@WAS,WAS,TEN,,,,,,WR/FLEX
81398-55335,TE,David,David Njoku,Njoku,8.125,4,5700,LAC@CLE,CLE,LAC,,,,,,TE/FLEX
81398-63759,RB,Tony,Tony Pollard,Pollard,8.199999809265137,4,5700,DAL@LAR,DAL,LAR,Q,Illness,,,,RB/FLEX
81398-90428,RB,Tyler,Tyler Allgeier,Allgeier,5.799999872843425,3,5700,ATL@TB,ATL,TB,,,,,,RB/FLEX
81398-41305,WR,Zay,Zay Jones,Jones,10.933333079020182,3,5700,HOU@JAC,JAC,HOU,Q,Ankle,,,,WR/FLEX
81398-33260,WR,DeVante,DeVante Parker,Parker,7.224999904632568,4,5700,DET@NE,NE,DET,,,,,,WR/FLEX
81398-83081,RB,Chase,Chase Edmonds,Edmonds,9.324999809265137,4,5700,MIA@NYJ,MIA,NYJ,,,,,,RB/FLEX
81398-14190,WR,Julio,Julio Jones,Jones,5.650000095367432,2,5700,ATL@TB,TB,ATL,Q,Knee,,,,WR/FLEX
81398-28643,WR,Allen,Allen Robinson II,Robinson II,5,4,5700,DAL@LAR,LAR,DAL,,,,,,WR/FLEX
81398-86080,TE,Kyle,Kyle Pitts,Pitts,5,4,5600,ATL@TB,ATL,TB,O,Hamstring,,,,TE/FLEX
81398-89157,RB,Caleb,Caleb Huntley,Huntley,5.949999809265137,2,5600,ATL@TB,ATL,TB,,,,,,RB/FLEX
81398-73111,WR,Chase,Chase Claypool,Claypool,4.525000095367432,4,5600,PIT@BUF,PIT,BUF,,,,,,WR/FLEX
81398-52917,WR,DJ,DJ Chark Jr.,Chark Jr.,6.433333079020183,3,5600,DET@NE,DET,NE,O,Ankle,,,,WR/FLEX
81398-89956,RB,Travis,Travis Etienne Jr.,Etienne Jr.,6.625,4,5600,HOU@JAC,JAC,HOU,,,,,,RB/FLEX
81398-61593,WR,Jauan,Jauan Jennings,Jennings,3.325000047683716,4,5500,SF@CAR,SF,CAR,Q,Ankle,,,,WR/FLEX
81398-90562,RB,Brian,Brian Robinson Jr.,Robinson Jr.,,,5500,TEN@WAS,WAS,TEN,IR,Knee,,,,RB/FLEX
81398-31394,WR,Jarvis,Jarvis Landry,Landry,6.574999809265137,4,5500,SEA@NO,NO,SEA,Q,Ankle,,,,WR/FLEX
81398-47870,TE,Tyler,Tyler Higbee,Higbee,9.350000381469727,4,5500,DAL@LAR,LAR,DAL,,,,,,TE/FLEX
81398-86875,RB,Jordan,Jordan Mason,Mason,0.699999988079071,1,5500,SF@CAR,SF,CAR,,,,,,RB/FLEX
81398-29683,WR,Nelson,Nelson Agholor,Agholor,7.875,4,5500,DET@NE,NE,DET,,,,,,WR/FLEX
81398-93539,RB,Michael,Michael Carter,Carter,7.5,4,5500,MIA@NYJ,NYJ,MIA,,,,,,RB/FLEX
81398-87418,WR,Joshua,Joshua Palmer,Palmer,7.324999809265137,4,5500,LAC@CLE,LAC,CLE,Q,Ankle,,,,WR/FLEX
81398-26251,WR,Robbie,Robbie Anderson,Anderson,6.849999904632568,4,5500,SF@CAR,CAR,SF,,,,,,WR/FLEX
81398-110246,WR,George,George Pickens,Pickens,5.550000190734863,4,5500,PIT@BUF,PIT,BUF,,,,,,WR/FLEX
81398-110259,WR,Treylon,Treylon Burks,Burks,4.775000095367432,4,5500,TEN@WAS,TEN,WAS,O,Toe,,,,WR/FLEX
81398-104424,RB,Craig,Craig Reynolds,Reynolds,3.4666665395100913,3,5500,DET@NE,DET,NE,,,,,,RB/FLEX
81398-64389,WR,Nick,Nick Westbrook-Ikhine,Westbrook-Ikhine,3.0333334604899087,3,5400,TEN@WAS,TEN,WAS,,,,,,WR/FLEX
81398-56248,WR,Noah,Noah Brown,Brown,10.600000381469727,4,5400,DAL@LAR,DAL,LAR,,,,,,WR/FLEX
81398-91419,WR,Nico,Nico Collins,Collins,6.550000190734863,4,5400,HOU@JAC,HOU,JAC,,,,,,WR/FLEX
81398-91426,WR,Donovan,Donovan Peoples-Jones,Peoples-Jones,5.025000095367432,4,5400,LAC@CLE,CLE,LAC,,,,,,WR/FLEX
81398-87467,RB,Chuba,Chuba Hubbard,Hubbard,0.20000000298023224,4,5400,SF@CAR,CAR,SF,,,,,,RB/FLEX
81398-85762,RB,Eno,Eno Benjamin,Benjamin,5.625,4,5400,PHI@ARI,ARI,PHI,,,,,,RB/FLEX
81398-79979,WR,Jamal,Jamal Agnew,Agnew,5.75,4,5300,HOU@JAC,JAC,HOU,,,,,,WR/FLEX
81398-53640,RB,Sony,Sony Michel,Michel,2.8499999046325684,4,5300,LAC@CLE,LAC,CLE,,,,,,RB/FLEX
81398-88575,WR,Elijah,Elijah Moore,Moore,6.574999809265137,4,5300,MIA@NYJ,NYJ,MIA,,,,,,WR/FLEX
81398-103342,RB,Kenneth,Kenneth Walker III,Walker III,3.3999999364217124,3,5300,SEA@NO,SEA,NO,Q,Shoulder,,,,RB/FLEX
81398-64496,WR,Olamide,Olamide Zaccheaus,Zaccheaus,6.599999904632568,4,5300,ATL@TB,ATL,TB,,,,,,WR/FLEX
81398-60451,TE,Tyler,Tyler Conklin,Conklin,8.925000190734863,4,5300,MIA@NYJ,NYJ,MIA,,,,,,TE/FLEX
81398-71105,WR,Ben,Ben Skowronek,Skowronek,5,4,5300,DAL@LAR,LAR,DAL,,,,,,WR/FLEX
81398-24755,WR,Jamison,Jamison Crowder,Crowder,2.25,4,5200,PIT@BUF,BUF,PIT,O,Ankle,,,,WR/FLEX
81398-63855,WR,K.J.,K.J. Osborn,Osborn,5.800000190734863,4,5200,CHI@MIN,MIN,CHI,,,,,,WR/FLEX
81398-80289,WR,Kendrick,Kendrick Bourne,Bourne,4.949999809265137,4,5200,DET@NE,NE,DET,,,,,,WR/FLEX
81398-55830,RB,D'Onta,D'Onta Foreman,Foreman,0.5333333412806193,3,5200,SF@CAR,CAR,SF,,,,,,RB/FLEX
81398-90912,RB,Kenneth,Kenneth Gainwell,Gainwell,5.324999809265137,4,5200,PHI@ARI,PHI,ARI,,,,,,RB/FLEX
81398-93408,WR,Rondale,Rondale Moore,Moore,2.200000047683716,1,5200,PHI@ARI,ARI,PHI,Q,Knee,,,,WR/FLEX
81398-64841,WR,Equanimeous,Equanimeous St. Brown,St. Brown,5.224999904632568,4,5200,CHI@MIN,CHI,MIN,,,,,,WR/FLEX
81398-34295,WR,Breshad,Breshad Perriman,Perriman,5.066666603088379,3,5200,ATL@TB,TB,ATL,Q,Knee,,,,WR/FLEX
81398-22103,WR,Marvin,Marvin Jones Jr.,Jones Jr.,5.474999904632568,4,5200,HOU@JAC,JAC,HOU,,,,,,WR/FLEX
81398-63078,RB,Ke'Shawn,Ke'Shawn Vaughn,Vaughn,6.828571319580078,7,5200,ATL@TB,TB,ATL,,,,,,RB/FLEX
81398-26355,TE,Logan,Logan Thomas,Thomas,5.775000095367432,4,5200,TEN@WAS,WAS,TEN,Q,Calf,,,,TE/FLEX
81398-91902,WR,Kyle,Kyle Philips,Philips,2.199999968210856,3,5200,TEN@WAS,TEN,WAS,,,,,,WR/FLEX
81398-33047,WR,Chris,Chris Moore,Moore,3.700000047683716,4,5100,HOU@JAC,HOU,JAC,O,Hip,,,,WR/FLEX
81398-43334,RB,J.D.,J.D. McKissic,McKissic,7.550000190734863,4,5100,TEN@WAS,WAS,TEN,,,,,,RB/FLEX
81398-70027,RB,Zack,Zack Moss,Moss,3.1500000953674316,4,5100,PIT@BUF,BUF,PIT,,,,,,RB/FLEX
81398-27338,RB,Rex,Rex Burkhead,Burkhead,7.199999809265137,4,5100,HOU@JAC,HOU,JAC,,,,,,RB/FLEX
81398-70422,WR,Kalif,Kalif Raymond,Raymond,1.125,4,5100,DET@NE,DET,NE,,,,,,WR/FLEX
81398-62628,WR,DeAndre,DeAndre Carter,Carter,6.400000095367432,4,5100,LAC@CLE,LAC,CLE,,,,,,WR/FLEX
81398-56708,TE,Will,Will Dissly,Dissly,8.899999618530273,4,5100,SEA@NO,SEA,NO,,,,,,TE/FLEX
81398-71246,WR,Marquez,Marquez Callaway,Callaway,6.849999904632568,2,5100,SEA@NO,NO,SEA,,,,,,WR/FLEX
81398-14187,WR,A.J.,A.J. Green,Green,2.4666666984558105,3,5100,PHI@ARI,ARI,PHI,,,,,,WR/FLEX
81398-16606,WR,DeAndre,DeAndre Hopkins,Hopkins,12.61999969482422,10,5000,PHI@ARI,ARI,PHI,IR,Suspension,,,,WR/FLEX
81398-12526,D,Buffalo,Buffalo Bills,Bills,12,4,5000,PIT@BUF,BUF,PIT,,,,,,DEF
81398-92413,RB,Elijah,Elijah Mitchell,Mitchell,4.099999904632568,1,5000,SF@CAR,SF,CAR,IR,Knee - mcl,,,,RB/FLEX
81398-72103,RB,Trey,Trey Ragas,Ragas,2.5,1,5000,DAL@LAR,LAR,DAL,Q,Undisclosed,,,,RB/FLEX
81398-55748,WR,James,James Washington,Washington,4.03125,16,5000,DAL@LAR,DAL,LAR,IR,Foot,,,,WR/FLEX
81398-102893,RB,Tyrion,Tyrion Davis-Price,Davis-Price,3.299999952316284,1,5000,SF@CAR,SF,CAR,O,Ankle,,,,RB/FLEX
81398-86518,WR,Khalil,Khalil Shakir,Shakir,1.649999976158142,2,5000,PIT@BUF,BUF,PIT,,,,,,WR/FLEX
81398-57909,RB,Marlon,Marlon Mack,Mack,0,1,5000,SF@CAR,SF,CAR,,,,,,RB/FLEX
81398-62055,WR,Ray-Ray,Ray-Ray McCloud III,McCloud III,1.8250000476837158,4,5000,SF@CAR,SF,CAR,,,,,,WR/FLEX
81398-25290,RB,Giovani,Giovani Bernard,Bernard,0,1,5000,ATL@TB,TB,ATL,IR,Ankle,,,,RB/FLEX
81398-56059,WR,Trent,Trent Sherfield,Sherfield,2.924999952316284,4,5000,MIA@NYJ,MIA,NYJ,,,,,,WR/FLEX
81398-56265,TE,Mike,Mike Gesicki,Gesicki,4.275000095367432,4,5000,MIA@NYJ,MIA,NYJ,,,,,,TE/FLEX
81398-64581,WR,Van,Van Jefferson,Jefferson,7.590475899832589,21,5000,DAL@LAR,LAR,DAL,IR,Knee,,,,WR/FLEX
81398-64585,TE,Dawson,Dawson Knox,Knox,4.275000095367432,4,5000,PIT@BUF,BUF,PIT,O,Foot,,,,TE/FLEX
81398-89209,RB,Trestan,Trestan Ebner,Ebner,1.024999976158142,4,5000,CHI@MIN,CHI,MIN,,,,,,RB/FLEX
81398-27776,RB,Tevin,Tevin Coleman,Coleman,4.181818181818182,11,5000,SF@CAR,SF,CAR,,,,,,RB/FLEX
81398-85306,WR,KhaDarel,KhaDarel Hodge,Hodge,4,3,5000,ATL@TB,ATL,TB,,,,,,WR/FLEX
81398-73121,RB,Tony,Tony Jones Jr.,Jones Jr.,3,1,5000,SEA@NO,NO,SEA,,,,,,RB/FLEX
81398-52808,RB,Dontrell,Dontrell Hilliard,Hilliard,9.700000127156576,3,5000,TEN@WAS,TEN,WAS,,,,,,RB/FLEX
81398-52897,RB,Darrel,Darrel Williams,Williams,5.266666730244954,3,5000,PHI@ARI,ARI,PHI,,,,,,RB/FLEX
81398-22288,WR,Cole,Cole Beasley,Beasley,1.850000023841858,2,5000,ATL@TB,TB,ATL,,,,,,WR/FLEX
81398-73687,WR,Quez,Quez Watkins,Watkins,3.4749999046325684,4,5000,PHI@ARI,PHI,ARI,,,,,,WR/FLEX
81398-53390,WR,Zach,Zach Pascal,Pascal,1.725000023841858,4,4900,PHI@ARI,PHI,ARI,,,,,,WR/FLEX
81398-12539,D,Miami,Miami Dolphins,Dolphins,6.75,4,4900,MIA@NYJ,MIA,NYJ,,,,,,DEF
81398-53913,WR,Cody,Cody Hollister,Hollister,2.700000047683716,1,4900,TEN@WAS,TEN,WAS,,,,,,WR/FLEX
81398-41872,TE,Evan,Evan Engram,Engram,4.599999904632568,4,4900,HOU@JAC,JAC,HOU,,,,,,TE/FLEX
81398-41997,WR,River,River Cracraft,Cracraft,4.766666730244954,3,4900,MIA@NYJ,MIA,NYJ,,,,,,WR/FLEX
81398-56698,WR,Dante,Dante Pettis,Pettis,3.866666793823242,3,4900,CHI@MIN,CHI,MIN,,,,,,WR/FLEX
81398-112057,RB,Jaylen,Jaylen Warren,Warren,2.299999952316284,4,4900,PIT@BUF,PIT,BUF,,,,,,RB/FLEX
81398-54782,TE,Cameron,Cameron Brate,Brate,3.875,4,4900,ATL@TB,TB,ATL,O,Concussion,,,,TE/FLEX
81398-73247,RB,Kene,Kene Nwangwu,Nwangwu,0,4,4900,CHI@MIN,MIN,CHI,,,,,,RB/FLEX
81398-91872,RB,Joshua,Joshua Kelley,Kelley,2.575000047683716,4,4900,LAC@CLE,LAC,CLE,,,,,,RB/FLEX
81398-34729,RB,Dwayne,Dwayne Washington,Washington,0.8999999761581421,2,4900,SEA@NO,NO,SEA,,,,,,RB/FLEX
81398-69558,WR,Greg,Greg Dortch,Dortch,9.225000381469727,4,4900,PHI@ARI,ARI,PHI,,,,,,WR/FLEX
81398-104388,WR,Tom,Tom Kennedy,Kennedy,6.900000095367432,1,4900,DET@NE,DET,NE,,,,,,WR/FLEX
81398-57342,WR,Tre'Quan,Tre'Quan Smith,Smith,7.400000095367432,2,4900,SEA@NO,NO,SEA,,,,,,WR/FLEX
81398-71705,TE,Noah,Noah Fant,Fant,4.150000095367432,4,4800,SEA@NO,SEA,NO,,,,,,TE/FLEX
81398-12551,D,Tampa Bay,Tampa Bay Buccaneers,Buccaneers,11.5,4,4800,ATL@TB,TB,ATL,,,,,,DEF
81398-71957,WR,Quintez,Quintez Cephus,Cephus,2.5,1,4800,DET@NE,DET,NE,O,Foot,,,,WR/FLEX
81398-70133,RB,Jake,Jake Funk,Funk,0.2,5,4800,DAL@LAR,LAR,DAL,,,,,,RB/FLEX
81398-72772,RB,Avery,Avery Williams,Williams,1.524999976158142,4,4800,ATL@TB,ATL,TB,,,,,,RB/FLEX
81398-114180,WR,David,David Bell,Bell,2.2333332697550454,3,4800,LAC@CLE,CLE,LAC,,,,,,WR/FLEX
81398-91677,WR,Shi,Shi Smith,Smith,1.399999976158142,4,4800,SF@CAR,CAR,SF,,,,,,WR/FLEX
81398-69295,WR,Byron,Byron Pringle,Pringle,2.1500000953674316,2,4800,CHI@MIN,CHI,MIN,IR,Calf,,,,WR/FLEX
81398-55042,TE,Dalton,Dalton Schultz,Schultz,3.5,3,4800,DAL@LAR,DAL,LAR,,,,,,TE/FLEX
81398-55165,RB,Justin,Justin Jackson,Jackson,2.566666603088379,3,4800,DET@NE,DET,NE,,,,,,RB/FLEX
81398-69581,WR,Cedrick,Cedrick Wilson Jr.,Wilson Jr.,1.899999976158142,2,4800,MIA@NYJ,MIA,NYJ,,,,,,WR/FLEX
81398-12532,D,Detroit,Detroit Lions,Lions,2.25,4,4700,DET@NE,DET,NE,,,,,,DEF
81398-94625,WR,Jalen,Jalen Reagor,Reagor,0.8999999761581421,4,4700,CHI@MIN,MIN,CHI,,,,,,WR/FLEX
81398-43433,RB,Boston,Boston Scott,Scott,3.2000001271565757,3,4700,PHI@ARI,PHI,ARI,Q,Ribs,,,,RB/FLEX
81398-72182,WR,Dee,Dee Eskridge,Eskridge,1.2333333492279053,3,4700,SEA@NO,SEA,NO,,,,,,WR/FLEX
81398-72725,TE,Irv,Irv Smith Jr.,Smith Jr.,5.025000095367432,4,4700,CHI@MIN,MIN,CHI,,,,,,TE/FLEX
81398-27671,WR,Jake,Jake Kumerow,Kumerow,4.199999809265137,2,4700,PIT@BUF,BUF,PIT,O,Ankle,,,,WR/FLEX
81398-154661,WR,Michael,Michael Bandy,Bandy,5.900000095367432,1,4700,LAC@CLE,LAC,CLE,,,,,,WR/FLEX
81398-52345,WR,Brandon,Brandon Powell,Powell,1.399999976158142,4,4700,DAL@LAR,LAR,DAL,,,,,,WR/FLEX
81398-64808,TE,Juwan,Juwan Johnson,Johnson,4.025000095367432,4,4700,SEA@NO,NO,SEA,,,,,,TE/FLEX
81398-71031,WR,Lil'Jordan,Lil'Jordan Humphrey,Humphrey,1,3,4700,DET@NE,NE,DET,,,,,,WR/FLEX
81398-60838,WR,Andre,Andre Baccellia,Baccellia,2.25,2,4700,PHI@ARI,ARI,PHI,,,,,,WR/FLEX
81398-91626,RB,James,James Cook,Cook,2.375,4,4700,PIT@BUF,BUF,PIT,,,,,,RB/FLEX
81398-32243,WR,Marquise,Marquise Goodwin,Goodwin,2.433333396911621,3,4700,SEA@NO,SEA,NO,Q,Knee,,,,WR/FLEX
81398-69276,WR,Bryan,Bryan Edwards,Edwards,0.3499999940395355,2,4700,ATL@TB,ATL,TB,,,,,,WR/FLEX
81398-61273,WR,Scotty,Scotty Miller,Miller,3.299999952316284,2,4700,ATL@TB,TB,ATL,,,,,,WR/FLEX
81398-94087,RB,DeeJay,DeeJay Dallas,Dallas,0.949999988079071,4,4700,SEA@NO,SEA,NO,,,,,,RB/FLEX
81398-86113,WR,Ihmir,Ihmir Smith-Marsette,Smith-Marsette,0,2,4600,CHI@MIN,CHI,MIN,,,,,,WR/FLEX
81398-104577,WR,Gunner,Gunner Olszewski,Olszewski,-0.05000000074505806,4,4600,PIT@BUF,PIT,BUF,,,,,,WR/FLEX
81398-65724,RB,JaMycal,JaMycal Hasty,Hasty,1.600000023841858,2,4600,HOU@JAC,JAC,HOU,,,,,,RB/FLEX
81398-57543,RB,D'Ernest,D'Ernest Johnson,Johnson,7.883333206176758,12,4600,LAC@CLE,CLE,LAC,,,,,,RB/FLEX
81398-88277,RB,Anthony,Anthony McFarland Jr.,McFarland Jr.,0.949999988079071,2,4600,PIT@BUF,PIT,BUF,,,,,,RB/FLEX
81398-63717,RB,Alec,Alec Ingold,Ingold,1.3666666348775227,3,4600,MIA@NYJ,MIA,NYJ,,,,,,RB/FLEX
81398-88297,TE,Chig,Chig Okonkwo,Okonkwo,6.25,2,4600,TEN@WAS,TEN,WAS,,,,,,TE/FLEX
81398-12554,D,Jacksonville,Jacksonville Jaguars,Jaguars,11.25,4,4600,HOU@JAC,JAC,HOU,,,,,,DEF
81398-90408,WR,Dax,Dax Milne,Milne,0.699999988079071,4,4600,TEN@WAS,WAS,TEN,,,,,,WR/FLEX
81398-90533,RB,Jerome,Jerome Ford,Ford,0,4,4600,LAC@CLE,CLE,LAC,IR,Ankle,,,,RB/FLEX
81398-72133,WR,Antoine,Antoine Wesley,Wesley,5.588888804117839,9,4600,PHI@ARI,ARI,PHI,IR,Hip,,,,WR/FLEX
81398-31184,RB,Jonathan,Jonathan Williams,Williams,2.700000047683716,2,4600,TEN@WAS,WAS,TEN,,,,,,RB/FLEX
81398-88548,WR,Jalen,Jalen Tolbert,Tolbert,0.8999999761581421,1,4600,DAL@LAR,DAL,LAR,,,,,,WR/FLEX
81398-39428,RB,Kyle,Kyle Juszczyk,Juszczyk,3.4749999046325684,4,4600,SF@CAR,SF,CAR,,,,,,RB/FLEX
81398-72297,RB,Rico,Rico Dowdle,Dowdle,,,4600,DAL@LAR,DAL,LAR,,,,,,RB/FLEX
81398-88699,RB,Jaret,Jaret Patterson,Patterson,3.6357143947056363,14,4600,TEN@WAS,WAS,TEN,,,,,,RB/FLEX
81398-70282,WR,Demetric,Demetric Felton,Felton,0.20000000298023224,2,4600,LAC@CLE,CLE,LAC,,,,,,WR/FLEX
81398-23194,WR,Josh,Josh Gordon,Gordon,0,1,4600,TEN@WAS,TEN,WAS,,,,,,WR/FLEX
81398-55970,RB,Royce,Royce Freeman,Freeman,2.6909091255881568,11,4600,HOU@JAC,HOU,JAC,,,,,,RB/FLEX
81398-92859,WR,Jalen,Jalen Nailor,Nailor,1.7999999523162842,1,4600,CHI@MIN,MIN,CHI,Q,Hamstring,,,,WR/FLEX
81398-70383,RB,Darrynton,Darrynton Evans,Evans,2.799999952316284,1,4600,CHI@MIN,CHI,MIN,,,,,,RB/FLEX
81398-27441,RB,Damien,Damien Williams,Williams,0.20000000298023224,1,4600,ATL@TB,ATL,TB,IR,Ribs,,,,RB/FLEX
81398-92976,WR,Tutu,Tutu Atwell,Atwell,0,2,4600,DAL@LAR,LAR,DAL,,,,,,WR/FLEX
81398-64339,WR,Auden,Auden Tate,Tate,2.8499999046325684,4,4600,PHI@ARI,PHI,ARI,,,,,,WR/FLEX
81398-93023,RB,Jermar,Jermar Jefferson,Jefferson,5.925000190734863,4,4600,DET@NE,DET,NE,,,,,,RB/FLEX
81398-91047,TE,Cole,Cole Kmet,Kmet,2.0250000953674316,4,4600,CHI@MIN,CHI,MIN,,,,,,TE/FLEX
81398-70601,TE,Harrison,Harrison Bryant,Bryant,4.200000127156575,3,4600,LAC@CLE,CLE,LAC,,,,,,TE/FLEX
81398-91101,TE,Tommy,Tommy Tremble,Tremble,2.2333332697550454,3,4600,SF@CAR,CAR,SF,,,,,,TE/FLEX
81398-29734,RB,Ty,Ty Montgomery,Montgomery,8.800000190734863,1,4600,DET@NE,NE,DET,IR,Knee,,,,RB/FLEX
81398-25813,WR,Phillip,Phillip Dorsett II,Dorsett II,0.6666666666666666,3,4600,HOU@JAC,HOU,JAC,,,,,,WR/FLEX
81398-93404,RB,Zander,Zander Horvath,Horvath,3.5999999046325684,4,4600,LAC@CLE,LAC,CLE,,,,,,RB/FLEX
81398-91361,RB,Hassan,Hassan Haskins,Haskins,1.3999999364217122,3,4600,TEN@WAS,TEN,WAS,,,,,,RB/FLEX
81398-70889,RB,Benny,Benny Snell Jr.,Snell Jr.,0,1,4600,PIT@BUF,PIT,BUF,,,,,,RB/FLEX
81398-29949,WR,Marvin,Marvin Hall,Hall,1.5,1,4600,HOU@JAC,JAC,HOU,,,,,,WR/FLEX
81398-52495,WR,Braxton,Braxton Berrios,Berrios,3.3450000286102295,4,4600,MIA@NYJ,NYJ,MIA,,,,,,WR/FLEX
81398-64786,RB,Ryquell,Ryquell Armstead,Armstead,5.550000190734863,2,4600,HOU@JAC,JAC,HOU,,,,,,RB/FLEX
81398-87371,RB,Ty,Ty Chandler,Chandler,,,4600,CHI@MIN,MIN,CHI,,,,,,RB/FLEX
81398-93538,WR,Dyami,Dyami Brown,Brown,1.100000023841858,1,4600,TEN@WAS,WAS,TEN,,,,,,WR/FLEX
81398-93577,WR,Dazz,Dazz Newsome,Newsome,1.099999984105428,3,4600,CHI@MIN,CHI,MIN,,,,,,WR/FLEX
81398-89613,WR,Simi,Simi Fehoko,Fehoko,1.9500000476837158,2,4600,DAL@LAR,DAL,LAR,,,,,,WR/FLEX
81398-60957,WR,KaVontae,KaVontae Turpin,Turpin,0.07500000298023224,4,4600,DAL@LAR,DAL,LAR,,,,,,WR/FLEX
81398-63050,RB,Ty,Ty Johnson,Johnson,0.44999998807907104,2,4600,MIA@NYJ,NYJ,MIA,,,,,,RB/FLEX
81398-87657,WR,Seth,Seth Williams,Williams,3.9000000953674316,1,4600,HOU@JAC,JAC,HOU,,,,,,WR/FLEX
81398-87662,WR,Anthony,Anthony Schwartz,Schwartz,4.400000095367432,1,4600,LAC@CLE,CLE,LAC,,,,,,WR/FLEX
81398-85672,WR,Terrace,Terrace Marshall Jr.,Marshall Jr.,2.0249999364217124,12,4600,SF@CAR,CAR,SF,,,,,,WR/FLEX
81398-69303,WR,Freddie,Freddie Swain,Swain,4.352941176470588,17,4600,MIA@NYJ,MIA,NYJ,,,,,,WR/FLEX
81398-104176,WR,Deonte,Deonte Harty,Harty,0.10000000397364299,3,4600,SEA@NO,NO,SEA,,,,,,WR/FLEX
81398-71444,RB,Travis,Travis Homer,Homer,2.366666634877523,3,4600,SEA@NO,SEA,NO,IR,Ribs,,,,RB/FLEX
81398-87859,WR,Laviska,Laviska Shenault Jr.,Shenault Jr.,8,2,4600,SF@CAR,CAR,SF,O,Hamstring,,,,WR/FLEX
81398-26458,WR,Tavon,Tavon Austin,Austin,3.2833334604899087,12,4600,PIT@BUF,BUF,PIT,,,,,,WR/FLEX
81398-63419,WR,Andy,Andy Isabella,Isabella,1.5499999523162842,2,4600,PHI@ARI,ARI,PHI,,,,,,WR/FLEX
81398-92093,WR,Jaelon,Jaelon Darden,Darden,1.0666666825612385,3,4600,ATL@TB,TB,ATL,,,,,,WR/FLEX
81398-30678,WR,Damiere,Damiere Byrd,Byrd,0,1,4600,ATL@TB,ATL,TB,,,,,,WR/FLEX
81398-63447,WR,Penny,Penny Hart,Hart,2,1,4600,SEA@NO,SEA,NO,,,,,,WR/FLEX
81398-169990,WR,Cyrus,Cyrus Holder,Holder,,,4500,CHI@MIN,CHI,MIN,,,,,,WR/FLEX
81398-169991,WR,Landon,Landon Lenoir,Lenoir,,,4500,CHI@MIN,CHI,MIN,,,,,,WR/FLEX
81398-169989,WR,Henry,Henry Litwin,Litwin,,,4500,CHI@MIN,CHI,MIN,,,,,,WR/FLEX
81398-55323,RB,Jaylen,Jaylen Samuels,Samuels,1.2666666507720947,3,4500,PHI@ARI,ARI,PHI,,,,,,RB/FLEX
81398-86047,RB,Malik,Malik Davis,Davis,,,4500,DAL@LAR,DAL,LAR,,,,,,RB/FLEX
81398-133163,WR,Ra'Shaun,Ra'Shaun Henry,Henry,,,4500,SF@CAR,CAR,SF,,,,,,WR/FLEX
81398-71723,WR,Dez,Dez Fitzpatrick,Fitzpatrick,4.466666539510091,3,4500,TEN@WAS,TEN,WAS,,,,,,WR/FLEX
81398-79920,WR,Cyril,Cyril Grayson Jr.,Grayson Jr.,13.199999491373697,3,4500,ATL@TB,TB,ATL,,,,,,WR/FLEX
81398-94277,WR,Thomas,Thomas Hennigan,Hennigan,,,4500,CHI@MIN,MIN,CHI,IR,Undisclosed,,,,WR/FLEX
81398-55366,RB,Qadree,Qadree Ollison,Ollison,2.9500001271565757,6,4500,DAL@LAR,DAL,LAR,,,,,,RB/FLEX
81398-71756,WR,Aaron,Aaron Fuller,Fuller,,,4500,SEA@NO,SEA,NO,,,,,,WR/FLEX
81398-41042,WR,Marcell,Marcell Ateman,Ateman,,,4500,PHI@ARI,ARI,PHI,,,,,,WR/FLEX
81398-57432,WR,Cameron,Cameron Batson,Batson,2.5,4,4500,ATL@TB,ATL,TB,,,,,,WR/FLEX
81398-63576,WR,Kirk,Kirk Merritt,Merritt,1.7999999523162842,1,4500,SEA@NO,NO,SEA,,,,,,WR/FLEX
81398-65627,WR,Maurice,Maurice Alexander,Alexander,0,1,4500,DET@NE,DET,NE,,,,,,WR/FLEX
81398-94310,WR,Malik,Malik Williams,Williams,,,4500,PIT@BUF,BUF,PIT,,,,,,WR/FLEX
81398-86125,WR,Brandon,Brandon Smith,Smith,,,4500,DAL@LAR,DAL,LAR,,,,,,WR/FLEX
81398-79982,RB,Alex,Alex Armah,Armah,1.4499999682108562,6,4500,TEN@WAS,WAS,TEN,Q,Undisclosed,,,,RB/FLEX
81398-79987,WR,David,David Moore,Moore,0,2,4500,CHI@MIN,CHI,MIN,Q,Lower leg,,,,WR/FLEX
81398-63603,WR,Jared,Jared Pinkney,Pinkney,,,4500,DAL@LAR,LAR,DAL,,,,,,WR/FLEX
81398-30837,WR,Jordan,Jordan Matthews,Matthews,,,4500,SF@CAR,SF,CAR,IR,Knee - acl,,,,WR/FLEX
81398-55414,WR,Cody,Cody Thompson,Thompson,,,4500,SEA@NO,SEA,NO,IR,Shoulder,,,,WR/FLEX
81398-69769,RB,Darius,Darius Bradwell,Bradwell,0,1,4500,SF@CAR,CAR,SF,,,,,,RB/FLEX
81398-71821,WR,Joe,Joe Reed,Reed,,,4500,LAC@CLE,LAC,CLE,,,,,,WR/FLEX
81398-28827,RB,Dare,Dare Ogunbowale,Ogunbowale,4.3599998474121096,10,4500,HOU@JAC,HOU,JAC,,,,,,RB/FLEX
81398-86173,RB,Mekhi,Mekhi Sargent,Sargent,0.2750000059604645,4,4500,HOU@JAC,JAC,HOU,,,,,,RB/FLEX
81398-63646,WR,Lawrence,Lawrence Cager,Cager,0,1,4500,MIA@NYJ,NYJ,MIA,,,,,,WR/FLEX
81398-84137,WR,Deontez,Deontez Alexander,Alexander,,,4500,SEA@NO,SEA,NO,,,,,,WR/FLEX
81398-61631,WR,Bisi,Bisi Johnson,Johnson,,,4500,CHI@MIN,MIN,CHI,IR,Knee - acl,,,,WR/FLEX
81398-170184,RB,Julius,Julius Chestnut,Chestnut,,,4500,TEN@WAS,TEN,WAS,,,,,,RB/FLEX
81398-170190,WR,Isaiah,Isaiah Weston,Weston,,,4500,LAC@CLE,CLE,LAC,IR,Knee,,,,WR/FLEX
81398-28890,RB,Derek,Derek Watt,Watt,0.20000000298023224,1,4500,PIT@BUF,PIT,BUF,,,,,,RB/FLEX
81398-170214,WR,Dennis,Dennis Houston,Houston,1.2999999523162842,2,4500,DAL@LAR,DAL,LAR,,,,,,WR/FLEX
81398-170213,RB,Aaron,Aaron Shampklin,Shampklin,,,4500,DAL@LAR,DAL,LAR,Q,Ankle,,,,RB/FLEX
81398-170219,WR,Kevin,Kevin Kassis,Kassis,,,4500,SEA@NO,SEA,NO,,,,,,WR/FLEX
81398-28907,WR,Alex,Alex Erickson,Erickson,0.5833333333333334,12,4500,TEN@WAS,WAS,TEN,,,,,,WR/FLEX
81398-94453,RB,Darwin,Darwin Thompson,Thompson,,,4500,SEA@NO,SEA,NO,,,,,,RB/FLEX
81398-45307,WR,Rodney,Rodney Adams,Adams,0,1,4500,MIA@NYJ,NYJ,MIA,IR,Illness,,,,WR/FLEX
81398-69884,RB,Darius,Darius Anderson,Anderson,,,4500,HOU@JAC,HOU,JAC,IR,Knee,,,,RB/FLEX
81398-71935,WR,Kendric,Kendric Pryor,Pryor,,,4500,HOU@JAC,JAC,HOU,,,,,,WR/FLEX
81398-12545,D,Philadelphia,Philadelphia Eagles,Eagles,12.5,4,4500,PHI@ARI,PHI,ARI,,,,,,DEF
81398-94468,WR,Savon,Savon Scarver,Scarver,,,4500,CHI@MIN,CHI,MIN,,,,,,WR/FLEX
81398-90380,WR,Neil,Neil Pau'u,Pau'u,,,4500,PIT@BUF,BUF,PIT,,,,,,WR/FLEX
81398-94481,WR,Deven,Deven Thompkins,Thompkins,,,4500,ATL@TB,TB,ATL,,,,,,WR/FLEX
81398-102696,WR,John,John Metchie III,Metchie III,,,4500,HOU@JAC,HOU,JAC,IR,Illness,,,,WR/FLEX
81398-170287,WR,Rashid,Rashid Shaheed,Shaheed,,,4500,SEA@NO,NO,SEA,,,,,,WR/FLEX
81398-102721,WR,Dontario,Dontario Drummond,Drummond,,,4500,DAL@LAR,DAL,LAR,,,,,,WR/FLEX
81398-102729,RB,Snoop,Snoop Conner,Conner,,,4500,HOU@JAC,JAC,HOU,,,,,,RB/FLEX
81398-90458,RB,Troy,Troy Hairston,Hairston,1,1,4500,HOU@JAC,HOU,JAC,,,,,,RB/FLEX
81398-102762,RB,Kevin,Kevin Harris,Harris,,,4500,DET@NE,NE,DET,,,,,,RB/FLEX
81398-39286,TE,O.J.,O.J. Howard,Howard,5.425000190734863,4,4500,HOU@JAC,HOU,JAC,,,,,,TE/FLEX
81398-92545,RB,Keaontay,Keaontay Ingram,Ingram,,,4500,PHI@ARI,ARI,PHI,,,,,,RB/FLEX
81398-47501,WR,Marken,Marken Michel,Michel,,,4500,TEN@WAS,WAS,TEN,,,,,,WR/FLEX
81398-88463,WR,Johnny,Johnny Johnson III,Johnson III,,,4500,HOU@JAC,HOU,JAC,,,,,,WR/FLEX
81398-80281,WR,C.J.,C.J. Board,Board,1.2833333015441895,6,4500,PHI@ARI,ARI,PHI,,,,,,WR/FLEX
81398-72091,RB,Raymond,Raymond Calais,Calais,,,4500,DAL@LAR,LAR,DAL,,,,,,RB/FLEX
81398-47523,WR,Tajae,Tajae Sharpe,Sharpe,2.5357142857142856,14,4500,CHI@MIN,CHI,MIN,,,,,,WR/FLEX
81398-111012,WR,Kaylon,Kaylon Geiger Sr.,Geiger Sr.,,,4500,ATL@TB,TB,ATL,,,,,,WR/FLEX
81398-92590,RB,Raheem,Raheem Blackshear,Blackshear,,,4500,SF@CAR,CAR,SF,,,,,,RB/FLEX
81398-72122,WR,Jake,Jake Herslow,Herslow,,,4500,SEA@NO,SEA,NO,,,,,,WR/FLEX
81398-92606,WR,Bo,Bo Melton,Melton,,,4500,SEA@NO,SEA,NO,,,,,,WR/FLEX
81398-72135,WR,T.J.,T.J. Vasher,Vasher,,,4500,DAL@LAR,DAL,LAR,,,,,,WR/FLEX
81398-86472,WR,John,John Hightower,Hightower,0,1,4500,LAC@CLE,LAC,CLE,,,,,,WR/FLEX
81398-96714,WR,Travis,Travis Toivonen,Toivonen,,,4500,CHI@MIN,MIN,CHI,,,,,,WR/FLEX
81398-88525,WR,Kawaan,Kawaan Baker,Baker,,,4500,SEA@NO,NO,SEA,IR,Suspension,,,,WR/FLEX
81398-109015,WR,Keric,Keric Wheatfall,Wheatfall,,,4500,PHI@ARI,PHI,ARI,Q,Undisclosed,,,,WR/FLEX
81398-14820,RB,Nick,Nick Bellore,Bellore,0.8999999761581421,1,4500,SEA@NO,SEA,NO,,,,,,RB/FLEX
81398-152042,WR,Drew,Drew Estrada,Estrada,,,4500,HOU@JAC,HOU,JAC,Q,Leg,,,,WR/FLEX
81398-72174,WR,Andrew,Andrew Parchment,Parchment,,,4500,SF@CAR,CAR,SF,Q,Undisclosed,,,,WR/FLEX
81398-113138,WR,Talolo,Talolo Limu-Jones,Limu-Jones,,,4500,SF@CAR,CAR,SF,,,,,,WR/FLEX
81398-86543,WR,Erik,Erik Ezukanma,Ezukanma,,,4500,MIA@NYJ,MIA,NYJ,,,,,,WR/FLEX
81398-88590,RB,Scottie,Scottie Phillips,Phillips,1.600000023841858,2,4500,HOU@JAC,HOU,JAC,,,,,,RB/FLEX
81398-88607,WR,Braylon,Braylon Sanders,Sanders,,,4500,MIA@NYJ,MIA,NYJ,,,,,,WR/FLEX
81398-96798,RB,Josh,Josh Johnson,Johnson,,,4500,SEA@NO,SEA,NO,Q,Undisclosed,,,,RB/FLEX
81398-72235,WR,Damon,Damon Hazelton,Hazelton,,,4500,HOU@JAC,HOU,JAC,,,,,,WR/FLEX
81398-160306,RB,Pierre,Pierre Strong Jr.,Strong Jr.,0,1,4500,DET@NE,NE,DET,,,,,,RB/FLEX
81398-70206,RB,Jason,Jason Huntley,Huntley,5.099999904632568,1,4500,PIT@BUF,PIT,BUF,,,,,,RB/FLEX
81398-150090,WR,Cade,Cade Johnson,Johnson,,,4500,SEA@NO,SEA,NO,,,,,,WR/FLEX
81398-55895,TE,Kendall,Kendall Blanton,Blanton,2.25,2,4500,DAL@LAR,LAR,DAL,,,,,,TE/FLEX
81398-62042,WR,Deon,Deon Cain,Cain,,,4500,PHI@ARI,PHI,ARI,,,,,,WR/FLEX
81398-86635,WR,Charleston,Charleston Rambo,Rambo,,,4500,SF@CAR,CAR,SF,,,,,,WR/FLEX
81398-86634,RB,TJ,TJ Pledger,Pledger,,,4500,PHI@ARI,ARI,PHI,,,,,,RB/FLEX
81398-88685,WR,Austin,Austin Trammell,Trammell,,,4500,DAL@LAR,LAR,DAL,,,,,,WR/FLEX
81398-86646,RB,Trey,Trey Sermon,Sermon,1.899999976158142,1,4500,PHI@ARI,PHI,ARI,,,,,,RB/FLEX
81398-86657,RB,Kennedy,Kennedy Brooks,Brooks,,,4500,PHI@ARI,PHI,ARI,,,,,,RB/FLEX
81398-88707,RB,Kevin,Kevin Marks Jr.,Marks Jr.,,,4500,LAC@CLE,LAC,CLE,,,,,,RB/FLEX
81398-55941,RB,Patrick,Patrick Laird,Laird,1.1999999682108562,3,4500,ATL@TB,TB,ATL,,,,,,RB/FLEX
81398-27273,RB,Andy,Andy Janovich,Janovich,2.0799999237060547,5,4500,HOU@JAC,HOU,JAC,,,,,,RB/FLEX
81398-64147,WR,Britain,Britain Covey,Covey,0,4,4500,PHI@ARI,PHI,ARI,,,,,,WR/FLEX
81398-29357,RB,Kenjon,Kenjon Barner,Barner,0,3,4500,ATL@TB,TB,ATL,IR,Undisclosed,,,,RB/FLEX
81398-72370,RB,J.J.,J.J. Taylor,Taylor,3.3,5,4500,DET@NE,NE,DET,,,,,,RB/FLEX
81398-72382,RB,Gabe,Gabe Nabers,Nabers,0.8,5,4500,LAC@CLE,LAC,CLE,,,,,,RB/FLEX
81398-139971,WR,Jerreth,Jerreth Sterns,Sterns,,,4500,ATL@TB,TB,ATL,,,,,,WR/FLEX
81398-80584,WR,Lance,Lance Lenoir,Lenoir,,,4500,PHI@ARI,PHI,ARI,Q,Undisclosed,,,,WR/FLEX
81398-88776,WR,Ty,Ty Fryfogle,Fryfogle,,,4500,DAL@LAR,DAL,LAR,Q,Undisclosed,,,,WR/FLEX
81398-53967,RB,Nick,Nick Bawden,Bawden,2.5,1,4500,MIA@NYJ,NYJ,MIA,IR,Undisclosed,,,,RB/FLEX
81398-94936,RB,Larry,Larry Rountree III,Rountree III,1.677777820163303,9,4500,LAC@CLE,LAC,CLE,,,,,,RB/FLEX
81398-92890,WR,Cody,Cody White,White,1.933333396911621,3,4500,PIT@BUF,PIT,BUF,,,,,,WR/FLEX
81398-45791,WR,Rashard,Rashard Higgins,Higgins,3.7916666666666665,12,4500,SF@CAR,CAR,SF,,,,,,WR/FLEX
81398-70372,WR,Chester,Chester Rogers,Rogers,0,1,4500,LAC@CLE,CLE,LAC,,,,,,WR/FLEX
81398-56041,RB,Khari,Khari Blasingame,Blasingame,0,4,4500,CHI@MIN,CHI,MIN,,,,,,RB/FLEX
81398-90870,WR,Calvin,Calvin Austin III,Austin III,,,4500,PIT@BUF,PIT,BUF,IR,Foot,,,,WR/FLEX
81398-86780,RB,Salvon,Salvon Ahmed,Ahmed,2.9636362249200996,11,4500,MIA@NYJ,MIA,NYJ,Q,Back,,,,RB/FLEX
81398-94975,WR,Stephon,Stephon Robinson Jr.,Robinson Jr.,,,4500,PHI@ARI,ARI,PHI,,,,,,WR/FLEX
81398-72453,WR,Denzel,Denzel Mims,Mims,1.7299999237060546,10,4500,MIA@NYJ,NYJ,MIA,,,,,,WR/FLEX
81398-41741,WR,DaeSean,DaeSean Hamilton,Hamilton,,,4500,HOU@JAC,HOU,JAC,Q,Knee,,,,WR/FLEX
81398-111377,RB,De'Montre,De'Montre Tuggle,Tuggle,,,4500,CHI@MIN,CHI,MIN,,,,,,RB/FLEX
81398-70426,RB,Reggie,Reggie Gilliam,Gilliam,5.949999809265137,2,4500,PIT@BUF,BUF,PIT,,,,,,RB/FLEX
81398-56099,RB,Cullen,Cullen Gillaspia,Gillaspia,,,4500,SEA@NO,SEA,NO,,,,,,RB/FLEX
81398-31524,WR,Cody,Cody Core,Core,,,4500,MIA@NYJ,MIA,NYJ,Q,Undisclosed,,,,WR/FLEX
81398-82731,WR,Brandon,Brandon Zylstra,Zylstra,4.444444444444445,9,4500,DET@NE,DET,NE,,,,,,WR/FLEX
81398-72493,WR,Trishton,Trishton Jackson,Jackson,,,4500,CHI@MIN,MIN,CHI,,,,,,WR/FLEX
81398-158520,WR,Daylen,Daylen Baldwin,Baldwin,,,4500,LAC@CLE,CLE,LAC,,,,,,WR/FLEX
81398-41806,WR,Laquon,Laquon Treadwell,Treadwell,5.491666793823242,12,4500,DET@NE,NE,DET,,,,,,WR/FLEX
81398-72531,WR,Taysir,Taysir Mack,Mack,,,4500,SF@CAR,SF,CAR,,,,,,WR/FLEX
81398-88915,RB,Bryant,Bryant Koback,Koback,,,4500,CHI@MIN,MIN,CHI,,,,,,RB/FLEX
81398-103252,RB,Zonovan,Zonovan Knight,Knight,,,4500,MIA@NYJ,NYJ,MIA,,,,,,RB/FLEX
81398-93016,RB,B.J.,B.J. Baylor,Baylor,,,4500,ATL@TB,ATL,TB,,,,,,RB/FLEX
81398-64350,WR,Jeff,Jeff Smith,Smith,1.100000023841858,2,4500,MIA@NYJ,NYJ,MIA,,,,,,WR/FLEX
81398-70501,RB,C.J.,C.J. Ham,Ham,1.1999999682108562,3,4500,CHI@MIN,MIN,CHI,,,,,,RB/FLEX
81398-95092,WR,Tyler,Tyler Snead,Snead,,,4500,PIT@BUF,PIT,BUF,,,,,,WR/FLEX
81398-93055,WR,Isaiah,Isaiah Hodgins,Hodgins,,,4500,PIT@BUF,BUF,PIT,,,,,,WR/FLEX
81398-91012,RB,Greg,Greg Bell,Bell,,,4500,DET@NE,DET,NE,IR,Hamstring,,,,RB/FLEX
81398-43912,WR,Chad,Chad Beebe,Beebe,,,4500,HOU@JAC,HOU,JAC,,,,,,WR/FLEX
81398-41867,RB,Jordan,Jordan Wilkins,Wilkins,0,1,4500,TEN@WAS,TEN,WAS,,,,,,RB/FLEX
81398-64403,WR,Irvin,Irvin Charles,Charles,,,4500,MIA@NYJ,NYJ,MIA,,,,,,WR/FLEX
81398-64405,WR,Dan,Dan Chisena,Chisena,,,4500,CHI@MIN,MIN,CHI,,,,,,WR/FLEX
81398-88995,WR,Reggie,Reggie Roberson Jr.,Roberson Jr.,,,4500,CHI@MIN,CHI,MIN,,,,,,WR/FLEX
81398-45997,WR,Keith,Keith Kirkwood,Kirkwood,1.0666666825612385,3,4500,SEA@NO,NO,SEA,,,,,,WR/FLEX
81398-91055,WR,Kevin,Kevin Austin Jr.,Austin Jr.,,,4500,HOU@JAC,JAC,HOU,,,,,,WR/FLEX
81398-93112,RB,Mataeo,Mataeo Durant,Durant,,,4500,PIT@BUF,PIT,BUF,,,,,,RB/FLEX
81398-103352,RB,Christian,Christian Wade,Wade,,,4500,PIT@BUF,BUF,PIT,,,,,,RB/FLEX
81398-43973,RB,Keith,Keith Smith,Smith,0,1,4500,ATL@TB,ATL,TB,,,,,,RB/FLEX
81398-138189,WR,Changa,Changa Hodge,Hodge,,,4500,PHI@ARI,ARI,PHI,,,,,,WR/FLEX
81398-41936,WR,Anthony,Anthony Miller,Miller,3.8333333333333335,3,4500,PIT@BUF,PIT,BUF,IR,Shoulder,,,,WR/FLEX
81398-56289,RB,Jason,Jason Cabinda,Cabinda,1.6999999455043249,7,4500,DET@NE,DET,NE,NA,Ankle,,,,RB/FLEX
81398-41954,WR,Victor,Victor Bolden Jr.,Bolden Jr.,,,4500,PHI@ARI,ARI,PHI,,,,,,WR/FLEX
81398-70661,WR,Velus,Velus Jones Jr.,Jones Jr.,-2,1,4500,CHI@MIN,CHI,MIN,,,,,,WR/FLEX
81398-70663,WR,Frank,Frank Darby,Darby,0.949999988079071,2,4500,ATL@TB,ATL,TB,,,,,,WR/FLEX
81398-70662,WR,Tyler,Tyler Vaughns,Vaughns,,,4500,PIT@BUF,PIT,BUF,,,,,,WR/FLEX
81398-111631,WR,Jameson,Jameson Williams,Williams,,,4500,DET@NE,DET,NE,IR,Knee - acl,,,,WR/FLEX
81398-70680,WR,Jalen,Jalen Camp,Camp,,,4500,HOU@JAC,HOU,JAC,,,,,,WR/FLEX
81398-64555,WR,Calvin,Calvin Ridley,Ridley,11.11999969482422,5,4500,ATL@TB,ATL,TB,IR,Suspension,,,,WR/FLEX
81398-27721,WR,Justin,Justin Hardee Sr.,Hardee Sr.,0,1,4500,MIA@NYJ,NYJ,MIA,,,,,,WR/FLEX
81398-87112,WR,Josh,Josh Ali,Ali,,,4500,ATL@TB,ATL,TB,,,,,,WR/FLEX
81398-68685,WR,Austin,Austin Mack,Mack,,,4500,SF@CAR,SF,CAR,Q,Hamstring,,,,WR/FLEX
81398-72780,RB,Josh,Josh Hokit,Hokit,,,4500,PHI@ARI,ARI,PHI,,,,,,RB/FLEX
81398-68686,WR,C.J.,C.J. Saunders,Saunders,2.0999999046325684,1,4500,SF@CAR,CAR,SF,,,,,,WR/FLEX
81398-87122,WR,Lynn,Lynn Bowden Jr.,Bowden Jr.,,,4500,DET@NE,NE,DET,,,,,,WR/FLEX
81398-89172,RB,John,John Lovett,Lovett,,,4500,SF@CAR,CAR,SF,,,,,,RB/FLEX
81398-68712,WR,Tyler,Tyler Johnson,Johnson,3.588235294117647,17,4500,HOU@JAC,HOU,JAC,,,,,,WR/FLEX
81398-64627,WR,Scotty,Scotty Washington,Washington,,,4500,DET@NE,NE,DET,,,,,,WR/FLEX
81398-89214,RB,Abram,Abram Smith,Smith,,,4500,SEA@NO,NO,SEA,,,,,,RB/FLEX
81398-89220,WR,Tyquan,Tyquan Thornton,Thornton,,,4500,DET@NE,NE,DET,IR,Collarbone,,,,WR/FLEX
81398-111756,WR,JaVonta,JaVonta Payton,Payton,,,4500,PHI@ARI,ARI,PHI,,,,,,WR/FLEX
81398-83091,RB,Trenton,Trenton Cannon,Cannon,0,1,4500,TEN@WAS,TEN,WAS,IR,Knee,,,,RB/FLEX
81398-89272,RB,ZaQuandre,ZaQuandre White,White,,,4500,MIA@NYJ,MIA,NYJ,,,,,,RB/FLEX
81398-52410,WR,Josh,Josh Malone,Malone,,,4500,TEN@WAS,TEN,WAS,,,,,,WR/FLEX
81398-40126,TE,Austin,Austin Hooper,Hooper,1.8250000476837158,4,4500,TEN@WAS,TEN,WAS,,,,,,TE/FLEX
81398-83138,TE,Ross,Ross Dwelley,Dwelley,3.9666665395100913,3,4500,SF@CAR,SF,CAR,Q,Ribs,,,,TE/FLEX
81398-54472,WR,Cam,Cam Sims,Sims,0,2,4500,TEN@WAS,WAS,TEN,,,,,,WR/FLEX
81398-48344,WR,Albert,Albert Wilson,Wilson,3.55,10,4500,CHI@MIN,MIN,CHI,,,,,,WR/FLEX
81398-130270,TE,Adam,Adam Trautman,Trautman,3.299999952316284,2,4500,SEA@NO,NO,SEA,,,,,,TE/FLEX
81398-130275,WR,Kristian,Kristian Wilkerson,Wilkerson,18.200000762939453,1,4500,DET@NE,NE,DET,IR,Concussion,,,,WR/FLEX
81398-130274,WR,Isaiah,Isaiah Coulter,Coulter,0,1,4500,CHI@MIN,CHI,MIN,,,,,,WR/FLEX
81398-130276,WR,Mason,Mason Kinsey,Kinsey,,,4500,TEN@WAS,TEN,WAS,,,,,,WR/FLEX
81398-130279,WR,Matt,Matt Cole,Cole,,,4500,TEN@WAS,WAS,TEN,,,,,,WR/FLEX
81398-25837,RB,Duke,Duke Johnson,Johnson,11.419999694824218,5,4500,PIT@BUF,BUF,PIT,,,,,,RB/FLEX
81398-70892,RB,A.J.,A.J. Rose Jr.,Rose Jr.,,,4500,DAL@LAR,LAR,DAL,,,,,,RB/FLEX
81398-101614,WR,Brandon,Brandon Lewis,Lewis,,,4500,TEN@WAS,TEN,WAS,,,,,,WR/FLEX
81398-11504,WR,Andre,Andre Roberts,Roberts,0,1,4500,SF@CAR,CAR,SF,IR,Knee - pcl,,,,WR/FLEX
81398-56580,WR,Christian,Christian Blake,Blake,0.6428571428571429,7,4500,PIT@BUF,PIT,BUF,,,,,,WR/FLEX
81398-130309,WR,J.J.,J.J. Koski,Koski,-0.6666666666666666,3,4500,DAL@LAR,LAR,DAL,IR,Shoulder,,,,WR/FLEX
81398-130317,WR,Juwan,Juwan Green,Green,,,4500,TEN@WAS,TEN,WAS,,,,,,WR/FLEX
81398-60704,WR,Derrick,Derrick Dillon,Dillon,,,4500,LAC@CLE,CLE,LAC,,,,,,WR/FLEX
81398-130338,WR,Rysen,Rysen John,John,,,4500,CHI@MIN,CHI,MIN,,,,,,WR/FLEX
81398-68901,RB,Gerrid,Gerrid Doaks,Doaks,,,4500,HOU@JAC,HOU,JAC,,,,,,RB/FLEX
81398-91428,WR,Tarik,Tarik Black,Black,1.5,1,4500,MIA@NYJ,NYJ,MIA,,,,,,WR/FLEX
81398-46374,WR,Tanner,Tanner Gentry,Gentry,,,4500,PIT@BUF,BUF,PIT,,,,,,WR/FLEX
81398-130343,WR,Jeff,Jeff Cotton Jr.,Cotton Jr.,,,4500,PHI@ARI,ARI,PHI,,,,,,WR/FLEX
81398-111917,WR,Keshunn,Keshunn Abram,Abram,,,4500,MIA@NYJ,NYJ,MIA,,,,,,WR/FLEX
81398-130350,WR,Jaylon,Jaylon Moore,Moore,,,4500,HOU@JAC,JAC,HOU,,,,,,WR/FLEX
81398-64827,WR,Miles,Miles Boykin,Boykin,0,1,4500,PIT@BUF,PIT,BUF,,,,,,WR/FLEX
81398-64828,WR,Chris,Chris Finke,Finke,,,4500,CHI@MIN,CHI,MIN,,,,,,WR/FLEX
81398-56648,RB,Jeremy,Jeremy McNichols,McNichols,4.584615267240084,13,4500,PIT@BUF,PIT,BUF,IR,Shoulder,,,,RB/FLEX
81398-64843,WR,Jalen,Jalen Guyton,Guyton,3.700000047683716,2,4500,LAC@CLE,LAC,CLE,IR,Knee - acl,,,,WR/FLEX
81398-52560,WR,Geronimo,Geronimo Allison,Allison,0,1,4500,ATL@TB,ATL,TB,,,,,,WR/FLEX
81398-103764,WR,Jared,Jared Smart,Smart,,,4500,PHI@ARI,ARI,PHI,,,,,,WR/FLEX
81398-73046,WR,Tre,Tre Nixon,Nixon,,,4500,DET@NE,NE,DET,,,,,,WR/FLEX
81398-89437,WR,Tim,Tim Jones,Jones,0,1,4500,HOU@JAC,JAC,HOU,,,,,,WR/FLEX
81398-91504,WR,Blake,Blake Proehl,Proehl,,,4500,CHI@MIN,MIN,CHI,NA,Knee - acl,,,,WR/FLEX
81398-71039,WR,Kelvin,Kelvin Harmon,Harmon,,,4500,TEN@WAS,WAS,TEN,,,,,,WR/FLEX
81398-64907,WR,J.J.,J.J. Arcega-Whiteside,Arcega-Whiteside,1.149999976158142,4,4500,SEA@NO,SEA,NO,,,,,,WR/FLEX
81398-56716,WR,Brayden,Brayden Lenius,Lenius,,,4500,ATL@TB,ATL,TB,,,,,,WR/FLEX
81398-93594,RB,Leddie,Leddie Brown,Brown,,,4500,LAC@CLE,LAC,CLE,,,,,,RB/FLEX
81398-73116,WR,Javon,Javon McKinley,McKinley,,,4500,PIT@BUF,PIT,BUF,Q,Undisclosed,,,,WR/FLEX
81398-64926,WR,Michael,Michael Jacquet III,Jacquet III,,,4500,LAC@CLE,LAC,CLE,,,,,,WR/FLEX
81398-44449,WR,Willie,Willie Snead IV,Snead IV,0.8285714558192662,7,4500,SF@CAR,SF,CAR,,,,,,WR/FLEX
81398-40365,WR,Devon,Devon Allen,Allen,,,4500,PHI@ARI,PHI,ARI,,,,,,WR/FLEX
81398-60849,WR,Blake,Blake Lynch,Lynch,,,4500,CHI@MIN,MIN,CHI,,,,,,WR/FLEX
81398-64949,WR,Ja'Marcus,Ja'Marcus Bradley,Bradley,2.7999998728434243,3,4500,LAC@CLE,CLE,LAC,,,,,,WR/FLEX
81398-114100,RB,Isaiah,Isaiah Spiller,Spiller,,,4500,LAC@CLE,LAC,CLE,,,,,,RB/FLEX
81398-69068,RB,Jonathan,Jonathan Ward,Ward,1.3666666348775227,6,4500,PHI@ARI,ARI,PHI,,,,,,RB/FLEX
81398-103896,WR,Nsimba,Nsimba Webster,Webster,0,3,4500,CHI@MIN,CHI,MIN,,,,,,WR/FLEX
81398-103901,WR,Davion,Davion Davis,Davis,1.100000023841858,2,4500,HOU@JAC,HOU,JAC,,,,,,WR/FLEX
81398-32234,RB,Malcolm,Malcolm Brown,Brown,3.5,6,4500,DAL@LAR,LAR,DAL,,,,,,RB/FLEX
81398-40434,WR,Greg,Greg Ward,Ward,3.4533333248562283,9,4500,PHI@ARI,PHI,ARI,Q,Toe,,,,WR/FLEX
81398-89588,TE,Colby,Colby Parkinson,Parkinson,6.833333333333333,3,4500,SEA@NO,SEA,NO,,,,,,TE/FLEX
81398-62967,WR,Preston,Preston Williams,Williams,1.8000000317891438,6,4500,SF@CAR,CAR,SF,,,,,,WR/FLEX
81398-103930,WR,Derek,Derek Wright,Wright,,,4500,SF@CAR,CAR,SF,,,,,,WR/FLEX
81398-22018,WR,Mohamed,Mohamed Sanu Sr.,Sanu Sr.,3.1500000953674316,8,4500,MIA@NYJ,MIA,NYJ,,,,,,WR/FLEX
81398-60930,RB,Myles,Myles Gaskin,Gaskin,8.77058859432445,17,4500,MIA@NYJ,MIA,NYJ,,,,,,RB/FLEX
81398-103943,WR,Trinity,Trinity Benson,Benson,2.1857143129621233,7,4500,DET@NE,DET,NE,,,,,,WR/FLEX
81398-62994,WR,Steven,Steven Sims Jr.,Sims Jr.,,,4500,PIT@BUF,PIT,BUF,,,,,,WR/FLEX
81398-54817,WR,Diontae,Diontae Spencer,Spencer,-0.25333333015441895,15,4500,MIA@NYJ,NYJ,MIA,,,,,,WR/FLEX
81398-89632,WR,Connor,Connor Wedington,Wedington,,,4500,SF@CAR,SF,CAR,,,,,,WR/FLEX
81398-63025,RB,Nathan,Nathan Cottrell,Cottrell,0.30000001192092896,1,4500,HOU@JAC,JAC,HOU,Q,Undisclosed,,,,RB/FLEX
81398-69168,WR,N'Keal,N'Keal Harry,Harry,2.2399999618530275,10,4500,CHI@MIN,CHI,MIN,IR,Ankle,,,,WR/FLEX
81398-128566,WR,Kameron,Kameron Brown,Brown,,,4500,ATL@TB,TB,ATL,,,,,,WR/FLEX
81398-71228,WR,Marquez,Marquez Stevenson,Stevenson,0,5,4500,PIT@BUF,BUF,PIT,IR,Foot,,,,WR/FLEX
81398-87617,WR,Sage,Sage Surratt,Surratt,,,4500,LAC@CLE,LAC,CLE,Q,Undisclosed,,,,WR/FLEX
81398-93767,WR,Calvin,Calvin Jackson Jr.,Jackson Jr.,,,4500,MIA@NYJ,NYJ,MIA,,,,,,WR/FLEX
81398-54863,WR,C.J.,C.J. Goodwin,Goodwin,2.0999999046325684,1,4500,DAL@LAR,DAL,LAR,,,,,,WR/FLEX
81398-69205,WR,Trevon,Trevon Bradford,Bradford,,,4500,LAC@CLE,LAC,CLE,,,,,,WR/FLEX
81398-93782,WR,Travell,Travell Harris,Harris,,,4500,LAC@CLE,CLE,LAC,,,,,,WR/FLEX
81398-104025,RB,John,John Lovett,Lovett,,,4500,MIA@NYJ,MIA,NYJ,IR,Undisclosed,,,,RB/FLEX
81398-87649,WR,Jaquarii,Jaquarii Roberson,Roberson,,,4500,PIT@BUF,BUF,PIT,,,,,,WR/FLEX
81398-104041,WR,Myron,Myron Mitchell,Mitchell,,,4500,CHI@MIN,MIN,CHI,,,,,,WR/FLEX
81398-38514,WR,Kevin,Kevin White,White,1.433333396911621,3,4500,SEA@NO,NO,SEA,,,,,,WR/FLEX
81398-93814,RB,Max,Max Borghi,Borghi,,,4500,PIT@BUF,PIT,BUF,,,,,,RB/FLEX
81398-93824,WR,Easop,Easop Winston,Winston,0.3333333333333333,3,4500,LAC@CLE,CLE,LAC,,,,,,WR/FLEX
81398-85636,WR,Josh,Josh Johnson,Johnson,,,4500,DET@NE,DET,NE,,,,,,WR/FLEX
81398-91783,WR,Warren,Warren Jackson,Jackson,,,4500,DAL@LAR,LAR,DAL,Q,Undisclosed,,,,WR/FLEX
81398-93845,WR,Tay,Tay Martin,Martin,,,4500,SF@CAR,SF,CAR,,,,,,WR/FLEX
81398-7856,WR,Matthew,Matthew Slater,Slater,,,4500,DET@NE,NE,DET,,,,,,WR/FLEX
81398-69296,WR,Corey,Corey Sutton,Sutton,,,4500,DET@NE,DET,NE,,,,,,WR/FLEX
81398-87731,WR,Dominique,Dominique Robinson,Robinson,,,4500,CHI@MIN,CHI,MIN,,,,,,WR/FLEX
81398-85687,WR,Jontre,Jontre Kirklin,Kirklin,,,4500,PHI@ARI,ARI,PHI,,,,,,WR/FLEX
81398-89785,RB,Spencer,Spencer Brown,Brown,,,4500,SF@CAR,CAR,SF,Q,Ankle,,,,RB/FLEX
81398-71359,WR,Javon,Javon Wims,Wims,,,4500,PHI@ARI,ARI,PHI,,,,,,WR/FLEX
81398-69310,WR,Josh,Josh Hammond,Hammond,,,4500,DET@NE,NE,DET,,,,,,WR/FLEX
81398-71367,RB,La'Mical,La'Mical Perine,Perine,1.5499999523162842,2,4500,PHI@ARI,PHI,ARI,,,,,,RB/FLEX
81398-65231,RB,Adam,Adam Prentice,Prentice,0.699999988079071,1,4500,SEA@NO,NO,SEA,,,,,,RB/FLEX
81398-81616,WR,Rashard,Rashard Davis,Davis,,,4500,MIA@NYJ,NYJ,MIA,,,,,,WR/FLEX
81398-85714,RB,Tory,Tory Carter,Carter,0,1,4500,TEN@WAS,TEN,WAS,,,,,,RB/FLEX
81398-69343,WR,Landen,Landen Akers,Akers,,,4500,DAL@LAR,LAR,DAL,,,,,,WR/FLEX
81398-63201,RB,Xavier,Xavier Jones,Jones,,,4500,DAL@LAR,LAR,DAL,Q,Achilles,,,,RB/FLEX
81398-85731,WR,Racey,Racey McMath,McMath,-0.04000000059604645,5,4500,TEN@WAS,TEN,WAS,IR,Undisclosed,,,,WR/FLEX
81398-57064,RB,Ryan,Ryan Nall,Nall,0.6499999761581421,2,4500,DAL@LAR,DAL,LAR,Q,Shoulder,,,,RB/FLEX
81398-87813,RB,Master,Master Teague III,Teague III,,,4500,PIT@BUF,PIT,BUF,Q,Ankle,,,,RB/FLEX
81398-136970,WR,Danny,Danny Gray,Gray,0,1,4500,SF@CAR,SF,CAR,,,,,,WR/FLEX
81398-26384,RB,Trey,Trey Edmunds,Edmunds,,,4500,PIT@BUF,PIT,BUF,,,,,,RB/FLEX
81398-61200,WR,Jaylinn,Jaylinn Hawkins,Hawkins,,,4500,ATL@TB,ATL,TB,,,,,,WR/FLEX
81398-40726,RB,Godwin,Godwin Igwebuike,Igwebuike,1.792307633620042,13,4500,SEA@NO,SEA,NO,,,,,,RB/FLEX
81398-55088,WR,Malik,Malik Turner,Turner,5,8,4500,SF@CAR,SF,CAR,,,,,,WR/FLEX
81398-71477,WR,Maurice,Maurice Ffrench,Ffrench,0.30000001192092896,1,4500,LAC@CLE,LAC,CLE,,,,,,WR/FLEX
81398-38721,RB,Johnny,Johnny Stanton IV,Stanton IV,2.7333332697550454,3,4500,LAC@CLE,CLE,LAC,,,,,,RB/FLEX
81398-91971,RB,Ronnie,Ronnie Rivers,Rivers,,,4500,DAL@LAR,LAR,DAL,,,,,,RB/FLEX
81398-73551,WR,Stantley,Stantley Thomas-Oliver III,Thomas-Oliver III,,,4500,SF@CAR,CAR,SF,O,Thigh,,,,WR/FLEX
81398-104297,WR,Jason,Jason Moore Jr.,Moore Jr.,7.099999904632568,1,4500,LAC@CLE,LAC,CLE,,,,,,WR/FLEX
81398-169834,WR,Dareke,Dareke Young,Young,,,4500,SEA@NO,SEA,NO,,,,,,WR/FLEX
81398-57208,WR,KeeSean,KeeSean Johnson,Johnson,,,4500,ATL@TB,ATL,TB,,,,,,WR/FLEX
81398-89997,WR,Michael,Michael Woods II,Woods II,,,4500,LAC@CLE,CLE,LAC,,,,,,WR/FLEX
81398-40845,TE,Hunter,Hunter Henry,Henry,1.649999976158142,4,4500,DET@NE,NE,DET,,,,,,TE/FLEX
81398-73616,WR,Willie,Willie Johnson,Johnson,,,4500,HOU@JAC,JAC,HOU,IR,Undisclosed,,,,WR/FLEX
81398-63387,WR,Jayson,Jayson Stanley,Stanley,,,4500,CHI@MIN,CHI,MIN,Q,Knee,,,,WR/FLEX
81398-14237,TE,Kyle,Kyle Rudolph,Rudolph,1.7000000476837158,1,4500,ATL@TB,TB,ATL,,,,,,TE/FLEX
81398-169890,WR,LuJuan,LuJuan Winningham,Winningham,,,4500,HOU@JAC,JAC,HOU,,,,,,WR/FLEX
81398-63399,WR,Terry,Terry Godwin II,Godwin II,,,4500,TEN@WAS,TEN,WAS,,,,,,WR/FLEX
81398-94118,WR,Mike,Mike Harley Jr.,Harley Jr.,,,4500,LAC@CLE,CLE,LAC,,,,,,WR/FLEX
81398-169898,WR,Jequez,Jequez Ezzard,Ezzard,,,4500,TEN@WAS,WAS,TEN,Q,Undisclosed,,,,WR/FLEX
81398-169900,WR,Jared,Jared Bernhardt,Bernhardt,,,4500,ATL@TB,ATL,TB,,,,,,WR/FLEX
81398-169901,WR,Tyshaun,Tyshaun James,James,,,4500,ATL@TB,ATL,TB,,,,,,WR/FLEX
81398-169908,WR,Dai'Jean,Dai'Jean Dixon,Dixon,,,4500,SEA@NO,NO,SEA,,,,,,WR/FLEX
81398-55224,RB,Reggie,Reggie Bonnafon,Bonnafon,2.5999999046325684,1,4500,TEN@WAS,WAS,TEN,,,,,,RB/FLEX
81398-85944,WR,Kyric,Kyric McGowan,McGowan,,,4500,TEN@WAS,WAS,TEN,,,,,,WR/FLEX
81398-71613,WR,Demetris,Demetris Robertson,Robertson,,,4500,SEA@NO,SEA,NO,,,,,,WR/FLEX
81398-32703,WR,Jakeem,Jakeem Grant Sr.,Grant Sr.,2.2666666666666666,15,4500,LAC@CLE,CLE,LAC,IR,Achilles,,,,WR/FLEX
81398-88016,WR,Ryan,Ryan McDaniel,McDaniel,,,4500,HOU@JAC,JAC,HOU,,,,,,WR/FLEX
81398-169937,WR,Lance,Lance McCutcheon,McCutcheon,,,4500,DAL@LAR,LAR,DAL,,,,,,WR/FLEX
81398-94185,WR,Kevin,Kevin Shaa,Shaa,,,4500,CHI@MIN,CHI,MIN,,,,,,WR/FLEX
81398-71661,WR,Tino,Tino Ellis,Ellis,,,4500,MIA@NYJ,MIA,NYJ,Q,Undisclosed,,,,WR/FLEX
81398-14319,RB,Taiwan,Taiwan Jones,Jones,0,1,4500,PIT@BUF,BUF,PIT,,,,,,RB/FLEX
81398-104433,RB,Kyren,Kyren Williams,Williams,,,4500,DAL@LAR,LAR,DAL,IR,Ankle,,,,RB/FLEX
81398-92146,RB,DeAndre,DeAndre Torrey,Torrey,,,4500,PHI@ARI,PHI,ARI,,,,,,RB/FLEX
81398-63479,RB,John,John Kelly Jr.,Kelly Jr.,1.2999999523162842,1,4500,LAC@CLE,CLE,LAC,,,,,,RB/FLEX
81398-88056,WR,Stanley,Stanley Berryhill,Berryhill,,,4500,PHI@ARI,ARI,PHI,,,,,,WR/FLEX
81398-96250,WR,DeVonte,DeVonte Dedmon,Dedmon,,,4500,MIA@NYJ,MIA,NYJ,,,,,,WR/FLEX
81398-12549,D,San Francisco,San Francisco 49ers,49ers,12.25,4,4400,SF@CAR,SF,CAR,,,,,,DEF
81398-72515,TE,Ian,Ian Thomas,Thomas,2.875,4,4400,SF@CAR,CAR,SF,,,,,,TE/FLEX
81398-48116,TE,Jonnu,Jonnu Smith,Smith,3.1000000635782876,3,4400,DET@NE,NE,DET,D,Ankle,,,,TE/FLEX
81398-72705,TE,John,John Bates,Bates,1.600000023841858,4,4400,TEN@WAS,WAS,TEN,,,,,,TE/FLEX
81398-58499,TE,Parker,Parker Hesse,Hesse,1.566666603088379,3,4400,ATL@TB,ATL,TB,,,,,,TE/FLEX
81398-89680,TE,Jake,Jake Ferguson,Ferguson,1.75,2,4400,DAL@LAR,DAL,LAR,Q,Knee,,,,TE/FLEX
81398-38523,TE,Geoff,Geoff Swaim,Swaim,6.400000095367432,2,4400,TEN@WAS,TEN,WAS,,,,,,TE/FLEX
81398-57338,TE,Jordan,Jordan Akins,Akins,7.449999809265137,2,4400,HOU@JAC,HOU,JAC,,,,,,TE/FLEX
81398-12540,D,Minnesota,Minnesota Vikings,Vikings,6.75,4,4300,CHI@MIN,MIN,CHI,,,,,,DEF
81398-80294,TE,Anthony,Anthony Firkser,Firkser,1.899999976158142,2,4300,ATL@TB,ATL,TB,,,,,,TE/FLEX
81398-31207,TE,C.J.,C.J. Uzomah,Uzomah,1,1,4300,MIA@NYJ,NYJ,MIA,,,,,,TE/FLEX
81398-64221,TE,Zach,Zach Gentry,Gentry,2.8499999046325684,2,4300,PIT@BUF,PIT,BUF,,,,,,TE/FLEX
81398-29411,TE,Pharaoh,Pharaoh Brown,Brown,3.566666603088379,3,4300,LAC@CLE,CLE,LAC,,,,,,TE/FLEX
81398-70705,TE,Trevon,Trevon Wesco,Wesco,2.799999952316284,1,4300,CHI@MIN,CHI,MIN,,,,,,TE/FLEX
81398-42046,TE,Durham,Durham Smythe,Smythe,2.2333332697550454,3,4300,MIA@NYJ,MIA,NYJ,,,,,,TE/FLEX
81398-89283,TE,Tre',Tre' McKitty,McKitty,2.4000000953674316,2,4300,LAC@CLE,LAC,CLE,,,,,,TE/FLEX
81398-40371,TE,Johnny,Johnny Mundt,Mundt,2.575000047683716,4,4300,CHI@MIN,MIN,CHI,,,,,,TE/FLEX
81398-91750,TE,Trey,Trey McBride,McBride,3.9000000953674316,1,4300,PHI@ARI,ARI,PHI,,,,,,TE/FLEX
81398-94094,TE,Brevin,Brevin Jordan,Jordan,1.149999976158142,2,4300,HOU@JAC,HOU,JAC,O,Ankle,,,,TE/FLEX
81398-90123,TE,Quintin,Quintin Morris,Morris,1.433333396911621,3,4200,PIT@BUF,BUF,PIT,,,,,,TE/FLEX
81398-12534,D,Tennessee,Tennessee Titans,Titans,4.75,4,4200,TEN@WAS,TEN,WAS,,,,,,DEF
81398-86682,TE,Grant,Grant Calcaterra,Calcaterra,4.5,1,4200,PHI@ARI,PHI,ARI,,,,,,TE/FLEX
81398-80546,TE,Dan,Dan Arnold,Arnold,2.200000047683716,2,4200,HOU@JAC,JAC,HOU,,,,,,TE/FLEX
81398-91046,TE,Brock,Brock Wright,Wright,3,1,4200,DET@NE,DET,NE,,,,,,TE/FLEX
81398-62508,TE,James,James O'Shaughnessy,O'Shaughnessy,5.485714503696987,7,4200,CHI@MIN,CHI,MIN,,,,,,TE/FLEX
81398-68730,TE,Sean,Sean McKeon,McKeon,2.674999952316284,4,4200,DAL@LAR,DAL,LAR,,,,,,TE/FLEX
81398-34073,TE,Ryan,Ryan Griffin,Griffin,1.149999976158142,2,4200,CHI@MIN,CHI,MIN,,,,,,TE/FLEX
81398-26038,TE,Tyler,Tyler Kroft,Kroft,1.399999976158142,1,4200,SF@CAR,SF,CAR,O,Knee - mcl,,,,TE/FLEX
81398-104278,TE,Donald,Donald Parham Jr.,Parham Jr.,4.083333333333333,12,4200,LAC@CLE,LAC,CLE,,,,,,TE/FLEX
81398-65477,TE,Giovanni,Giovanni Ricci,Ricci,2.049999952316284,2,4200,SF@CAR,CAR,SF,,,,,,TE/FLEX
81398-69655,TE,Stephen,Stephen Sullivan,Sullivan,0.8999999761581421,2,4100,SF@CAR,CAR,SF,O,Back,,,,TE/FLEX
81398-63697,TE,Brycen,Brycen Hopkins,Hopkins,4.050000190734863,2,4100,DAL@LAR,LAR,DAL,IR,Suspension,,,,TE/FLEX
81398-12530,D,Dallas,Dallas Cowboys,Cowboys,8,4,4100,DAL@LAR,DAL,LAR,,,,,,DEF
81398-149832,TE,Shane,Shane Zylstra,Zylstra,2.450000047683716,2,4100,DET@NE,DET,NE,,,,,,TE/FLEX
81398-31169,TE,Jeremy,Jeremy Sprinkle,Sprinkle,2.299999952316284,2,4100,DAL@LAR,DAL,LAR,Q,Achilles,,,,TE/FLEX
81398-29277,TE,Stephen,Stephen Anderson,Anderson,0.699999988079071,1,4100,PHI@ARI,ARI,PHI,,,,,,TE/FLEX
81398-29314,TE,Richard,Richard Rodgers,Rodgers,0,1,4100,LAC@CLE,LAC,CLE,,,,,,TE/FLEX
81398-47788,TE,Deon,Deon Yelder,Yelder,0.5,1,4100,PHI@ARI,ARI,PHI,,,,,,TE/FLEX
81398-88816,TE,Peyton,Peyton Hendershot,Hendershot,5.800000190734863,1,4100,DAL@LAR,DAL,LAR,,,,,,TE/FLEX
81398-54007,TE,Jacob,Jacob Hollister,Hollister,2.6666666666666665,6,4100,CHI@MIN,MIN,CHI,,,,,,TE/FLEX
81398-86811,TE,Cade,Cade Otton,Otton,2.6500000953674316,2,4100,ATL@TB,TB,ATL,,,,,,TE/FLEX
81398-93075,TE,Hunter,Hunter Long,Long,0.4333333174387614,3,4100,MIA@NYJ,MIA,NYJ,,,,,,TE/FLEX
81398-56212,TE,Tommy,Tommy Sweeney,Sweeney,2.1285713740757535,7,4100,PIT@BUF,BUF,PIT,,,,,,TE/FLEX
81398-130286,TE,Ben,Ben Ellefson,Ellefson,2.049999952316284,2,4100,CHI@MIN,MIN,CHI,O,Groin,,,,TE/FLEX
81398-28080,TE,Devin,Devin Funchess,Funchess,,,4100,DET@NE,DET,NE,,,,,,TE/FLEX
81398-18009,TE,Chris,Chris Manhertz,Manhertz,0.5,1,4100,HOU@JAC,JAC,HOU,,,,,,TE/FLEX
81398-71351,TE,Charlie,Charlie Woerner,Woerner,0,1,4100,SF@CAR,SF,CAR,,,,,,TE/FLEX
81398-28346,TE,Maxx,Maxx Williams,Williams,6.659999847412109,5,4100,PHI@ARI,ARI,PHI,Q,Knee,,,,TE/FLEX
81398-87815,TE,Jeremy,Jeremy Ruckert,Ruckert,0,1,4100,MIA@NYJ,NYJ,MIA,,,,,,TE/FLEX
81398-69451,TE,Jack,Jack Stoll,Stoll,0.8999999761581421,1,4100,PHI@ARI,PHI,ARI,,,,,,TE/FLEX
81398-28570,TE,Nick,Nick Vannett,Vannett,1,1,4100,SEA@NO,NO,SEA,,,,,,TE/FLEX
81398-28694,TE,Jesse,Jesse James,James,3.924999952316284,4,4000,LAC@CLE,CLE,LAC,IR,Biceps,,,,TE/FLEX
81398-137249,TE,Briley,Briley Moore,Moore,,,4000,TEN@WAS,TEN,WAS,,,,,,TE/FLEX
81398-55336,TE,Chris,Chris Herndon,Herndon,2.4,5,4000,SEA@NO,NO,SEA,,,,,,TE/FLEX
81398-69676,TE,Jamal,Jamal Pettigrew,Pettigrew,,,4000,DAL@LAR,LAR,DAL,,,,,,TE/FLEX
81398-86075,TE,Lucas,Lucas Krull,Krull,,,4000,SEA@NO,NO,SEA,,,,,,TE/FLEX
81398-59455,TE,Sammis,Sammis Reyes,Reyes,,,4000,TEN@WAS,WAS,TEN,,,,,,TE/FLEX
81398-30787,TE,Alex,Alex Ellis,Ellis,,,4000,PHI@ARI,ARI,PHI,Q,Undisclosed,,,,TE/FLEX
81398-65607,TE,Jacob,Jacob Harris,Harris,,,4000,DAL@LAR,LAR,DAL,,,,,,TE/FLEX
81398-69705,TE,Garrett,Garrett Walston,Walston,,,4000,SF@CAR,SF,CAR,,,,,,TE/FLEX
81398-79967,TE,Adam,Adam Shaheen,Shaheen,2.4285714285714284,7,4000,MIA@NYJ,MIA,NYJ,IR,Knee,,,,TE/FLEX
81398-94345,TE,Cole,Cole Turner,Turner,,,4000,TEN@WAS,WAS,TEN,,,,,,TE/FLEX
81398-80011,TE,Antony,Antony Auclair,Auclair,3.299999952316284,4,4000,HOU@JAC,HOU,JAC,Q,Knee,,,,TE/FLEX
81398-65737,TE,Sam,Sam Tecklenburg,Tecklenburg,,,4000,SF@CAR,CAR,SF,,,,,,TE/FLEX
81398-170191,TE,Ben,Ben Beise,Beise,,,4000,ATL@TB,TB,ATL,,,,,,TE/FLEX
81398-149708,TE,Zach,Zach Davidson,Davidson,,,4000,PIT@BUF,BUF,PIT,,,,,,TE/FLEX
81398-170188,TE,Tanner,Tanner Conner,Conner,,,4000,MIA@NYJ,MIA,NYJ,,,,,,TE/FLEX
81398-170206,TE,Rodney,Rodney Williams II,Williams II,,,4000,PIT@BUF,PIT,BUF,,,,,,TE/FLEX
81398-149727,TE,Bernhard,Bernhard Seikovits,Seikovits,,,4000,PHI@ARI,ARI,PHI,,,,,,TE/FLEX
81398-12529,D,Cleveland,Cleveland Browns,Browns,5.5,4,4000,LAC@CLE,CLE,LAC,,,,,,DEF
81398-12544,D,New York,New York Jets,Jets,5.5,4,4000,MIA@NYJ,NYJ,MIA,,,,,,DEF
81398-170282,TE,JJ,JJ Howland,Howland,,,4000,ATL@TB,TB,ATL,,,,,,TE/FLEX
81398-65839,TE,Kahale,Kahale Warring,Warring,,,4000,SEA@NO,NO,SEA,,,,,,TE/FLEX
81398-55609,TE,Ryan,Ryan Izzo,Izzo,,,4000,SF@CAR,CAR,SF,,,,,,TE/FLEX
81398-63839,TE,Tyler,Tyler Mabry,Mabry,,,4000,SEA@NO,SEA,NO,,,,,,TE/FLEX
81398-153957,TE,Zaire,Zaire Mitchell-Paden,Mitchell-Paden,,,4000,LAC@CLE,CLE,LAC,,,,,,TE/FLEX
81398-63851,TE,Tyree,Tyree Jackson,Jackson,3.2333332697550454,3,4000,PHI@ARI,PHI,ARI,NA,Knee - acl,,,,TE/FLEX
81398-92530,TE,Cade,Cade Brewer,Brewer,,,4000,SEA@NO,SEA,NO,,,,,,TE/FLEX
81398-45472,TE,Garrett,Garrett Griffin,Griffin,2.950000047683716,2,4000,DET@NE,DET,NE,,,,,,TE/FLEX
81398-72110,TE,John,John Mitchell,Mitchell,,,4000,SEA@NO,SEA,NO,,,,,,TE/FLEX
81398-47551,TE,Mason,Mason Schreck,Schreck,0.5,1,4000,HOU@JAC,HOU,JAC,,,,,,TE/FLEX
81398-84440,TE,Jaeden,Jaeden Graham,Graham,,,4000,PHI@ARI,PHI,ARI,Q,Undisclosed,,,,TE/FLEX
81398-41469,TE,Darrell,Darrell Daniels,Daniels,0.34000000953674314,5,4000,HOU@JAC,HOU,JAC,,,,,,TE/FLEX
81398-64023,TE,Kyle,Kyle Markway,Markway,,,4000,DAL@LAR,LAR,DAL,Q,Undisclosed,,,,TE/FLEX
81398-14895,TE,Patrick,Patrick Scales,Scales,,,4000,CHI@MIN,CHI,MIN,,,,,,TE/FLEX
81398-72246,TE,Nolan,Nolan Givan,Givan,,,4000,DET@NE,DET,NE,,,,,,TE/FLEX
81398-68155,TE,Codey,Codey McElroy,McElroy,0.25,2,4000,ATL@TB,TB,ATL,Q,Foot,,,,TE/FLEX
81398-90778,TE,Derrick,Derrick Deese Jr.,Deese Jr.,,,4000,DET@NE,DET,NE,,,,,,TE/FLEX
81398-86692,TE,Thomas,Thomas Odukoya,Odukoya,,,4000,TEN@WAS,TEN,WAS,,,,,,TE/FLEX
81398-92882,TE,Connor,Connor Heyward,Heyward,,,4000,PIT@BUF,PIT,BUF,,,,,,TE/FLEX
81398-66402,TE,Jack,Jack Driscoll,Driscoll,,,4000,PHI@ARI,PHI,ARI,,,,,,TE/FLEX
81398-93026,TE,Teagan,Teagan Quitoriano,Quitoriano,,,4000,HOU@JAC,HOU,JAC,IR,Knee,,,,TE/FLEX
81398-23435,TE,Andrew,Andrew DePaola,DePaola,,,4000,CHI@MIN,MIN,CHI,,,,,,TE/FLEX
81398-89029,TE,Chris,Chris Pierce Jr.,Pierce Jr.,,,4000,PHI@ARI,ARI,PHI,Q,Undisclosed,,,,TE/FLEX
81398-70604,TE,John,John Raine,Raine,,,4000,ATL@TB,ATL,TB,Q,Undisclosed,,,,TE/FLEX
81398-72665,TE,Kenny,Kenny Yeboah,Yeboah,2.299999952316284,2,4000,MIA@NYJ,NYJ,MIA,,,,,,TE/FLEX
81398-54239,TE,Matt,Matt Sokol,Sokol,,,4000,DET@NE,NE,DET,,,,,,TE/FLEX
81398-87013,TE,Erik,Erik Krommenhoek,Krommenhoek,,,4000,LAC@CLE,LAC,CLE,,,,,,TE/FLEX
81398-62505,TE,MyCole,MyCole Pruitt,Pruitt,3.772727272727273,11,4000,ATL@TB,ATL,TB,,,,,,TE/FLEX
81398-46177,TE,David,David Wells,Wells,,,4000,ATL@TB,TB,ATL,,,,,,TE/FLEX
81398-68708,TE,Seth,Seth Green,Green,,,4000,HOU@JAC,HOU,JAC,,,,,,TE/FLEX
81398-68714,TE,Ko,Ko Kieft,Kieft,2.4000000953674316,1,4000,ATL@TB,TB,ATL,,,,,,TE/FLEX
81398-46200,TE,Daniel,Daniel Brunskill,Brunskill,,,4000,SF@CAR,SF,CAR,,,,,,TE/FLEX
81398-72863,TE,Armani,Armani Rogers,Rogers,2.799999952316284,1,4000,TEN@WAS,WAS,TEN,,,,,,TE/FLEX
81398-93343,TE,Roger,Roger Carter Jr.,Carter Jr.,,,4000,DAL@LAR,LAR,DAL,,,,,,TE/FLEX
81398-70881,TE,Justin,Justin Rigg,Rigg,,,4000,PIT@BUF,PIT,BUF,,,,,,TE/FLEX
81398-52468,TE,Ethan,Ethan Wolf,Wolf,1.7999999523162842,1,4000,SEA@NO,NO,SEA,,,,,,TE/FLEX
81398-97537,TE,Naz,Naz Bohannon,Bohannon,,,4000,HOU@JAC,JAC,HOU,,,,,,TE/FLEX
81398-83226,TE,Kevin,Kevin Rader,Rader,0.8999999761581421,2,4000,TEN@WAS,TEN,WAS,,,,,,TE/FLEX
81398-91467,TE,Jake,Jake Tonges,Tonges,0,1,4000,CHI@MIN,CHI,MIN,,,,,,TE/FLEX
81398-64864,TE,Noah,Noah Togiai,Togiai,0,1,4000,PHI@ARI,PHI,ARI,,,,,,TE/FLEX
81398-25957,TE,J.P.,J.P. Holtz,Holtz,,,4000,SEA@NO,NO,SEA,,,,,,TE/FLEX
81398-60788,TE,Nick,Nick Ralston,Ralston,,,4000,DAL@LAR,DAL,LAR,,,,,,TE/FLEX
81398-60791,TE,Tommy,Tommy Hudson,Hudson,1.149999976158142,4,4000,TEN@WAS,TEN,WAS,Q,Undisclosed,,,,TE/FLEX
81398-71058,TE,Grayson,Grayson Gunter,Gunter,,,4000,HOU@JAC,JAC,HOU,,,,,,TE/FLEX
81398-114112,TE,Jalen,Jalen Wydermyer,Wydermyer,,,4000,DET@NE,NE,DET,,,,,,TE/FLEX
81398-73161,TE,Chase,Chase Allen,Allen,,,4000,CHI@MIN,CHI,MIN,,,,,,TE/FLEX
81398-73172,TE,Jake,Jake Hausmann,Hausmann,,,4000,TEN@WAS,WAS,TEN,,,,,,TE/FLEX
81398-73176,TE,Luke,Luke Farrell,Farrell,1.1375000476837158,8,4000,HOU@JAC,JAC,HOU,,,,,,TE/FLEX
81398-54746,TE,Tyler,Tyler Ott,Ott,,,4000,SEA@NO,SEA,NO,IR,Shoulder,,,,TE/FLEX
81398-103900,TE,Brandon,Brandon Dillon,Dillon,,,4000,SEA@NO,NO,SEA,,,,,,TE/FLEX
81398-91618,TE,John,John FitzPatrick,FitzPatrick,,,4000,ATL@TB,ATL,TB,IR,Undisclosed,,,,TE/FLEX
81398-97771,TE,Marcus,Marcus Santos-Silva,Santos-Silva,,,4000,LAC@CLE,CLE,LAC,,,,,,TE/FLEX
81398-89586,TE,Tucker,Tucker Fisk,Fisk,,,4000,ATL@TB,ATL,TB,,,,,,TE/FLEX
81398-62981,TE,Eli,Eli Wolf,Wolf,,,4000,TEN@WAS,WAS,TEN,IR,Undisclosed,,,,TE/FLEX
81398-62998,TE,Jace,Jace Sternberger,Sternberger,,,4000,PIT@BUF,PIT,BUF,,,,,,TE/FLEX
81398-103966,TE,Stone,Stone Smartt,Smartt,,,4000,LAC@CLE,LAC,CLE,IR,Undisclosed,,,,TE/FLEX
81398-73266,TE,Dylan,Dylan Soehner,Soehner,,,4000,SEA@NO,NO,SEA,NA,Undisclosed,,,,TE/FLEX
81398-46644,TE,Paul,Paul Quessenberry,Quessenberry,,,4000,HOU@JAC,HOU,JAC,,,,,,TE/FLEX
81398-69173,TE,Hunter,Hunter Kampmoyer,Kampmoyer,,,4000,LAC@CLE,LAC,CLE,,,,,,TE/FLEX
81398-60981,TE,Charlie,Charlie Heck,Heck,,,4000,HOU@JAC,HOU,JAC,,,,,,TE/FLEX
81398-60984,TE,Jake,Jake Bargas,Bargas,,,4000,CHI@MIN,CHI,MIN,,,,,,TE/FLEX
81398-30272,TE,Colin,Colin Thompson,Thompson,0,1,4000,SF@CAR,CAR,SF,Q,Calf,,,,TE/FLEX
81398-104019,TE,Matt,Matt Orzech,Orzech,0,1,4000,DAL@LAR,LAR,DAL,,,,,,TE/FLEX
81398-89814,TE,Gerrit,Gerrit Prince,Prince,,,4000,HOU@JAC,JAC,HOU,,,,,,TE/FLEX
81398-38636,TE,Bug,Bug Howard,Howard,,,4000,ATL@TB,TB,ATL,Q,Undisclosed,,,,TE/FLEX
81398-85759,TE,Curtis,Curtis Hodges,Hodges,,,4000,TEN@WAS,WAS,TEN,IR,Thigh,,,,TE/FLEX
81398-40746,TE,Troy,Troy Fumagalli,Fumagalli,,,4000,SF@CAR,SF,CAR,,,,,,TE/FLEX
81398-55099,TE,Ian,Ian Bunting,Bunting,,,4000,DAL@LAR,DAL,LAR,IR,Neck,,,,TE/FLEX
81398-38722,TE,Cethan,Cethan Carter,Carter,1.2999999523162842,2,4000,MIA@NYJ,MIA,NYJ,Q,Concussion,,,,TE/FLEX
81398-63321,TE,Rashod,Rashod Berry,Berry,,,4000,HOU@JAC,JAC,HOU,,,,,,TE/FLEX
81398-169853,TE,Josh,Josh Babicz,Babicz,,,4000,SF@CAR,CAR,SF,,,,,,TE/FLEX
81398-69516,TE,Miller,Miller Forristall,Forristall,0,1,4000,LAC@CLE,CLE,LAC,,,,,,TE/FLEX
81398-85986,TE,James,James Mitchell,Mitchell,,,4000,DET@NE,DET,NE,,,,,,TE/FLEX
81398-85994,TE,Dalton,Dalton Keene,Keene,,,4000,PHI@ARI,PHI,ARI,,,,,,TE/FLEX
81398-96254,TE,Nick,Nick Muse,Muse,,,4000,CHI@MIN,MIN,CHI,,,,,,TE/FLEX
81398-12538,D,Los Angeles,Los Angeles Rams,Rams,6.5,4,3900,DAL@LAR,LAR,DAL,,,,,,DEF
81398-12548,D,Los Angeles,Los Angeles Chargers,Chargers,4.5,4,3900,LAC@CLE,LAC,CLE,,,,,,DEF
81398-12542,D,New Orleans,New Orleans Saints,Saints,4.5,4,3800,SEA@NO,NO,SEA,,,,,,DEF
81398-12556,D,Houston,Houston Texans,Texans,6,4,3700,HOU@JAC,HOU,JAC,,,,,,DEF
81398-12541,D,New England,New England Patriots,Patriots,6.75,4,3600,DET@NE,NE,DET,,,,,,DEF
81398-12553,D,Carolina,Carolina Panthers,Panthers,7.5,4,3600,SF@CAR,CAR,SF,,,,,,DEF
81398-12547,D,Pittsburgh,Pittsburgh Steelers,Steelers,9,4,3500,PIT@BUF,PIT,BUF,,,,,,DEF
81398-12546,D,Arizona,Arizona Cardinals,Cardinals,5.75,4,3400,PHI@ARI,ARI,PHI,,,,,,DEF
81398-12527,D,Chicago,Chicago Bears,Bears,6.75,4,3300,CHI@MIN,CHI,MIN,,,,,,DEF
81398-12552,D,Washington,Washington Commanders,Commanders,3.5,4,3200,TEN@WAS,WAS,TEN,,,,,,DEF
81398-12550,D,Seattle,Seattle Seahawks,Seahawks,7.5,4,3100,SEA@NO,SEA,NO,,,,,,DEF
81398-12525,D,Atlanta,Atlanta Falcons,Falcons,8,4,3000,ATL@TB,ATL,TB,,,,,,DEF