Id,Position,First Name,Nickname,Last Name,FPPG,Played,Salary,Game,Team,Opponent,Injury Indicator,Injury Details,Tier,,,Roster Position
81659-53562,RB,Nick,Nick Chubb,Chubb,21.6,5,9500,NE@CLE,CLE,NE,,,,,,RB/FLEX
81659-79970,WR,Cooper,Cooper Kupp,Kupp,21.519999694824218,5,9400,CAR@LAR,LAR,CAR,Q,Foot,,,,WR/FLEX
81659-85671,WR,Justin,Justin Jefferson,Jefferson,19.183999633789064,5,9200,MIN@MIA,MIN,MIA,,,,,,WR/FLEX
81659-62239,QB,Josh,Josh Allen,Allen,30.107998657226563,5,9200,BUF@KC,BUF,KC,,,,,,QB
81659-25079,WR,Stefon,Stefon Diggs,Diggs,20.060000610351562,5,8900,BUF@KC,BUF,KC,,,,,,WR/FLEX
81659-63115,QB,Lamar,Lamar Jackson,Jackson,27.01600036621094,5,8800,BAL@NYG,BAL,NYG,,,,,,QB
81659-64401,RB,Saquon,Saquon Barkley,Barkley,19.31999969482422,5,8800,BAL@NYG,NYG,BAL,,,,,,RB/FLEX
81659-55050,RB,Christian,Christian McCaffrey,McCaffrey,16.439999389648438,5,8700,CAR@LAR,CAR,LAR,,,,,,RB/FLEX
81659-57439,QB,Patrick,Patrick Mahomes,Mahomes,25.024000549316405,5,8600,BUF@KC,KC,BUF,,,,,,QB
81659-52922,RB,Leonard,Leonard Fournette,Fournette,15.680000305175781,5,8500,TB@PIT,TB,PIT,,,,,,RB/FLEX
81659-33076,TE,Travis,Travis Kelce,Kelce,19.060000610351562,5,8300,BUF@KC,KC,BUF,,,,,,TE/FLEX
81659-54140,RB,Dalvin,Dalvin Cook,Cook,13.239999389648437,5,8300,MIN@MIA,MIN,MIA,,,,,,RB/FLEX
81659-63484,QB,Kyler,Kyler Murray,Murray,20.38800048828125,5,8300,ARI@SEA,ARI,SEA,,,,,,QB
81659-86687,WR,Marquise,Marquise Brown,Brown,15.739999389648437,5,8200,ARI@SEA,ARI,SEA,,,,,,WR/FLEX
81659-42104,RB,Alvin,Alvin Kamara,Kamara,10.933333079020182,3,8100,CIN@NO,NO,CIN,,,,,,RB/FLEX
81659-85701,WR,Ja'Marr,Ja'Marr Chase,Chase,12.1,5,8100,CIN@NO,CIN,NO,,,,,,WR/FLEX
81659-53681,WR,Tyreek,Tyreek Hill,Hill,17.039999389648436,5,8000,MIN@MIA,MIA,MIN,,,,,,WR/FLEX
81659-89675,RB,Jonathan,Jonathan Taylor,Taylor,11.425000190734863,4,8000,JAC@IND,IND,JAC,O,Ankle,,,,RB/FLEX
81659-63336,QB,Joe,Joe Burrow,Burrow,20.027999877929688,5,8000,CIN@NO,CIN,NO,,,,,,QB
81659-52436,TE,Mark,Mark Andrews,Andrews,15.039999389648438,5,7800,BAL@NYG,BAL,NYG,,,,,,TE/FLEX
81659-52442,RB,Joe,Joe Mixon,Mixon,11.759999847412109,5,7800,CIN@NO,CIN,NO,,,,,,RB/FLEX
81659-32384,WR,Mike,Mike Evans,Evans,14.899999618530273,4,7700,TB@PIT,TB,PIT,,,,,,WR/FLEX
81659-22038,QB,Kirk,Kirk Cousins,Cousins,17.275999450683592,5,7600,MIN@MIA,MIN,MIA,,,,,,QB
81659-56018,WR,Deebo,Deebo Samuel,Samuel,13.019999694824218,5,7600,SF@ATL,SF,ATL,,,,,,WR/FLEX
81659-6498,QB,Tom,Tom Brady,Brady,16.132000732421876,5,7500,TB@PIT,TB,PIT,,,,,,QB
81659-27050,WR,Tyler,Tyler Lockett,Lockett,13.319999694824219,5,7500,ARI@SEA,SEA,ARI,,,,,,WR/FLEX
81659-45565,TE,Taysom,Taysom Hill,Hill,14.595000267028809,4,7500,CIN@NO,NO,CIN,,,,,,TE/FLEX
81659-6894,QB,Aaron,Aaron Rodgers,Rodgers,14.436000061035156,5,7500,NYJ@GB,GB,NYJ,,,,,,QB
81659-111540,RB,Rhamondre,Rhamondre Stevenson,Stevenson,11.359999847412109,5,7500,NE@CLE,NE,CLE,,,,,,RB/FLEX
81659-73048,WR,DK,DK Metcalf,Metcalf,11.84000015258789,5,7400,ARI@SEA,SEA,ARI,,,,,,WR/FLEX
81659-26483,QB,Geno,Geno Smith,Smith,19.980000305175782,5,7400,ARI@SEA,SEA,ARI,,,,,,QB
81659-90573,WR,Jaylen,Jaylen Waddle,Waddle,14.419999694824218,5,7300,MIN@MIA,MIA,MIN,,,,,,WR/FLEX
81659-40442,RB,Aaron,Aaron Jones,Jones,13.160000610351563,5,7300,NYJ@GB,GB,NYJ,,,,,,RB/FLEX
81659-55552,RB,Jeff,Jeff Wilson Jr.,Wilson Jr.,11.7,5,7200,SF@ATL,SF,ATL,,,,,,RB/FLEX
81659-6654,QB,Matthew,Matthew Stafford,Stafford,12.183999633789062,5,7200,CAR@LAR,LAR,CAR,,,,,,QB
81659-89981,WR,Tee,Tee Higgins,Higgins,13.375,4,7200,CIN@NO,CIN,NO,Q,Ankle,,,,WR/FLEX
81659-31001,WR,Amari,Amari Cooper,Cooper,12.38000030517578,5,7100,NE@CLE,CLE,NE,,,,,,WR/FLEX
81659-54604,QB,Jimmy,Jimmy Garoppolo,Garoppolo,14.494999885559082,4,7100,SF@ATL,SF,ATL,,,,,,QB
81659-103064,RB,Breece,Breece Hall,Hall,14.660000610351563,5,7100,NYJ@GB,NYJ,GB,,,,,,RB/FLEX
81659-89951,QB,Trevor,Trevor Lawrence,Lawrence,15.416000366210938,5,7100,JAC@IND,JAC,IND,,,,,,QB
81659-24849,QB,Jameis,Jameis Winston,Winston,16.306666056315105,3,7000,CIN@NO,NO,CIN,Q,Back,,,,QB
81659-60858,WR,Christian,Christian Kirk,Kirk,12.519999694824218,5,7000,JAC@IND,JAC,IND,,,,,,WR/FLEX
81659-90572,QB,Tua,Tua Tagovailoa,Tagovailoa,17.625,4,7000,MIN@MIA,MIA,MIN,O,Concussion,,,,QB
81659-85741,RB,Clyde,Clyde Edwards-Helaire,Edwards-Helaire,14.8,5,7000,BUF@KC,KC,BUF,,,,,,RB/FLEX
81659-28573,WR,Michael,Michael Thomas,Thomas,14.366666158040365,3,7000,CIN@NO,NO,CIN,O,Foot,,,,WR/FLEX
81659-94534,WR,Gabe,Gabe Davis,Davis,13.600000381469727,4,6900,BUF@KC,BUF,KC,,,,,,WR/FLEX
81659-6616,QB,Matt,Matt Ryan,Ryan,12.668000030517579,5,6900,JAC@IND,IND,JAC,,,,,,QB
81659-40687,RB,James,James Conner,Conner,8.65999984741211,5,6900,ARI@SEA,ARI,SEA,O,Ribs,,,,RB/FLEX
81659-63519,QB,Daniel,Daniel Jones,Jones,15.783999633789062,5,6800,BAL@NYG,NYG,BAL,,,,,,QB
81659-55635,WR,Chris,Chris Godwin,Godwin,7.900000254313151,3,6800,TB@PIT,TB,PIT,,,,,,WR/FLEX
81659-29358,QB,Marcus,Marcus Mariota,Mariota,14.927999877929688,5,6800,SF@ATL,ATL,SF,,,,,,QB
81659-87787,RB,J.K.,J.K. Dobbins,Dobbins,9.90000025431315,3,6800,BAL@NYG,BAL,NYG,,,,,,RB/FLEX
81659-130288,RB,James,James Robinson,Robinson,12.219999694824219,5,6700,JAC@IND,JAC,IND,,,,,,RB/FLEX
81659-90406,QB,Zach,Zach Wilson,Wilson,17.440000534057617,2,6700,NYJ@GB,NYJ,GB,,,,,,QB
81659-69213,WR,Michael,Michael Pittman Jr.,Pittman Jr.,11.699999809265137,4,6700,JAC@IND,IND,JAC,,,,,,WR/FLEX
81659-87770,WR,Chris,Chris Olave,Olave,12.680000305175781,5,6700,CIN@NO,NO,CIN,Q,Concussion,,,,WR/FLEX
81659-64576,RB,Damien,Damien Harris,Harris,10.140000152587891,5,6600,NE@CLE,NE,CLE,Q,Hamstring,,,,RB/FLEX
81659-63634,WR,Jakobi,Jakobi Meyers,Meyers,14.266666412353516,3,6600,NE@CLE,NE,CLE,Q,Knee,,,,WR/FLEX
81659-90584,QB,Mac,Mac Jones,Jones,14.046666463216146,3,6600,NE@CLE,NE,CLE,Q,Ankle,,,,QB
81659-30231,QB,Jacoby,Jacoby Brissett,Brissett,15.319999694824219,5,6600,NE@CLE,CLE,NE,,,,,,QB
81659-28744,RB,Raheem,Raheem Mostert,Mostert,8.4,5,6500,MIN@MIA,MIA,MIN,Q,Knee,,,,RB/FLEX
81659-70051,QB,Tyler,Tyler Huntley,Huntley,12.377142769949776,7,6500,BAL@NYG,BAL,NYG,,,,,,QB
81659-33259,QB,Teddy,Teddy Bridgewater,Bridgewater,3.9399998982747397,3,6500,MIN@MIA,MIA,MIN,,,,,,QB
81659-85845,WR,Rashod,Rashod Bateman,Bateman,9.949999809265137,4,6500,BAL@NYG,BAL,NYG,O,Foot,,,,WR/FLEX
81659-92020,QB,Kenny,Kenny Pickett,Pickett,14.1899995803833,2,6500,TB@PIT,PIT,TB,,,,,,QB
81659-103342,RB,Kenneth,Kenneth Walker III,Walker III,6.25,4,6500,ARI@SEA,SEA,ARI,,,,,,RB/FLEX
81659-41535,QB,Baker,Baker Mayfield,Mayfield,11.695999908447266,5,6400,CAR@LAR,CAR,LAR,D,Ankle,,,,QB
81659-55987,WR,JuJu,JuJu Smith-Schuster,Smith-Schuster,6.94000015258789,5,6400,BUF@KC,KC,BUF,,,,,,WR/FLEX
81659-89956,RB,Travis,Travis Etienne Jr.,Etienne Jr.,7.880000305175781,5,6400,JAC@IND,JAC,IND,,,,,,RB/FLEX
81659-14225,QB,Andy,Andy Dalton,Dalton,12.3100004196167,2,6400,CIN@NO,NO,CIN,,,,,,QB
81659-66008,WR,Diontae,Diontae Johnson,Johnson,8.759999847412109,5,6300,TB@PIT,PIT,TB,,,,,,WR/FLEX
81659-69294,QB,Skylar,Skylar Thompson,Thompson,3.640000104904175,1,6300,MIN@MIA,MIA,MIN,,,,,,QB
81659-7872,QB,Brian,Brian Hoyer,Hoyer,1.4800000190734863,1,6300,NE@CLE,NE,CLE,IR,Concussion,,,,QB
81659-139985,QB,Bailey,Bailey Zappe,Zappe,8.489999771118164,2,6300,NE@CLE,NE,CLE,,,,,,QB
81659-85762,RB,Eno,Eno Benjamin,Benjamin,7.05999984741211,5,6300,ARI@SEA,ARI,SEA,,,,,,RB/FLEX
81659-41827,QB,P.J.,P.J. Walker,Walker,2.4000000953674316,1,6300,CAR@LAR,CAR,LAR,,,,,,QB
81659-14377,QB,Tyrod,Tyrod Taylor,Taylor,2.440000057220459,1,6200,BAL@NYG,NYG,BAL,,,,,,QB
81659-71032,WR,Devin,Devin Duvernay,Duvernay,11.45999984741211,5,6200,BAL@NYG,BAL,NYG,,,,,,WR/FLEX
81659-90575,RB,Najee,Najee Harris,Harris,9.019999694824218,5,6200,TB@PIT,PIT,TB,,,,,,RB/FLEX
81659-56809,WR,Allen,Allen Lazard,Lazard,11.725000381469727,4,6200,NYJ@GB,GB,NYJ,,,,,,WR/FLEX
81659-38628,QB,Mitch,Mitch Trubisky,Trubisky,10.630000114440918,4,6200,TB@PIT,PIT,TB,,,,,,QB
81659-47870,TE,Tyler,Tyler Higbee,Higbee,9.1,5,6200,CAR@LAR,LAR,CAR,Q,Ankle,,,,TE/FLEX
81659-63589,QB,Sam,Sam Darnold,Darnold,14.18999989827474,12,6100,CAR@LAR,CAR,LAR,IR,Ankle,,,,QB
81659-112745,WR,Drake,Drake London,London,10.319999694824219,5,6100,SF@ATL,ATL,SF,,,,,,WR/FLEX
81659-39034,QB,Kurt,Kurt Benkert,Benkert,-0.10000000149011612,1,6100,SF@ATL,SF,ATL,,,,,,QB
81659-89230,RB,Cam,Cam Akers,Akers,4.3799999237060545,5,6100,CAR@LAR,LAR,CAR,O,Personal,,,,RB/FLEX
81659-11500,QB,Colt,Colt McCoy,McCoy,6.0428570338657925,7,6100,ARI@SEA,ARI,SEA,,,,,,QB
81659-86278,QB,Desmond,Desmond Ridder,Ridder,,,6100,SF@ATL,ATL,SF,,,,,,QB
81659-27986,QB,C.J.,C.J. Beathard,Beathard,-0.10000000149011612,1,6100,JAC@IND,JAC,IND,,,,,,QB
81659-69017,QB,Jordan,Jordan Love,Love,2.5999999046325684,1,6100,NYJ@GB,GB,NYJ,,,,,,QB
81659-31170,QB,Brandon,Brandon Allen,Allen,2.7719999313354493,5,6100,CIN@NO,CIN,NO,,,,,,QB
81659-22994,QB,Case,Case Keenum,Keenum,0.1599999964237213,2,6100,BUF@KC,BUF,KC,,,,,,QB
81659-40407,QB,Joshua,Joshua Dobbs,Dobbs,,,6100,NE@CLE,CLE,NE,,,,,,QB
81659-22027,QB,Nick,Nick Foles,Foles,16.799999237060547,1,6100,JAC@IND,IND,JAC,,,,,,QB
81659-64051,QB,Drew,Drew Lock,Lock,8.896666844685873,6,6100,ARI@SEA,SEA,ARI,,,,,,QB
81659-6714,QB,Joe,Joe Flacco,Flacco,15.879999796549479,3,6100,NYJ@GB,NYJ,GB,,,,,,QB
81659-41562,QB,Nick,Nick Mullens,Mullens,9.880000114440918,1,6100,MIN@MIA,MIN,MIA,,,,,,QB
81659-7844,QB,Chad,Chad Henne,Henne,0,1,6100,BUF@KC,KC,BUF,,,,,,QB
81659-14194,QB,Blaine,Blaine Gabbert,Gabbert,0.33000000317891437,6,6100,TB@PIT,TB,PIT,,,,,,QB
81659-56192,QB,John,John Wolford,Wolford,-0.44999998807907104,2,6100,CAR@LAR,LAR,CAR,Q,Neck,,,,QB
81659-30733,RB,Cordarrelle,Cordarrelle Patterson,Patterson,14.199999809265137,4,6000,SF@ATL,ATL,SF,IR,Knee,,,,RB/FLEX
81659-71710,QB,Nate,Nate Stanley,Stanley,,,6000,MIN@MIA,MIN,MIA,,,,,,QB
81659-29780,TE,Zach,Zach Ertz,Ertz,10.180000305175781,5,6000,ARI@SEA,ARI,SEA,,,,,,TE/FLEX
81659-62566,QB,Travis,Travis Jonsen,Jonsen,,,6000,TB@PIT,TB,PIT,,,,,,QB
81659-64637,QB,Brian,Brian Lewerke,Lewerke,,,6000,BAL@NYG,NYG,BAL,,,,,,QB
81659-45229,RB,Kareem,Kareem Hunt,Hunt,11.6,5,6000,NE@CLE,CLE,NE,,,,,,RB/FLEX
81659-149696,QB,Trey,Trey Lance,Lance,6.730000019073486,2,6000,SF@ATL,SF,ATL,IR,Ankle,,,,QB
81659-69833,QB,Shane,Shane Buechele,Buechele,,,6000,BUF@KC,KC,BUF,,,,,,QB
81659-92362,QB,Levi,Levi Lewis,Lewis,,,6000,ARI@SEA,SEA,ARI,,,,,,QB
81659-29915,QB,Brett,Brett Hundley,Hundley,,,6000,BAL@NYG,BAL,NYG,,,,,,QB
81659-130269,QB,Reid,Reid Sinnett,Sinnett,,,6000,MIN@MIA,MIA,MIN,,,,,,QB
81659-170252,QB,Felix,Felix Harper,Harper,,,6000,NE@CLE,CLE,NE,,,,,,QB
81659-84287,QB,Luis,Luis Perez,Perez,,,6000,CAR@LAR,LAR,CAR,,,,,,QB
81659-60787,QB,Bryce,Bryce Perkins,Perkins,,,6000,CAR@LAR,LAR,CAR,,,,,,QB
81659-52606,QB,David,David Blough,Blough,0.6000000238418579,1,6000,MIN@MIA,MIN,MIA,,,,,,QB
81659-53639,WR,Isaiah,Isaiah McKenzie,McKenzie,10.350000381469727,4,6000,BUF@KC,BUF,KC,,,,,,WR/FLEX
81659-92560,QB,Sam,Sam Ehlinger,Ehlinger,0.29999999205271405,3,6000,JAC@IND,IND,JAC,,,,,,QB
81659-32158,QB,Garrett,Garrett Gilbert,Gilbert,7.760000228881836,1,6000,NE@CLE,NE,CLE,,,,,,QB
81659-60840,QB,Jake,Jake Browning,Browning,,,6000,CIN@NO,CIN,NO,,,,,,QB
81659-53729,QB,Mason,Mason Rudolph,Rudolph,9.6899995803833,2,6000,TB@PIT,PIT,TB,,,,,,QB
81659-72241,QB,Drew,Drew Plitt,Plitt,,,6000,CIN@NO,CIN,NO,,,,,,QB
81659-88630,QB,Matt,Matt Corral,Corral,,,6000,CAR@LAR,CAR,LAR,IR,Foot,,,,QB
81659-89658,QB,Jack,Jack Coan,Coan,,,6000,JAC@IND,IND,JAC,,,,,,QB
81659-71232,QB,D'Eriq,D'Eriq King,King,,,6000,NE@CLE,NE,CLE,,,,,,QB
81659-71242,QB,Jarrett,Jarrett Guarantano,Guarantano,,,6000,ARI@SEA,ARI,SEA,,,,,,QB
81659-94797,QB,Kellen,Kellen Mond,Mond,0.20000000298023224,1,6000,NE@CLE,CLE,NE,,,,,,QB
81659-40534,QB,Mike,Mike White,White,13.005000114440918,4,6000,NYJ@GB,NYJ,GB,,,,,,QB
81659-54879,QB,Deshaun,Deshaun Watson,Watson,,,6000,NE@CLE,CLE,NE,IR,Suspension,,,,QB
81659-85607,QB,Brock,Brock Purdy,Purdy,-0.10000000149011612,1,6000,SF@ATL,SF,ATL,,,,,,QB
81659-69302,QB,Feleipe,Feleipe Franks,Franks,0,1,6000,SF@ATL,ATL,SF,,,,,,QB
81659-73398,QB,Chris,Chris Oladokun,Oladokun,,,6000,BUF@KC,KC,BUF,,,,,,QB
81659-69304,QB,Kyle,Kyle Trask,Trask,,,6000,TB@PIT,TB,PIT,,,,,,QB
81659-52929,QB,Jake,Jake Luton,Luton,,,6000,CIN@NO,NO,CIN,,,,,,QB
81659-69333,QB,Jacob,Jacob Eason,Eason,0,1,6000,CAR@LAR,CAR,LAR,,,,,,QB
81659-40669,WR,Tyler,Tyler Boyd,Boyd,9.163999938964844,5,6000,CIN@NO,CIN,NO,,,,,,WR/FLEX
81659-29445,QB,Sean,Sean Mannion,Mannion,12.960000038146973,1,6000,ARI@SEA,SEA,ARI,,,,,,QB
81659-95026,QB,Dustin,Dustin Crum,Crum,,,6000,BUF@KC,KC,BUF,,,,,,QB
81659-33647,QB,Kyle,Kyle Sloter,Sloter,,,6000,JAC@IND,JAC,IND,,,,,,QB
81659-38767,QB,Chris,Chris Streveler,Streveler,1.0199999809265137,2,6000,NYJ@GB,NYJ,GB,,,,,,QB
81659-39795,QB,Davis,Davis Webb,Webb,-0.30000001192092896,1,6000,BAL@NYG,NYG,BAL,,,,,,QB
81659-169852,QB,Davis,Davis Cheek,Cheek,,,6000,CAR@LAR,CAR,LAR,,,,,,QB
81659-62364,QB,Josh,Josh Rosen,Rosen,-0.41333333651224774,3,6000,NE@CLE,CLE,NE,,,,,,QB
81659-29605,QB,Matt,Matt Barkley,Barkley,,,6000,BUF@KC,BUF,KC,,,,,,QB
81659-33702,QB,Ryan,Ryan Griffin,Griffin,,,6000,TB@PIT,TB,PIT,,,,,,QB
81659-93103,QB,E.J.,E.J. Perry,Perry,,,6000,JAC@IND,JAC,IND,,,,,,QB
81659-38837,QB,Danny,Danny Etling,Etling,,,6000,NYJ@GB,GB,NYJ,,,,,,QB
81659-69597,QB,Anthony,Anthony Brown,Brown,,,6000,BAL@NYG,BAL,NYG,,,,,,QB
81659-56286,QB,Trace,Trace McSorley,McSorley,2.4800000190734863,1,6000,ARI@SEA,ARI,SEA,,,,,,QB
81659-71672,QB,K.J.,K.J. Costello,Costello,,,6000,CIN@NO,NO,CIN,,,,,,QB
81659-55335,TE,David,David Njoku,Njoku,8.859999847412109,5,5900,NE@CLE,CLE,NE,,,,,,TE/FLEX
81659-86312,WR,Alec,Alec Pierce,Pierce,7.425000190734863,4,5900,JAC@IND,IND,JAC,,,,,,WR/FLEX
81659-93539,RB,Michael,Michael Carter,Carter,9.259999847412109,5,5900,NYJ@GB,NYJ,GB,,,,,,RB/FLEX
81659-39716,WR,Adam,Adam Thielen,Thielen,8.65999984741211,5,5900,MIN@MIA,MIN,MIA,,,,,,WR/FLEX
81659-93107,RB,AJ,AJ Dillon,Dillon,8.38000030517578,5,5900,NYJ@GB,GB,NYJ,,,,,,RB/FLEX
81659-90428,RB,Tyler,Tyler Allgeier,Allgeier,5.474999904632568,4,5800,SF@ATL,ATL,SF,,,,,,RB/FLEX
81659-45439,WR,Corey,Corey Davis,Davis,10.080000305175782,5,5800,NYJ@GB,NYJ,GB,,,,,,WR/FLEX
81659-110246,WR,George,George Pickens,Pickens,6.7,5,5800,TB@PIT,PIT,TB,,,,,,WR/FLEX
81659-40647,WR,Marquez,Marquez Valdes-Scantling,Valdes-Scantling,7,5,5800,BUF@KC,KC,BUF,,,,,,WR/FLEX
81659-85798,WR,Brandon,Brandon Aiyuk,Aiyuk,7.780000305175781,5,5800,SF@ATL,SF,ATL,,,,,,WR/FLEX
81659-27776,RB,Tevin,Tevin Coleman,Coleman,20.200000762939453,1,5700,SF@ATL,SF,ATL,,,,,,RB/FLEX
81659-103564,WR,Garrett,Garrett Wilson,Wilson,10.3,5,5700,NYJ@GB,NYJ,GB,,,,,,WR/FLEX
81659-92575,RB,Isiah,Isiah Pacheco,Pacheco,4,5,5700,BUF@KC,KC,BUF,,,,,,RB/FLEX
81659-70157,RB,Darrell,Darrell Henderson Jr.,Henderson Jr.,6.519999694824219,5,5700,CAR@LAR,LAR,CAR,,,,,,RB/FLEX
81659-63043,WR,DJ,DJ Moore,Moore,7.619999694824219,5,5700,CAR@LAR,CAR,LAR,,,,,,WR/FLEX
81659-39793,TE,George,George Kittle,Kittle,4.466666539510091,3,5700,SF@ATL,SF,ATL,,,,,,TE/FLEX
81659-14257,WR,Randall,Randall Cobb,Cobb,6.680000305175781,5,5700,NYJ@GB,GB,NYJ,,,,,,WR/FLEX
81659-70603,RB,Devin,Devin Singletary,Singletary,8.919999694824218,5,5700,BUF@KC,BUF,KC,,,,,,RB/FLEX
81659-53303,RB,Matt,Matt Breida,Breida,1.5600000381469727,5,5600,BAL@NYG,NYG,BAL,,,,,,RB/FLEX
81659-93408,WR,Rondale,Rondale Moore,Moore,5.900000095367432,2,5600,ARI@SEA,ARI,SEA,,,,,,WR/FLEX
81659-52451,RB,Samaje,Samaje Perine,Perine,5.479999923706055,5,5600,CIN@NO,CIN,NO,,,,,,RB/FLEX
81659-63819,WR,Darius,Darius Slayton,Slayton,6.25,2,5600,BAL@NYG,NYG,BAL,,,,,,WR/FLEX
81659-41305,WR,Zay,Zay Jones,Jones,8.875,4,5600,JAC@IND,JAC,IND,Q,Ankle,,,,WR/FLEX
81659-71246,WR,Marquez,Marquez Callaway,Callaway,5.066666603088379,3,5600,CIN@NO,NO,CIN,,,,,,WR/FLEX
81659-52897,RB,Darrel,Darrel Williams,Williams,4.175000190734863,4,5600,ARI@SEA,ARI,SEA,O,Knee,,,,RB/FLEX
81659-52916,WR,Russell,Russell Gage,Gage,6.94000015258789,5,5600,TB@PIT,TB,PIT,,,,,,WR/FLEX
81659-71352,WR,Mecole,Mecole Hardman,Hardman,5.340000152587891,5,5600,BUF@KC,KC,BUF,,,,,,WR/FLEX
81659-93134,RB,Deon,Deon Jackson,Jackson,5.400000095367432,2,5600,JAC@IND,IND,JAC,,,,,,RB/FLEX
81659-86080,TE,Kyle,Kyle Pitts,Pitts,5,4,5500,SF@ATL,ATL,SF,Q,Hamstring,,,,TE/FLEX
81659-89157,RB,Caleb,Caleb Huntley,Huntley,5.100000063578288,3,5500,SF@ATL,ATL,SF,,,,,,RB/FLEX
81659-63625,RB,Nyheim,Nyheim Hines,Hines,4.44000015258789,5,5500,JAC@IND,IND,JAC,O,Concussion,,,,RB/FLEX
81659-94370,WR,Romeo,Romeo Doubs,Doubs,8.680000305175781,5,5500,NYJ@GB,GB,NYJ,,,,,,WR/FLEX
81659-40167,RB,Gus,Gus Edwards,Edwards,,,5500,BAL@NYG,BAL,NYG,NA,Knee - acl,,,,RB/FLEX
81659-91426,WR,Donovan,Donovan Peoples-Jones,Peoples-Jones,5.420000076293945,5,5500,NE@CLE,CLE,NE,,,,,,WR/FLEX
81659-54608,RB,Jerick,Jerick McKinnon,McKinnon,5.1400001525878904,5,5500,BUF@KC,KC,BUF,,,,,,RB/FLEX
81659-73111,WR,Chase,Chase Claypool,Claypool,5.1200000762939455,5,5500,TB@PIT,PIT,TB,,,,,,WR/FLEX
81659-71105,WR,Ben,Ben Skowronek,Skowronek,5.420000076293945,5,5500,CAR@LAR,LAR,CAR,,,,,,WR/FLEX
81659-33260,WR,DeVante,DeVante Parker,Parker,7.224999904632568,4,5500,NE@CLE,NE,CLE,,,,,,WR/FLEX
81659-22103,WR,Marvin,Marvin Jones Jr.,Jones Jr.,7.159999847412109,5,5500,JAC@IND,JAC,IND,O,Hamstring,,,,WR/FLEX
81659-31394,WR,Jarvis,Jarvis Landry,Landry,6.574999809265137,4,5500,CIN@NO,NO,CIN,O,Ankle,,,,WR/FLEX
81659-27441,RB,Damien,Damien Williams,Williams,0.20000000298023224,1,5500,SF@ATL,ATL,SF,IR,Ribs,,,,RB/FLEX
81659-71521,RB,Justice,Justice Hill,Hill,4.099999904632568,4,5500,BAL@NYG,BAL,NYG,D,Hamstring,,,,RB/FLEX
81659-14190,WR,Julio,Julio Jones,Jones,5.650000095367432,2,5500,TB@PIT,TB,PIT,D,Knee,,,,WR/FLEX
81659-38264,WR,Demarcus,Demarcus Robinson,Robinson,2.779999923706055,5,5400,BAL@NYG,BAL,NYG,,,,,,WR/FLEX
81659-112057,RB,Jaylen,Jaylen Warren,Warren,3.5,5,5400,TB@PIT,PIT,TB,,,,,,RB/FLEX
81659-41426,RB,Phillip,Phillip Lindsay,Lindsay,6.900000095367432,1,5400,JAC@IND,IND,JAC,,,,,,RB/FLEX
81659-86518,WR,Khalil,Khalil Shakir,Shakir,6.099999745686849,3,5400,BUF@KC,BUF,KC,,,,,,WR/FLEX
81659-28643,WR,Allen,Allen Robinson II,Robinson II,4.540000152587891,5,5400,CAR@LAR,LAR,CAR,,,,,,WR/FLEX
81659-29683,WR,Nelson,Nelson Agholor,Agholor,6.3,5,5400,NE@CLE,NE,CLE,O,Hamstring,,,,WR/FLEX
81659-72772,RB,Avery,Avery Williams,Williams,3.0399999618530273,5,5300,SF@ATL,ATL,SF,,,,,,RB/FLEX
81659-72776,RB,Alexander,Alexander Mattison,Mattison,6.240000152587891,5,5300,MIN@MIA,MIN,MIA,Q,Shoulder,,,,RB/FLEX
81659-83081,RB,Chase,Chase Edmonds,Edmonds,7.480000305175781,5,5300,MIN@MIA,MIA,MIN,,,,,,RB/FLEX
81659-86244,TE,Pat,Pat Freiermuth,Freiermuth,7.9,5,5300,TB@PIT,PIT,TB,O,Concussion,,,,TE/FLEX
81659-53498,WR,Richie,Richie James Jr.,James Jr.,4.840000152587891,5,5300,BAL@NYG,NYG,BAL,,,,,,WR/FLEX
81659-63855,WR,K.J.,K.J. Osborn,Osborn,5.959999847412109,5,5300,MIN@MIA,MIN,MIA,,,,,,WR/FLEX
81659-26251,WR,Robbie,Robbie Anderson,Anderson,6.220000076293945,5,5300,CAR@LAR,CAR,LAR,Q,Illness,,,,WR/FLEX
81659-14187,WR,A.J.,A.J. Green,Green,2.7249999046325684,4,5300,ARI@SEA,ARI,SEA,,,,,,WR/FLEX
81659-94087,RB,DeeJay,DeeJay Dallas,Dallas,1.0600000381469727,5,5300,ARI@SEA,SEA,ARI,,,,,,RB/FLEX
81659-64496,WR,Olamide,Olamide Zaccheaus,Zaccheaus,7.459999847412109,5,5300,SF@ATL,ATL,SF,,,,,,WR/FLEX
81659-57342,WR,Tre'Quan,Tre'Quan Smith,Smith,5.433333079020183,3,5300,CIN@NO,NO,CIN,,,,,,WR/FLEX
81659-30989,RB,Kenyan,Kenyan Drake,Drake,3.0333334604899087,3,5200,BAL@NYG,BAL,NYG,,,,,,RB/FLEX
81659-88575,WR,Elijah,Elijah Moore,Moore,5.579999923706055,5,5200,NYJ@GB,NYJ,GB,,,,,,WR/FLEX
81659-91677,WR,Shi,Shi Smith,Smith,2.9,5,5200,CAR@LAR,CAR,LAR,,,,,,WR/FLEX
81659-137902,RB,Rachaad,Rachaad White,White,4.2,5,5200,TB@PIT,TB,PIT,,,,,,RB/FLEX
81659-41872,TE,Evan,Evan Engram,Engram,5.659999847412109,5,5200,JAC@IND,JAC,IND,,,,,,TE/FLEX
81659-88109,RB,Gary,Gary Brightwell,Brightwell,1.975000023841858,4,5100,BAL@NYG,NYG,BAL,,,,,,RB/FLEX
81659-64585,TE,Dawson,Dawson Knox,Knox,4.275000095367432,4,5100,BUF@KC,BUF,KC,,,,,,TE/FLEX
81659-79979,WR,Jamal,Jamal Agnew,Agnew,4.659999847412109,5,5100,JAC@IND,JAC,IND,,,,,,WR/FLEX
81659-61555,WR,David,David Sills V,Sills V,2.8499999046325684,4,5100,BAL@NYG,NYG,BAL,,,,,,WR/FLEX
81659-61593,WR,Jauan,Jauan Jennings,Jennings,3.7599998474121095,5,5100,SF@ATL,SF,ATL,,,,,,WR/FLEX
81659-85306,WR,KhaDarel,KhaDarel Hodge,Hodge,4.699999809265137,4,5100,SF@ATL,ATL,SF,,,,,,WR/FLEX
81659-87515,WR,Tylan,Tylan Wallace,Wallace,0.9000000158945719,3,5100,BAL@NYG,BAL,NYG,,,,,,WR/FLEX
81659-32235,WR,Marcus,Marcus Johnson,Johnson,5,1,5100,BAL@NYG,NYG,BAL,,,,,,WR/FLEX
81659-85672,WR,Terrace,Terrace Marshall Jr.,Marshall Jr.,5,1,5100,CAR@LAR,CAR,LAR,,,,,,WR/FLEX
81659-93055,WR,Isaiah,Isaiah Hodgins,Hodgins,6.099999904632568,1,5100,BUF@KC,BUF,KC,,,,,,WR/FLEX
81659-14211,RB,Mark,Mark Ingram II,Ingram II,4.6200000762939455,5,5100,CIN@NO,NO,CIN,,,,,,RB/FLEX
81659-56262,WR,Parris,Parris Campbell,Campbell,3.3400001525878906,5,5100,JAC@IND,IND,JAC,,,,,,WR/FLEX
81659-29734,RB,Ty,Ty Montgomery,Montgomery,8.800000190734863,1,5000,NE@CLE,NE,CLE,IR,Knee,,,,RB/FLEX
81659-64581,WR,Van,Van Jefferson,Jefferson,7.590475899832589,21,5000,CAR@LAR,LAR,CAR,IR,Knee,,,,WR/FLEX
81659-63591,RB,Ronald,Ronald Jones II,Jones II,4.946666463216146,15,5000,BUF@KC,KC,BUF,,,,,,RB/FLEX
81659-16606,WR,DeAndre,DeAndre Hopkins,Hopkins,12.61999969482422,10,5000,ARI@SEA,ARI,SEA,IR,Suspension,,,,WR/FLEX
81659-149742,RB,Nate,Nate McCrary,McCrary,-0.10000000149011612,1,5000,BAL@NYG,BAL,NYG,,,,,,RB/FLEX
81659-92413,RB,Elijah,Elijah Mitchell,Mitchell,4.099999904632568,1,5000,SF@ATL,SF,ATL,IR,Knee - mcl,,,,RB/FLEX
81659-12551,D,Tampa Bay,Tampa Bay Buccaneers,Buccaneers,10.4,5,5000,TB@PIT,TB,PIT,,,,,,DEF
81659-56708,TE,Will,Will Dissly,Dissly,7.740000152587891,5,5000,ARI@SEA,SEA,ARI,,,,,,TE/FLEX
81659-80289,WR,Kendrick,Kendrick Bourne,Bourne,4.05999984741211,5,5000,NE@CLE,NE,CLE,,,,,,WR/FLEX
81659-73130,RB,Chris,Chris Evans,Evans,0.29999999205271405,3,5000,CIN@NO,CIN,NO,,,,,,RB/FLEX
81659-112062,WR,Skyy,Skyy Moore,Moore,1.6200000762939453,5,5000,BUF@KC,KC,BUF,,,,,,WR/FLEX
81659-91626,RB,James,James Cook,Cook,3.720000076293945,5,5000,BUF@KC,BUF,KC,,,,,,RB/FLEX
81659-57840,RB,Rashaad,Rashaad Penny,Penny,10.04000015258789,5,5000,ARI@SEA,SEA,ARI,IR,Ankle,,,,RB/FLEX
81659-104012,WR,Ashton,Ashton Dulin,Dulin,4.6200000762939455,5,5000,JAC@IND,IND,JAC,IR,Foot,,,,WR/FLEX
81659-63186,WR,James,James Proche II,Proche II,1.2000000476837158,1,5000,BAL@NYG,BAL,NYG,,,,,,WR/FLEX
81659-86811,TE,Cade,Cade Otton,Otton,4.200000127156575,3,5000,TB@PIT,TB,PIT,,,,,,TE/FLEX
81659-169776,WR,Christian,Christian Watson,Watson,4.150000095367432,4,5000,NYJ@GB,GB,NYJ,O,Hamstring,,,,WR/FLEX
81659-69581,WR,Cedrick,Cedrick Wilson Jr.,Wilson Jr.,2.2666667302449546,3,5000,MIN@MIA,MIA,MIN,,,,,,WR/FLEX
81659-54244,WR,Kenny,Kenny Golladay,Golladay,1.0666666825612385,3,5000,BAL@NYG,NYG,BAL,O,Knee - mcl,,,,WR/FLEX
81659-72725,TE,Irv,Irv Smith Jr.,Smith Jr.,5.259999847412109,5,4900,MIN@MIA,MIN,MIA,,,,,,TE/FLEX
81659-71705,TE,Noah,Noah Fant,Fant,4.6,5,4900,ARI@SEA,SEA,ARI,,,,,,TE/FLEX
81659-60451,TE,Tyler,Tyler Conklin,Conklin,7.1400001525878904,5,4900,NYJ@GB,NYJ,GB,,,,,,TE/FLEX
81659-103539,WR,Wan'Dale,Wan'Dale Robinson,Robinson,1,1,4900,BAL@NYG,NYG,BAL,Q,Knee,,,,WR/FLEX
81659-52495,WR,Braxton,Braxton Berrios,Berrios,4.256000137329101,5,4900,NYJ@GB,NYJ,GB,,,,,,WR/FLEX
81659-70027,RB,Zack,Zack Moss,Moss,2.660000038146973,5,4900,BUF@KC,BUF,KC,,,,,,RB/FLEX
81659-80353,TE,Robert,Robert Tonyan,Tonyan,5.479999923706055,5,4900,NYJ@GB,GB,NYJ,,,,,,TE/FLEX
81659-34295,WR,Breshad,Breshad Perriman,Perriman,5.066666603088379,3,4900,TB@PIT,TB,PIT,,,,,,WR/FLEX
81659-60930,RB,Myles,Myles Gaskin,Gaskin,4.800000190734863,1,4900,MIN@MIA,MIA,MIN,,,,,,RB/FLEX
81659-114180,WR,David,David Bell,Bell,1.9500000476837158,4,4900,NE@CLE,CLE,NE,,,,,,WR/FLEX
81659-64031,TE,Hayden,Hayden Hurst,Hurst,7.540000152587891,5,4900,CIN@NO,CIN,NO,Q,Groin,,,,TE/FLEX
81659-56059,WR,Trent,Trent Sherfield,Sherfield,2.5399999618530273,5,4900,MIN@MIA,MIA,MIN,,,,,,WR/FLEX
81659-92976,WR,Tutu,Tutu Atwell,Atwell,1.9666666984558105,3,4900,CAR@LAR,LAR,CAR,,,,,,WR/FLEX
81659-61273,WR,Scotty,Scotty Miller,Miller,4.033333460489909,3,4900,TB@PIT,TB,PIT,,,,,,WR/FLEX
81659-30635,RB,Mike,Mike Davis,Davis,0.5999999841054281,3,4900,BAL@NYG,BAL,NYG,,,,,,RB/FLEX
81659-45997,WR,Keith,Keith Kirkwood,Kirkwood,0.8999999761581421,1,4900,CIN@NO,NO,CIN,,,,,,WR/FLEX
81659-41997,WR,River,River Cracraft,Cracraft,3.575000047683716,4,4800,MIN@MIA,MIA,MIN,,,,,,WR/FLEX
81659-86052,WR,Kadarius,Kadarius Toney,Toney,1.649999976158142,2,4800,BAL@NYG,NYG,BAL,O,Hamstring,,,,WR/FLEX
81659-24641,WR,Sammy,Sammy Watkins,Watkins,7.050000190734863,2,4800,NYJ@GB,GB,NYJ,IR,Hamstring,,,,WR/FLEX
81659-89220,WR,Tyquan,Tyquan Thornton,Thornton,1.7000000476837158,1,4800,NE@CLE,NE,CLE,,,,,,WR/FLEX
81659-83083,WR,Justin,Justin Watson,Watson,2.7,5,4800,BUF@KC,KC,BUF,,,,,,WR/FLEX
81659-12540,D,Minnesota,Minnesota Vikings,Vikings,6.2,5,4800,MIN@MIA,MIN,MIA,,,,,,DEF
81659-94625,WR,Jalen,Jalen Reagor,Reagor,2.0399999618530273,5,4800,MIN@MIA,MIN,MIA,,,,,,WR/FLEX
81659-102893,RB,Tyrion,Tyrion Davis-Price,Davis-Price,3.299999952316284,1,4800,SF@ATL,SF,ATL,,,,,,RB/FLEX
81659-54782,TE,Cameron,Cameron Brate,Brate,3.875,4,4800,TB@PIT,TB,PIT,,,,,,TE/FLEX
81659-55830,RB,D'Onta,D'Onta Foreman,Foreman,0.44999998807907104,4,4800,CAR@LAR,CAR,LAR,,,,,,RB/FLEX
81659-69276,WR,Bryan,Bryan Edwards,Edwards,0.7333333492279053,3,4800,SF@ATL,ATL,SF,,,,,,WR/FLEX
81659-72370,RB,J.J.,J.J. Taylor,Taylor,3.3,5,4800,NE@CLE,NE,CLE,,,,,,RB/FLEX
81659-71444,RB,Travis,Travis Homer,Homer,2.366666634877523,3,4800,ARI@SEA,SEA,ARI,IR,Ribs,,,,RB/FLEX
81659-69558,WR,Greg,Greg Dortch,Dortch,7.380000305175781,5,4800,ARI@SEA,ARI,SEA,,,,,,WR/FLEX
81659-56265,TE,Mike,Mike Gesicki,Gesicki,4.1200000762939455,5,4800,MIN@MIA,MIA,MIN,,,,,,TE/FLEX
81659-24533,TE,Mo,Mo Alie-Cox,Alie-Cox,6.220000076293945,5,4800,JAC@IND,IND,JAC,,,,,,TE/FLEX
81659-24755,WR,Jamison,Jamison Crowder,Crowder,2.25,4,4700,BUF@KC,BUF,KC,IR,Ankle,,,,WR/FLEX
81659-65724,RB,JaMycal,JaMycal Hasty,Hasty,1.2666666507720947,3,4700,JAC@IND,JAC,IND,,,,,,RB/FLEX
81659-90307,TE,Daniel,Daniel Bellinger,Bellinger,6.824999809265137,4,4700,BAL@NYG,NYG,BAL,,,,,,TE/FLEX
81659-149710,WR,Mike,Mike Strachan,Strachan,2.4666666984558105,3,4700,JAC@IND,IND,JAC,,,,,,WR/FLEX
81659-88277,RB,Anthony,Anthony McFarland Jr.,McFarland Jr.,0.949999988079071,2,4700,TB@PIT,PIT,TB,,,,,,RB/FLEX
81659-130270,TE,Adam,Adam Trautman,Trautman,5.599999745686849,3,4700,CIN@NO,NO,CIN,,,,,,TE/FLEX
81659-12549,D,San Francisco,San Francisco 49ers,49ers,12.8,5,4700,SF@ATL,SF,ATL,,,,,,DEF
81659-64827,WR,Miles,Miles Boykin,Boykin,0.800000011920929,2,4700,TB@PIT,PIT,TB,,,,,,WR/FLEX
81659-87467,RB,Chuba,Chuba Hubbard,Hubbard,0.20000000298023224,4,4700,CAR@LAR,CAR,LAR,,,,,,RB/FLEX
81659-32243,WR,Marquise,Marquise Goodwin,Goodwin,2.433333396911621,3,4700,ARI@SEA,SEA,ARI,Q,Knee,,,,WR/FLEX
81659-160306,RB,Pierre,Pierre Strong Jr.,Strong Jr.,0,1,4700,NE@CLE,NE,CLE,,,,,,RB/FLEX
81659-40845,TE,Hunter,Hunter Henry,Henry,2.8,5,4700,NE@CLE,NE,CLE,,,,,,TE/FLEX
81659-27671,WR,Jake,Jake Kumerow,Kumerow,4.199999809265137,2,4600,BUF@KC,BUF,KC,O,Ankle,,,,WR/FLEX
81659-52345,WR,Brandon,Brandon Powell,Powell,1.1399999618530274,5,4600,CAR@LAR,LAR,CAR,,,,,,WR/FLEX
81659-104577,WR,Gunner,Gunner Olszewski,Olszewski,-0.05000000074505806,4,4600,TB@PIT,PIT,TB,,,,,,WR/FLEX
81659-57543,RB,D'Ernest,D'Ernest Johnson,Johnson,7.883333206176758,12,4600,NE@CLE,CLE,NE,,,,,,RB/FLEX
81659-87260,TE,Isaiah,Isaiah Likely,Likely,2.325000047683716,4,4600,BAL@NYG,BAL,NYG,,,,,,TE/FLEX
81659-63717,RB,Alec,Alec Ingold,Ingold,1.3666666348775227,3,4600,MIN@MIA,MIA,MIN,,,,,,RB/FLEX
81659-70889,RB,Benny,Benny Snell Jr.,Snell Jr.,0,1,4600,TB@PIT,PIT,TB,,,,,,RB/FLEX
81659-12533,D,Green Bay,Green Bay Packers,Packers,6.2,5,4600,NYJ@GB,GB,NYJ,,,,,,DEF
81659-29949,WR,Marvin,Marvin Hall,Hall,1.5,1,4600,JAC@IND,JAC,IND,,,,,,WR/FLEX
81659-64808,TE,Juwan,Juwan Johnson,Johnson,3.5799999237060547,5,4600,CIN@NO,NO,CIN,,,,,,TE/FLEX
81659-102762,RB,Kevin,Kevin Harris,Harris,,,4600,NE@CLE,NE,CLE,,,,,,RB/FLEX
81659-71031,WR,Lil'Jordan,Lil'Jordan Humphrey,Humphrey,1,3,4600,NE@CLE,NE,CLE,,,,,,WR/FLEX
81659-55694,WR,Mike,Mike Thomas,Thomas,3.4000000953674316,2,4600,CIN@NO,CIN,NO,,,,,,WR/FLEX
81659-73121,RB,Tony,Tony Jones Jr.,Jones Jr.,3,1,4600,ARI@SEA,SEA,ARI,,,,,,RB/FLEX
81659-60838,WR,Andre,Andre Baccellia,Baccellia,2.25,2,4600,ARI@SEA,ARI,SEA,,,,,,WR/FLEX
81659-72103,RB,Trey,Trey Ragas,Ragas,2.5,1,4600,CAR@LAR,LAR,CAR,Q,Undisclosed,,,,RB/FLEX
81659-72133,WR,Antoine,Antoine Wesley,Wesley,5.588888804117839,9,4600,ARI@SEA,ARI,SEA,IR,Quadriceps,,,,WR/FLEX
81659-70133,RB,Jake,Jake Funk,Funk,0.2,5,4600,CIN@NO,NO,CIN,,,,,,RB/FLEX
81659-72182,WR,Dee,Dee Eskridge,Eskridge,0.925000011920929,4,4600,ARI@SEA,SEA,ARI,Q,Illness,,,,WR/FLEX
81659-39428,RB,Kyle,Kyle Juszczyk,Juszczyk,3.5200000762939454,5,4600,SF@ATL,SF,ATL,,,,,,RB/FLEX
81659-73247,RB,Kene,Kene Nwangwu,Nwangwu,0,5,4600,MIN@MIA,MIN,MIA,,,,,,RB/FLEX
81659-57909,RB,Marlon,Marlon Mack,Mack,0,1,4600,SF@ATL,SF,ATL,,,,,,RB/FLEX
81659-63050,RB,Ty,Ty Johnson,Johnson,0.29999999205271405,3,4600,NYJ@GB,NYJ,GB,,,,,,RB/FLEX
81659-63078,RB,Ke'Shawn,Ke'Shawn Vaughn,Vaughn,6.828571319580078,7,4600,TB@PIT,TB,PIT,,,,,,RB/FLEX
81659-62055,WR,Ray-Ray,Ray-Ray McCloud III,McCloud III,1.4600000381469727,5,4600,SF@ATL,SF,ATL,,,,,,WR/FLEX
81659-87657,WR,Seth,Seth Williams,Williams,3.9000000953674316,1,4600,JAC@IND,JAC,IND,,,,,,WR/FLEX
81659-87662,WR,Anthony,Anthony Schwartz,Schwartz,2.200000047683716,2,4600,NE@CLE,CLE,NE,,,,,,WR/FLEX
81659-70282,WR,Demetric,Demetric Felton,Felton,0.20000000298023224,2,4600,NE@CLE,CLE,NE,,,,,,WR/FLEX
81659-64221,TE,Zach,Zach Gentry,Gentry,4.166666666666667,3,4600,TB@PIT,PIT,TB,,,,,,TE/FLEX
81659-104176,WR,Deonte,Deonte Harty,Harty,0.07500000298023224,4,4600,CIN@NO,NO,CIN,IR,Foot,,,,WR/FLEX
81659-69383,WR,Dezmon,Dezmon Patmon,Patmon,3.4000000953674316,1,4600,JAC@IND,IND,JAC,,,,,,WR/FLEX
81659-87859,WR,Laviska,Laviska Shenault Jr.,Shenault Jr.,8,2,4600,CAR@LAR,CAR,LAR,O,Hamstring,,,,WR/FLEX
81659-86875,RB,Jordan,Jordan Mason,Mason,0.699999988079071,1,4600,SF@ATL,SF,ATL,,,,,,RB/FLEX
81659-89970,WR,Amari,Amari Rodgers,Rodgers,0,5,4600,NYJ@GB,GB,NYJ,,,,,,WR/FLEX
81659-72627,RB,Patrick,Patrick Taylor,Taylor,4.050000190734863,4,4600,NYJ@GB,GB,NYJ,,,,,,RB/FLEX
81659-63419,WR,Andy,Andy Isabella,Isabella,1.5499999523162842,2,4600,BAL@NYG,BAL,NYG,,,,,,WR/FLEX
81659-92093,WR,Jaelon,Jaelon Darden,Darden,0.800000011920929,4,4600,TB@PIT,TB,PIT,,,,,,WR/FLEX
81659-30678,WR,Damiere,Damiere Byrd,Byrd,0,2,4600,SF@ATL,ATL,SF,,,,,,WR/FLEX
81659-63447,WR,Penny,Penny Hart,Hart,2,1,4600,ARI@SEA,SEA,ARI,O,Hamstring,,,,WR/FLEX
81659-104447,TE,Jody,Jody Fortson,Fortson,4.700000127156575,3,4600,BUF@KC,KC,BUF,,,,,,TE/FLEX
81659-93187,RB,D'vonte,D'vonte Price,Price,,,4500,JAC@IND,IND,JAC,,,,,,RB/FLEX
81659-70663,WR,Frank,Frank Darby,Darby,0.949999988079071,2,4500,SF@ATL,ATL,SF,,,,,,WR/FLEX
81659-70662,WR,Tyler,Tyler Vaughns,Vaughns,,,4500,TB@PIT,PIT,TB,,,,,,WR/FLEX
81659-90123,TE,Quintin,Quintin Morris,Morris,1.9249999523162842,4,4500,BUF@KC,BUF,KC,,,,,,TE/FLEX
81659-170000,WR,Shemar,Shemar Bridges,Bridges,,,4500,BAL@NYG,BAL,NYG,Q,Undisclosed,,,,WR/FLEX
81659-55323,RB,Jaylen,Jaylen Samuels,Samuels,1.2666666507720947,3,4500,ARI@SEA,ARI,SEA,,,,,,RB/FLEX
81659-56356,WR,Isaiah,Isaiah Ford,Ford,3.4099998474121094,10,4500,JAC@IND,IND,JAC,,,,,,WR/FLEX
81659-133163,WR,Ra'Shaun,Ra'Shaun Henry,Henry,,,4500,SF@ATL,ATL,SF,,,,,,WR/FLEX
81659-64555,WR,Calvin,Calvin Ridley,Ridley,11.11999969482422,5,4500,SF@ATL,ATL,SF,IR,Suspension,,,,WR/FLEX
81659-79920,WR,Cyril,Cyril Grayson Jr.,Grayson Jr.,13.199999491373697,3,4500,TB@PIT,TB,PIT,,,,,,WR/FLEX
81659-152631,WR,Samori,Samori Toure,Toure,,,4500,NYJ@GB,GB,NYJ,,,,,,WR/FLEX
81659-42046,TE,Durham,Durham Smythe,Smythe,3.5250000953674316,4,4500,MIN@MIA,MIA,MIN,Q,Hamstring,,,,TE/FLEX
81659-64575,RB,Derrick,Derrick Gore,Gore,5.822222391764323,9,4500,BUF@KC,KC,BUF,Q,Thumb,,,,RB/FLEX
81659-94277,WR,Thomas,Thomas Hennigan,Hennigan,,,4500,MIN@MIA,MIN,MIA,IR,Undisclosed,,,,WR/FLEX
81659-27721,WR,Justin,Justin Hardee Sr.,Hardee Sr.,0,1,4500,NYJ@GB,NYJ,GB,,,,,,WR/FLEX
81659-87112,WR,Josh,Josh Ali,Ali,,,4500,SF@ATL,ATL,SF,,,,,,WR/FLEX
81659-68685,WR,Austin,Austin Mack,Mack,,,4500,SF@ATL,SF,ATL,Q,Hamstring,,,,WR/FLEX
81659-71756,WR,Aaron,Aaron Fuller,Fuller,,,4500,ARI@SEA,SEA,ARI,,,,,,WR/FLEX
81659-72780,RB,Josh,Josh Hokit,Hokit,,,4500,ARI@SEA,ARI,SEA,,,,,,RB/FLEX
81659-68686,WR,C.J.,C.J. Saunders,Saunders,2.0999999046325684,1,4500,CAR@LAR,CAR,LAR,,,,,,WR/FLEX
81659-41042,WR,Marcell,Marcell Ateman,Ateman,,,4500,ARI@SEA,ARI,SEA,,,,,,WR/FLEX
81659-87122,WR,Lynn,Lynn Bowden Jr.,Bowden Jr.,,,4500,NE@CLE,NE,CLE,,,,,,WR/FLEX
81659-89172,RB,John,John Lovett,Lovett,,,4500,CAR@LAR,CAR,LAR,,,,,,RB/FLEX
81659-68694,RB,Antonio,Antonio Williams,Williams,,,4500,BAL@NYG,NYG,BAL,,,,,,RB/FLEX
81659-57432,WR,Cameron,Cameron Batson,Batson,2.5,4,4500,SF@ATL,ATL,SF,,,,,,WR/FLEX
81659-63576,WR,Kirk,Kirk Merritt,Merritt,1.7999999523162842,1,4500,CIN@NO,NO,CIN,,,,,,WR/FLEX
81659-91225,RB,Kylin,Kylin Hill,Hill,0.42500001192092896,8,4500,NYJ@GB,GB,NYJ,NA,Knee - acl,,,,RB/FLEX
81659-94310,WR,Malik,Malik Williams,Williams,,,4500,BUF@KC,BUF,KC,,,,,,WR/FLEX
81659-63603,WR,Jared,Jared Pinkney,Pinkney,,,4500,CAR@LAR,LAR,CAR,,,,,,WR/FLEX
81659-64627,WR,Scotty,Scotty Washington,Washington,,,4500,NE@CLE,NE,CLE,,,,,,WR/FLEX
81659-30837,WR,Jordan,Jordan Matthews,Matthews,,,4500,SF@ATL,SF,ATL,IR,Knee - acl,,,,WR/FLEX
81659-55414,WR,Cody,Cody Thompson,Thompson,,,4500,ARI@SEA,SEA,ARI,IR,Shoulder,,,,WR/FLEX
81659-64634,WR,Alex,Alex Bachman,Bachman,-0.30000001192092896,1,4500,BAL@NYG,NYG,BAL,,,,,,WR/FLEX
81659-42107,WR,Robert,Robert Foster,Foster,,,4500,BAL@NYG,NYG,BAL,Q,Hamstring,,,,WR/FLEX
81659-89214,RB,Abram,Abram Smith,Smith,,,4500,CIN@NO,NO,CIN,,,,,,RB/FLEX
81659-69769,RB,Darius,Darius Bradwell,Bradwell,0,1,4500,CAR@LAR,CAR,LAR,,,,,,RB/FLEX
81659-111756,WR,JaVonta,JaVonta Payton,Payton,,,4500,ARI@SEA,ARI,SEA,,,,,,WR/FLEX
81659-83086,WR,Daurice,Daurice Fountain,Fountain,,,4500,BUF@KC,KC,BUF,,,,,,WR/FLEX
81659-112790,WR,Trevon,Trevon Clark,Clark,,,4500,BAL@NYG,BAL,NYG,,,,,,WR/FLEX
81659-86173,RB,Mekhi,Mekhi Sargent,Sargent,0.2750000059604645,4,4500,JAC@IND,JAC,IND,,,,,,RB/FLEX
81659-63646,WR,Lawrence,Lawrence Cager,Cager,0,1,4500,NYJ@GB,NYJ,GB,,,,,,WR/FLEX
81659-84137,WR,Deontez,Deontez Alexander,Alexander,,,4500,ARI@SEA,SEA,ARI,,,,,,WR/FLEX
81659-61610,RB,Jacques,Jacques Patrick,Patrick,1.2000000476837158,1,4500,CIN@NO,CIN,NO,,,,,,RB/FLEX
81659-105648,RB,Tyler,Tyler Goodson,Goodson,,,4500,NYJ@GB,GB,NYJ,,,,,,RB/FLEX
81659-89272,RB,ZaQuandre,ZaQuandre White,White,,,4500,MIN@MIA,MIA,MIN,,,,,,RB/FLEX
81659-61631,WR,Bisi,Bisi Johnson,Johnson,,,4500,MIN@MIA,MIN,MIA,IR,Knee - acl,,,,WR/FLEX
81659-170190,WR,Isaiah,Isaiah Weston,Weston,,,4500,NE@CLE,CLE,NE,IR,Knee,,,,WR/FLEX
81659-69836,WR,Collin,Collin Johnson,Johnson,2.2857142857142856,7,4500,BAL@NYG,NYG,BAL,IR,Achilles,,,,WR/FLEX
81659-40148,WR,Ishmael,Ishmael Hyman,Hyman,,,4500,NYJ@GB,GB,NYJ,Q,Undisclosed,,,,WR/FLEX
81659-130265,WR,John,John Hurst,Hurst,,,4500,JAC@IND,IND,JAC,Q,Ankle,,,,WR/FLEX
81659-28890,RB,Derek,Derek Watt,Watt,0.4000000059604645,2,4500,TB@PIT,PIT,TB,,,,,,RB/FLEX
81659-95455,WR,D.J.,D.J. Montgomery,Montgomery,5.099999904632568,1,4500,JAC@IND,IND,JAC,,,,,,WR/FLEX
81659-130275,WR,Kristian,Kristian Wilkerson,Wilkerson,18.200000762939453,1,4500,NE@CLE,NE,CLE,IR,Concussion,,,,WR/FLEX
81659-69860,RB,Trayveon,Trayveon Williams,Williams,3,2,4500,CIN@NO,CIN,NO,,,,,,RB/FLEX
81659-170219,WR,Kevin,Kevin Kassis,Kassis,,,4500,ARI@SEA,SEA,ARI,,,,,,WR/FLEX
81659-25837,RB,Duke,Duke Johnson,Johnson,11.419999694824218,5,4500,BUF@KC,BUF,KC,,,,,,RB/FLEX
81659-70892,RB,A.J.,A.J. Rose Jr.,Rose Jr.,,,4500,CAR@LAR,LAR,CAR,,,,,,RB/FLEX
81659-11504,WR,Andre,Andre Roberts,Roberts,0,1,4500,CAR@LAR,CAR,LAR,IR,Knee - pcl,,,,WR/FLEX
81659-12529,D,Cleveland,Cleveland Browns,Browns,4.4,5,4500,NE@CLE,CLE,NE,,,,,,DEF
81659-88307,RB,Tayon,Tayon Fleet-Davis,Fleet-Davis,,,4500,BUF@KC,KC,BUF,,,,,,RB/FLEX
81659-94453,RB,Darwin,Darwin Thompson,Thompson,,,4500,ARI@SEA,SEA,ARI,,,,,,RB/FLEX
81659-45307,WR,Rodney,Rodney Adams,Adams,0,1,4500,NYJ@GB,NYJ,GB,IR,Illness,,,,WR/FLEX
81659-71935,WR,Kendric,Kendric Pryor,Pryor,,,4500,JAC@IND,JAC,IND,,,,,,WR/FLEX
81659-56580,WR,Christian,Christian Blake,Blake,0.6428571428571429,7,4500,TB@PIT,PIT,TB,,,,,,WR/FLEX
81659-130309,WR,J.J.,J.J. Koski,Koski,-0.6666666666666666,3,4500,CAR@LAR,LAR,CAR,IR,Shoulder,,,,WR/FLEX
81659-12555,D,Baltimore,Baltimore Ravens,Ravens,8,5,4500,BAL@NYG,BAL,NYG,,,,,,DEF
81659-90380,WR,Neil,Neil Pau'u,Pau'u,,,4500,BUF@KC,BUF,KC,,,,,,WR/FLEX
81659-94481,WR,Deven,Deven Thompkins,Thompkins,,,4500,TB@PIT,TB,PIT,,,,,,WR/FLEX
81659-130320,WR,Aaron,Aaron Parker,Parker,,,4500,BUF@KC,KC,BUF,,,,,,WR/FLEX
81659-64786,RB,Ryquell,Ryquell Armstead,Armstead,5.550000190734863,2,4500,JAC@IND,JAC,IND,,,,,,RB/FLEX
81659-68890,WR,Devin,Devin Gray,Gray,,,4500,BUF@KC,KC,BUF,,,,,,WR/FLEX
81659-60704,WR,Derrick,Derrick Dillon,Dillon,,,4500,NE@CLE,CLE,NE,,,,,,WR/FLEX
81659-130336,RB,Sandro,Sandro Platzgummer,Platzgummer,,,4500,BAL@NYG,NYG,BAL,,,,,,RB/FLEX
81659-91428,WR,Tarik,Tarik Black,Black,1.5,1,4500,NYJ@GB,NYJ,GB,,,,,,WR/FLEX
81659-46374,WR,Tanner,Tanner Gentry,Gentry,0,1,4500,BUF@KC,BUF,KC,,,,,,WR/FLEX
81659-91431,RB,Ben,Ben Mason,Mason,,,4500,BAL@NYG,BAL,NYG,,,,,,RB/FLEX
81659-130343,WR,Jeff,Jeff Cotton Jr.,Cotton Jr.,,,4500,ARI@SEA,ARI,SEA,,,,,,WR/FLEX
81659-89384,WR,DeMichael,DeMichael Harris,Harris,,,4500,JAC@IND,IND,JAC,,,,,,WR/FLEX
81659-87338,WR,Jaivon,Jaivon Heiligh,Heiligh,,,4500,CIN@NO,CIN,NO,,,,,,WR/FLEX
81659-111917,WR,Keshunn,Keshunn Abram,Abram,,,4500,NYJ@GB,NYJ,GB,,,,,,WR/FLEX
81659-170287,WR,Rashid,Rashid Shaheed,Shaheed,,,4500,CIN@NO,NO,CIN,,,,,,WR/FLEX
81659-130350,WR,Jaylon,Jaylon Moore,Moore,,,4500,JAC@IND,JAC,IND,,,,,,WR/FLEX
81659-57651,WR,Travis,Travis Fulgham,Fulgham,,,4500,NYJ@GB,GB,NYJ,,,,,,WR/FLEX
81659-64835,RB,Dexter,Dexter Williams,Williams,,,4500,NYJ@GB,GB,NYJ,,,,,,RB/FLEX
81659-56648,RB,Jeremy,Jeremy McNichols,McNichols,4.584615267240084,13,4500,TB@PIT,PIT,TB,IR,Shoulder,,,,RB/FLEX
81659-102729,RB,Snoop,Snoop Conner,Conner,,,4500,JAC@IND,JAC,IND,,,,,,RB/FLEX
81659-87371,RB,Ty,Ty Chandler,Chandler,,,4500,MIN@MIA,MIN,MIA,IR,Thumb,,,,RB/FLEX
81659-52560,WR,Geronimo,Geronimo Allison,Allison,0,1,4500,SF@ATL,ATL,SF,,,,,,WR/FLEX
81659-103764,WR,Jared,Jared Smart,Smart,,,4500,ARI@SEA,ARI,SEA,,,,,,WR/FLEX
81659-73046,WR,Tre,Tre Nixon,Nixon,,,4500,NE@CLE,NE,CLE,,,,,,WR/FLEX
81659-89437,WR,Tim,Tim Jones,Jones,0,1,4500,JAC@IND,JAC,IND,,,,,,WR/FLEX
81659-88430,RB,CJ,CJ Verdell,Verdell,,,4500,JAC@IND,IND,JAC,,,,,,RB/FLEX
81659-91504,WR,Blake,Blake Proehl,Proehl,,,4500,MIN@MIA,MIN,MIA,NA,Knee - acl,,,,WR/FLEX
81659-90487,WR,Kalil,Kalil Pimpleton,Pimpleton,,,4500,BAL@NYG,NYG,BAL,,,,,,WR/FLEX
81659-92545,RB,Keaontay,Keaontay Ingram,Ingram,,,4500,ARI@SEA,ARI,SEA,,,,,,RB/FLEX
81659-73088,WR,Kekoa,Kekoa Crawford,Crawford,,,4500,JAC@IND,IND,JAC,,,,,,WR/FLEX
81659-70023,WR,Cornell,Cornell Powell,Powell,,,4500,BUF@KC,KC,BUF,,,,,,WR/FLEX
81659-73095,WR,Samson,Samson Nacua,Nacua,,,4500,JAC@IND,IND,JAC,,,,,,WR/FLEX
81659-64905,WR,Trenton,Trenton Irwin,Irwin,1.100000023841858,4,4500,CIN@NO,CIN,NO,,,,,,WR/FLEX
81659-64907,WR,J.J.,J.J. Arcega-Whiteside,Arcega-Whiteside,1.149999976158142,4,4500,ARI@SEA,SEA,ARI,,,,,,WR/FLEX
81659-56716,WR,Brayden,Brayden Lenius,Lenius,,,4500,SF@ATL,ATL,SF,,,,,,WR/FLEX
81659-53646,WR,Austin,Austin Proehl,Proehl,,,4500,BAL@NYG,NYG,BAL,Q,Undisclosed,,,,WR/FLEX
81659-102802,WR,Makai,Makai Polk,Polk,,,4500,BAL@NYG,NYG,BAL,,,,,,WR/FLEX
81659-90518,WR,Slade,Slade Bolden,Bolden,,,4500,BAL@NYG,BAL,NYG,IR,Undisclosed,,,,WR/FLEX
81659-43416,WR,Trent,Trent Taylor,Taylor,0,4,4500,CIN@NO,CIN,NO,,,,,,WR/FLEX
81659-80281,WR,C.J.,C.J. Board,Board,1.2833333015441895,6,4500,ARI@SEA,ARI,SEA,,,,,,WR/FLEX
81659-72091,RB,Raymond,Raymond Calais,Calais,,,4500,CAR@LAR,LAR,CAR,,,,,,RB/FLEX
81659-73116,WR,Javon,Javon McKinley,McKinley,,,4500,TB@PIT,PIT,TB,Q,Undisclosed,,,,WR/FLEX
81659-44449,WR,Willie,Willie Snead IV,Snead IV,0.8285714558192662,7,4500,SF@ATL,SF,ATL,,,,,,WR/FLEX
81659-90533,RB,Jerome,Jerome Ford,Ford,0,4,4500,NE@CLE,CLE,NE,IR,Ankle,,,,RB/FLEX
81659-111012,WR,Kaylon,Kaylon Geiger Sr.,Geiger Sr.,,,4500,TB@PIT,TB,PIT,,,,,,WR/FLEX
81659-80294,TE,Anthony,Anthony Firkser,Firkser,1.8000000317891438,3,4500,SF@ATL,ATL,SF,,,,,,TE/FLEX
81659-80299,RB,Patrick,Patrick Ricard,Ricard,1.725000023841858,4,4500,BAL@NYG,BAL,NYG,,,,,,RB/FLEX
81659-62891,WR,Omar,Omar Bayless,Bayless,,,4500,BUF@KC,KC,BUF,,,,,,WR/FLEX
81659-63919,WR,Bailey,Bailey Gaither,Gaither,,,4500,BAL@NYG,BAL,NYG,,,,,,WR/FLEX
81659-92590,RB,Raheem,Raheem Blackshear,Blackshear,0,1,4500,CAR@LAR,CAR,LAR,,,,,,RB/FLEX
81659-60849,WR,Blake,Blake Lynch,Lynch,,,4500,MIN@MIA,MIN,MIA,,,,,,WR/FLEX
81659-64949,WR,Ja'Marcus,Ja'Marcus Bradley,Bradley,2.7999998728434243,3,4500,NE@CLE,CLE,NE,,,,,,WR/FLEX
81659-72122,WR,Jake,Jake Herslow,Herslow,,,4500,ARI@SEA,SEA,ARI,,,,,,WR/FLEX
81659-92606,WR,Bo,Bo Melton,Melton,,,4500,ARI@SEA,SEA,ARI,,,,,,WR/FLEX
81659-69056,WR,Mathew,Mathew Sexton,Sexton,,,4500,BUF@KC,KC,BUF,Q,Undisclosed,,,,WR/FLEX
81659-26057,RB,Michael,Michael Burton,Burton,0.75,2,4500,BUF@KC,KC,BUF,,,,,,RB/FLEX
81659-96714,WR,Travis,Travis Toivonen,Toivonen,,,4500,MIN@MIA,MIN,MIA,,,,,,WR/FLEX
81659-88525,WR,Kawaan,Kawaan Baker,Baker,,,4500,CIN@NO,NO,CIN,IR,Suspension,,,,WR/FLEX
81659-69068,RB,Jonathan,Jonathan Ward,Ward,1.3666666348775227,6,4500,ARI@SEA,ARI,SEA,IR,Hamstring,,,,RB/FLEX
81659-112088,RB,Jerrion,Jerrion Ealy,Ealy,,,4500,BUF@KC,KC,BUF,O,Suspension,,,,RB/FLEX
81659-73180,WR,Binjimen,Binjimen Victor,Victor,,,4500,BAL@NYG,BAL,NYG,,,,,,WR/FLEX
81659-14820,RB,Nick,Nick Bellore,Bellore,0.8999999761581421,1,4500,ARI@SEA,SEA,ARI,,,,,,RB/FLEX
81659-32234,RB,Malcolm,Malcolm Brown,Brown,3.5,6,4500,CAR@LAR,LAR,CAR,,,,,,RB/FLEX
81659-72174,WR,Andrew,Andrew Parchment,Parchment,,,4500,CAR@LAR,CAR,LAR,Q,Undisclosed,,,,WR/FLEX
81659-113138,WR,Talolo,Talolo Limu-Jones,Limu-Jones,,,4500,CAR@LAR,CAR,LAR,,,,,,WR/FLEX
81659-62967,WR,Preston,Preston Williams,Williams,1.8000000317891438,6,4500,CAR@LAR,CAR,LAR,,,,,,WR/FLEX
81659-103930,WR,Derek,Derek Wright,Wright,,,4500,CAR@LAR,CAR,LAR,,,,,,WR/FLEX
81659-22018,WR,Mohamed,Mohamed Sanu Sr.,Sanu Sr.,3.1500000953674316,8,4500,MIN@MIA,MIA,MIN,,,,,,WR/FLEX
81659-86543,WR,Erik,Erik Ezukanma,Ezukanma,,,4500,MIN@MIA,MIA,MIN,,,,,,WR/FLEX
81659-62994,WR,Steven,Steven Sims Jr.,Sims Jr.,0,1,4500,TB@PIT,PIT,TB,,,,,,WR/FLEX
81659-88607,WR,Braylon,Braylon Sanders,Sanders,,,4500,MIN@MIA,MIA,MIN,,,,,,WR/FLEX
81659-96798,RB,Josh,Josh Johnson,Johnson,,,4500,ARI@SEA,SEA,ARI,Q,Undisclosed,,,,RB/FLEX
81659-54817,WR,Diontae,Diontae Spencer,Spencer,-0.25333333015441895,15,4500,NYJ@GB,NYJ,GB,,,,,,WR/FLEX
81659-89632,WR,Connor,Connor Wedington,Wedington,,,4500,SF@ATL,SF,ATL,,,,,,WR/FLEX
81659-60977,RB,Ty'Son,Ty'Son Williams,Williams,5.342857360839844,7,4500,ARI@SEA,ARI,SEA,,,,,,RB/FLEX
81659-63025,RB,Nathan,Nathan Cottrell,Cottrell,0.30000001192092896,1,4500,JAC@IND,JAC,IND,Q,Undisclosed,,,,RB/FLEX
81659-128566,WR,Kameron,Kameron Brown,Brown,,,4500,TB@PIT,TB,PIT,,,,,,WR/FLEX
81659-71228,WR,Marquez,Marquez Stevenson,Stevenson,0,5,4500,BUF@KC,BUF,KC,IR,Foot,,,,WR/FLEX
81659-89663,WR,Danny,Danny Davis,Davis,,,4500,NYJ@GB,GB,NYJ,Q,Ankle,,,,WR/FLEX
81659-70206,RB,Jason,Jason Huntley,Huntley,5.099999904632568,1,4500,TB@PIT,PIT,TB,,,,,,RB/FLEX
81659-128574,RB,Shermari,Shermari Jones,Jones,,,4500,CIN@NO,CIN,NO,,,,,,RB/FLEX
81659-93767,WR,Calvin,Calvin Jackson Jr.,Jackson Jr.,,,4500,NYJ@GB,NYJ,GB,,,,,,WR/FLEX
81659-150090,WR,Cade,Cade Johnson,Johnson,,,4500,ARI@SEA,SEA,ARI,,,,,,WR/FLEX
81659-63061,WR,Gary,Gary Jennings,Jennings,,,4500,BUF@KC,KC,BUF,Q,Concussion,,,,WR/FLEX
81659-86614,RB,Jeremiah,Jeremiah Hall,Hall,,,4500,BAL@NYG,NYG,BAL,,,,,,RB/FLEX
81659-93782,WR,Travell,Travell Harris,Harris,,,4500,NE@CLE,CLE,NE,,,,,,WR/FLEX
81659-104025,RB,John,John Lovett,Lovett,,,4500,MIN@MIA,MIA,MIN,IR,Undisclosed,,,,RB/FLEX
81659-87649,WR,Jaquarii,Jaquarii Roberson,Roberson,,,4500,BUF@KC,BUF,KC,,,,,,WR/FLEX
81659-104041,WR,Myron,Myron Mitchell,Mitchell,,,4500,MIN@MIA,MIN,MIA,,,,,,WR/FLEX
81659-86635,WR,Charleston,Charleston Rambo,Rambo,,,4500,CAR@LAR,CAR,LAR,,,,,,WR/FLEX
81659-86634,RB,TJ,TJ Pledger,Pledger,,,4500,ARI@SEA,ARI,SEA,,,,,,RB/FLEX
81659-88685,WR,Austin,Austin Trammell,Trammell,,,4500,CAR@LAR,LAR,CAR,,,,,,WR/FLEX
81659-38514,WR,Kevin,Kevin White,White,1.433333396911621,3,4500,CIN@NO,NO,CIN,,,,,,WR/FLEX
81659-93814,RB,Max,Max Borghi,Borghi,,,4500,TB@PIT,PIT,TB,,,,,,RB/FLEX
81659-93824,WR,Easop,Easop Winston,Winston,0.3333333333333333,3,4500,NE@CLE,CLE,NE,,,,,,WR/FLEX
81659-55941,RB,Patrick,Patrick Laird,Laird,1.1999999682108562,3,4500,TB@PIT,TB,PIT,,,,,,RB/FLEX
81659-91783,WR,Warren,Warren Jackson,Jackson,,,4500,CAR@LAR,LAR,CAR,Q,Undisclosed,,,,WR/FLEX
81659-61072,WR,Stanley,Stanley Morgan,Morgan,0,1,4500,CIN@NO,CIN,NO,,,,,,WR/FLEX
81659-94864,RB,Jashaun,Jashaun Corbin,Corbin,,,4500,BAL@NYG,NYG,BAL,,,,,,RB/FLEX
81659-93845,WR,Tay,Tay Martin,Martin,,,4500,SF@ATL,SF,ATL,,,,,,WR/FLEX
81659-94887,RB,Tyler,Tyler Badie,Badie,,,4500,BAL@NYG,BAL,NYG,,,,,,RB/FLEX
81659-93864,RB,Ricky,Ricky Person Jr.,Person Jr.,,,4500,BAL@NYG,BAL,NYG,IR,Undisclosed,,,,RB/FLEX
81659-29357,RB,Kenjon,Kenjon Barner,Barner,0,3,4500,TB@PIT,TB,PIT,Q,Undisclosed,,,,RB/FLEX
81659-7856,WR,Matthew,Matthew Slater,Slater,,,4500,NE@CLE,NE,CLE,,,,,,WR/FLEX
81659-69303,WR,Freddie,Freddie Swain,Swain,4.352941176470588,17,4500,MIN@MIA,MIA,MIN,,,,,,WR/FLEX
81659-85687,WR,Jontre,Jontre Kirklin,Kirklin,,,4500,ARI@SEA,ARI,SEA,,,,,,WR/FLEX
81659-89785,RB,Spencer,Spencer Brown,Brown,,,4500,CAR@LAR,CAR,LAR,Q,Ankle,,,,RB/FLEX
81659-71355,RB,Elijah,Elijah Holyfield,Holyfield,,,4500,CIN@NO,CIN,NO,IR,Knee,,,,RB/FLEX
81659-92859,WR,Jalen,Jalen Nailor,Nailor,1.7999999523162842,1,4500,MIN@MIA,MIN,MIA,,,,,,WR/FLEX
81659-71359,WR,Javon,Javon Wims,Wims,,,4500,ARI@SEA,ARI,SEA,,,,,,WR/FLEX
81659-69310,WR,Josh,Josh Hammond,Hammond,,,4500,NE@CLE,NE,CLE,,,,,,WR/FLEX
81659-139971,WR,Jerreth,Jerreth Sterns,Sterns,,,4500,TB@PIT,TB,PIT,,,,,,WR/FLEX
81659-30403,WR,Chris,Chris Conley,Conley,0,1,4500,BUF@KC,KC,BUF,,,,,,WR/FLEX
81659-25290,RB,Giovani,Giovani Bernard,Bernard,0,1,4500,TB@PIT,TB,PIT,IR,Ankle,,,,RB/FLEX
81659-53967,RB,Nick,Nick Bawden,Bawden,2.5,1,4500,NYJ@GB,NYJ,GB,IR,Undisclosed,,,,RB/FLEX
81659-65231,RB,Adam,Adam Prentice,Prentice,0.699999988079071,1,4500,CIN@NO,NO,CIN,,,,,,RB/FLEX
81659-81616,WR,Rashard,Rashard Davis,Davis,,,4500,NYJ@GB,NYJ,GB,,,,,,WR/FLEX
81659-71382,WR,Osirus,Osirus Mitchell,Mitchell,,,4500,NYJ@GB,GB,NYJ,Q,Quadriceps,,,,WR/FLEX
81659-92890,WR,Cody,Cody White,White,1.933333396911621,3,4500,TB@PIT,PIT,TB,,,,,,WR/FLEX
81659-64222,RB,Jordan,Jordan Glasgow,Glasgow,,,4500,JAC@IND,IND,JAC,Q,Undisclosed,,,,RB/FLEX
81659-69343,WR,Landen,Landen Akers,Akers,,,4500,CAR@LAR,LAR,CAR,,,,,,WR/FLEX
81659-45791,WR,Rashard,Rashard Higgins,Higgins,3.7916666666666665,12,4500,CAR@LAR,CAR,LAR,,,,,,WR/FLEX
81659-63201,RB,Xavier,Xavier Jones,Jones,,,4500,CAR@LAR,LAR,CAR,Q,Achilles,,,,RB/FLEX
81659-70372,WR,Chester,Chester Rogers,Rogers,0,2,4500,NE@CLE,CLE,NE,,,,,,WR/FLEX
81659-72427,WR,Kwamie,Kwamie Lassiter II,Lassiter II,,,4500,CIN@NO,CIN,NO,,,,,,WR/FLEX
81659-64242,WR,Keke,Keke Coutee,Coutee,0,1,4500,JAC@IND,IND,JAC,,,,,,WR/FLEX
81659-90870,WR,Calvin,Calvin Austin III,Austin III,,,4500,TB@PIT,PIT,TB,IR,Foot,,,,WR/FLEX
81659-91897,WR,Ethan,Ethan Fernea,Fernea,,,4500,JAC@IND,IND,JAC,,,,,,WR/FLEX
81659-86780,RB,Salvon,Salvon Ahmed,Ahmed,2.9636362249200996,11,4500,MIN@MIA,MIA,MIN,,,,,,RB/FLEX
81659-94975,WR,Stephon,Stephon Robinson Jr.,Robinson Jr.,,,4500,ARI@SEA,ARI,SEA,,,,,,WR/FLEX
81659-72453,WR,Denzel,Denzel Mims,Mims,1.7299999237060546,10,4500,NYJ@GB,NYJ,GB,,,,,,WR/FLEX
81659-87813,RB,Master,Master Teague III,Teague III,,,4500,TB@PIT,PIT,TB,Q,Ankle,,,,RB/FLEX
81659-136970,WR,Danny,Danny Gray,Gray,0,2,4500,SF@ATL,SF,ATL,,,,,,WR/FLEX
81659-26384,RB,Trey,Trey Edmunds,Edmunds,,,4500,TB@PIT,PIT,TB,,,,,,RB/FLEX
81659-61200,WR,Jaylinn,Jaylinn Hawkins,Hawkins,,,4500,SF@ATL,ATL,SF,,,,,,WR/FLEX
81659-94993,RB,Pooka,Pooka Williams Jr.,Williams Jr.,0,1,4500,CIN@NO,CIN,NO,,,,,,RB/FLEX
81659-40726,RB,Godwin,Godwin Igwebuike,Igwebuike,1.792307633620042,13,4500,ARI@SEA,SEA,ARI,,,,,,RB/FLEX
81659-70426,RB,Reggie,Reggie Gilliam,Gilliam,5.949999809265137,2,4500,BUF@KC,BUF,KC,,,,,,RB/FLEX
81659-56099,RB,Cullen,Cullen Gillaspia,Gillaspia,,,4500,ARI@SEA,SEA,ARI,,,,,,RB/FLEX
81659-31524,WR,Cody,Cody Core,Core,,,4500,MIN@MIA,MIA,MIN,Q,Undisclosed,,,,WR/FLEX
81659-72493,WR,Trishton,Trishton Jackson,Jackson,,,4500,MIN@MIA,MIN,MIA,,,,,,WR/FLEX
81659-55088,WR,Malik,Malik Turner,Turner,5,8,4500,SF@ATL,SF,ATL,,,,,,WR/FLEX
81659-40758,RB,Corey,Corey Clement,Clement,3.6999999455043246,7,4500,ARI@SEA,ARI,SEA,,,,,,RB/FLEX
81659-158520,WR,Daylen,Daylen Baldwin,Baldwin,,,4500,NE@CLE,CLE,NE,,,,,,WR/FLEX
81659-38721,RB,Johnny,Johnny Stanton IV,Stanton IV,2.7333332697550454,3,4500,NE@CLE,CLE,NE,,,,,,RB/FLEX
81659-72515,TE,Ian,Ian Thomas,Thomas,2.660000038146973,5,4500,CAR@LAR,CAR,LAR,,,,,,TE/FLEX
81659-91971,RB,Ronnie,Ronnie Rivers,Rivers,,,4500,CAR@LAR,LAR,CAR,,,,,,RB/FLEX
81659-41806,WR,Laquon,Laquon Treadwell,Treadwell,5.491666793823242,12,4500,ARI@SEA,ARI,SEA,,,,,,WR/FLEX
81659-56142,WR,Juwann,Juwann Winfree,Winfree,1.100000023841858,2,4500,NYJ@GB,GB,NYJ,,,,,,WR/FLEX
81659-73551,WR,Stantley,Stantley Thomas-Oliver III,Thomas-Oliver III,,,4500,CAR@LAR,CAR,LAR,IR,Thigh,,,,WR/FLEX
81659-72531,WR,Taysir,Taysir Mack,Mack,,,4500,SF@ATL,SF,ATL,,,,,,WR/FLEX
81659-88915,RB,Bryant,Bryant Koback,Koback,,,4500,MIN@MIA,MIN,MIA,,,,,,RB/FLEX
81659-27477,WR,Sterling,Sterling Shepard,Shepard,9.299999872843424,3,4500,BAL@NYG,NYG,BAL,IR,Knee - acl,,,,WR/FLEX
81659-103252,RB,Zonovan,Zonovan Knight,Knight,,,4500,NYJ@GB,NYJ,GB,,,,,,RB/FLEX
81659-93016,RB,B.J.,B.J. Baylor,Baylor,,,4500,SF@ATL,ATL,SF,,,,,,RB/FLEX
81659-26458,WR,Tavon,Tavon Austin,Austin,3.2833334604899087,12,4500,BUF@KC,BUF,KC,,,,,,WR/FLEX
81659-64350,WR,Jeff,Jeff Smith,Smith,1.2666666507720947,3,4500,NYJ@GB,NYJ,GB,,,,,,WR/FLEX
81659-104289,WR,Malik,Malik Taylor,Taylor,0.0800000011920929,5,4500,NYJ@GB,GB,NYJ,Q,Undisclosed,,,,WR/FLEX
81659-70501,RB,C.J.,C.J. Ham,Ham,1.1999999682108562,3,4500,MIN@MIA,MIN,MIA,,,,,,RB/FLEX
81659-169834,WR,Dareke,Dareke Young,Young,,,4500,ARI@SEA,SEA,ARI,,,,,,WR/FLEX
81659-89964,WR,Justyn,Justyn Ross,Ross,,,4500,BUF@KC,KC,BUF,IR,Foot,,,,WR/FLEX
81659-95092,WR,Tyler,Tyler Snead,Snead,,,4500,TB@PIT,PIT,TB,,,,,,WR/FLEX
81659-57208,WR,KeeSean,KeeSean Johnson,Johnson,,,4500,BUF@KC,BUF,KC,,,,,,WR/FLEX
81659-70531,WR,Jack,Jack Sorenson,Sorenson,,,4500,CIN@NO,CIN,NO,,,,,,WR/FLEX
81659-45964,WR,Marcus,Marcus Kemp,Kemp,0.6800000190734863,5,4500,BUF@KC,KC,BUF,,,,,,WR/FLEX
81659-89997,WR,Michael,Michael Woods II,Woods II,,,4500,NE@CLE,CLE,NE,,,,,,WR/FLEX
81659-73616,WR,Willie,Willie Johnson,Johnson,,,4500,JAC@IND,JAC,IND,IR,Undisclosed,,,,WR/FLEX
81659-64403,WR,Irvin,Irvin Charles,Charles,,,4500,NYJ@GB,NYJ,GB,,,,,,WR/FLEX
81659-141201,WR,Raleigh,Raleigh Webb,Webb,,,4500,BAL@NYG,BAL,NYG,,,,,,WR/FLEX
81659-64405,WR,Dan,Dan Chisena,Chisena,,,4500,MIN@MIA,MIN,MIA,,,,,,WR/FLEX
81659-169890,WR,LuJuan,LuJuan Winningham,Winningham,,,4500,JAC@IND,JAC,IND,,,,,,WR/FLEX
81659-94118,WR,Mike,Mike Harley Jr.,Harley Jr.,,,4500,NE@CLE,CLE,NE,,,,,,WR/FLEX
81659-34729,RB,Dwayne,Dwayne Washington,Washington,0.8999999761581421,2,4500,CIN@NO,NO,CIN,,,,,,RB/FLEX
81659-91055,WR,Kevin,Kevin Austin Jr.,Austin Jr.,,,4500,JAC@IND,JAC,IND,,,,,,WR/FLEX
81659-169900,WR,Jared,Jared Bernhardt,Bernhardt,,,4500,SF@ATL,ATL,SF,,,,,,WR/FLEX
81659-169901,WR,Tyshaun,Tyshaun James,James,,,4500,SF@ATL,ATL,SF,,,,,,WR/FLEX
81659-169908,WR,Dai'Jean,Dai'Jean Dixon,Dixon,,,4500,CIN@NO,NO,CIN,,,,,,WR/FLEX
81659-93112,RB,Mataeo,Mataeo Durant,Durant,,,4500,TB@PIT,PIT,TB,,,,,,RB/FLEX
81659-103352,RB,Christian,Christian Wade,Wade,,,4500,BUF@KC,BUF,KC,,,,,,RB/FLEX
81659-71613,WR,Demetris,Demetris Robertson,Robertson,,,4500,ARI@SEA,SEA,ARI,,,,,,WR/FLEX
81659-32703,WR,Jakeem,Jakeem Grant Sr.,Grant Sr.,2.2666666666666666,15,4500,NE@CLE,CLE,NE,IR,Achilles,,,,WR/FLEX
81659-43973,RB,Keith,Keith Smith,Smith,0,1,4500,SF@ATL,ATL,SF,,,,,,RB/FLEX
81659-70601,TE,Harrison,Harrison Bryant,Bryant,3.1500000953674316,4,4500,NE@CLE,CLE,NE,,,,,,TE/FLEX
81659-86984,WR,Devon,Devon Williams,Williams,,,4500,BAL@NYG,BAL,NYG,,,,,,WR/FLEX
81659-91085,WR,Michael,Michael Young Jr.,Young Jr.,,,4500,JAC@IND,IND,JAC,,,,,,WR/FLEX
81659-138189,WR,Changa,Changa Hodge,Hodge,,,4500,ARI@SEA,ARI,SEA,,,,,,WR/FLEX
81659-41936,WR,Anthony,Anthony Miller,Miller,3.8333333333333335,3,4500,TB@PIT,PIT,TB,IR,Shoulder,,,,WR/FLEX
81659-88016,WR,Ryan,Ryan McDaniel,McDaniel,,,4500,JAC@IND,JAC,IND,,,,,,WR/FLEX
81659-169937,WR,Lance,Lance McCutcheon,McCutcheon,,,4500,CAR@LAR,LAR,CAR,,,,,,WR/FLEX
81659-41954,WR,Victor,Victor Bolden Jr.,Bolden Jr.,,,4500,ARI@SEA,ARI,SEA,,,,,,WR/FLEX
81659-71661,WR,Tino,Tino Ellis,Ellis,,,4500,MIN@MIA,MIA,MIN,,,,,,WR/FLEX
81659-14319,RB,Taiwan,Taiwan Jones,Jones,0,1,4500,BUF@KC,BUF,KC,,,,,,RB/FLEX
81659-104433,RB,Kyren,Kyren Williams,Williams,,,4500,CAR@LAR,LAR,CAR,IR,Ankle,,,,RB/FLEX
81659-31732,WR,Corey,Corey Coleman,Coleman,,,4500,BUF@KC,KC,BUF,,,,,,WR/FLEX
81659-63479,RB,John,John Kelly Jr.,Kelly Jr.,1.2999999523162842,1,4500,NE@CLE,CLE,NE,,,,,,RB/FLEX
81659-88056,WR,Stanley,Stanley Berryhill,Berryhill,,,4500,ARI@SEA,ARI,SEA,,,,,,WR/FLEX
81659-96250,WR,DeVonte,DeVonte Dedmon,Dedmon,,,4500,MIN@MIA,MIA,MIN,,,,,,WR/FLEX
81659-58499,TE,Parker,Parker Hesse,Hesse,1.524999976158142,4,4400,SF@ATL,ATL,SF,,,,,,TE/FLEX
81659-12538,D,Los Angeles,Los Angeles Rams,Rams,6,5,4400,CAR@LAR,LAR,CAR,,,,,,DEF
81659-71143,TE,Kylen,Kylen Granson,Granson,3.6200000762939455,5,4400,JAC@IND,IND,JAC,,,,,,TE/FLEX
81659-31207,TE,C.J.,C.J. Uzomah,Uzomah,1.600000023841858,2,4400,NYJ@GB,NYJ,GB,,,,,,TE/FLEX
81659-89588,TE,Colby,Colby Parkinson,Parkinson,6.833333333333333,3,4400,ARI@SEA,SEA,ARI,,,,,,TE/FLEX
81659-65477,TE,Giovanni,Giovanni Ricci,Ricci,2.7666667302449546,3,4400,CAR@LAR,CAR,LAR,,,,,,TE/FLEX
81659-91101,TE,Tommy,Tommy Tremble,Tremble,1.6749999523162842,4,4400,CAR@LAR,CAR,LAR,,,,,,TE/FLEX
81659-48116,TE,Jonnu,Jonnu Smith,Smith,3.1000000635782876,3,4400,NE@CLE,NE,CLE,Q,Ankle,,,,TE/FLEX
81659-83138,TE,Ross,Ross Dwelley,Dwelley,3.9666665395100913,3,4300,SF@ATL,SF,ATL,,,,,,TE/FLEX
81659-12554,D,Jacksonville,Jacksonville Jaguars,Jaguars,10,5,4300,JAC@IND,JAC,IND,,,,,,DEF
81659-87469,TE,Jelani,Jelani Woods,Woods,6.033333460489909,3,4300,JAC@IND,IND,JAC,,,,,,TE/FLEX
81659-40371,TE,Johnny,Johnny Mundt,Mundt,2.3799999237060545,5,4300,MIN@MIA,MIN,MIA,,,,,,TE/FLEX
81659-18009,TE,Chris,Chris Manhertz,Manhertz,1.5,2,4300,JAC@IND,JAC,IND,,,,,,TE/FLEX
81659-91750,TE,Trey,Trey McBride,McBride,3.9000000953674316,1,4300,ARI@SEA,ARI,SEA,,,,,,TE/FLEX
81659-65182,TE,Mitchell,Mitchell Wilcox,Wilcox,1.5,3,4300,CIN@NO,CIN,NO,,,,,,TE/FLEX
81659-61112,TE,Josiah,Josiah Deguara,Deguara,2.2333332697550454,3,4300,NYJ@GB,GB,NYJ,,,,,,TE/FLEX
81659-92882,TE,Connor,Connor Heyward,Heyward,2.200000047683716,1,4300,TB@PIT,PIT,TB,,,,,,TE/FLEX
81659-29411,TE,Pharaoh,Pharaoh Brown,Brown,3.566666603088379,3,4300,NE@CLE,CLE,NE,,,,,,TE/FLEX
81659-14237,TE,Kyle,Kyle Rudolph,Rudolph,0.8500000238418579,2,4300,TB@PIT,TB,PIT,,,,,,TE/FLEX
81659-12541,D,New England,New England Patriots,Patriots,9.8,5,4200,NE@CLE,NE,CLE,,,,,,DEF
81659-63907,TE,Josh,Josh Oliver,Oliver,3.9000000953674316,2,4200,BAL@NYG,BAL,NYG,,,,,,TE/FLEX
81659-6672,TE,Marcedes,Marcedes Lewis,Lewis,6.699999809265137,1,4200,NYJ@GB,GB,NYJ,,,,,,TE/FLEX
81659-55895,TE,Kendall,Kendall Blanton,Blanton,2.25,2,4200,CAR@LAR,LAR,CAR,,,,,,TE/FLEX
81659-56947,TE,Chris,Chris Myarick,Myarick,2.866666793823242,3,4200,BAL@NYG,NYG,BAL,,,,,,TE/FLEX
81659-80546,TE,Dan,Dan Arnold,Arnold,2.300000031789144,3,4200,JAC@IND,JAC,IND,,,,,,TE/FLEX
81659-61172,TE,Tyler,Tyler Davis,Davis,1.149999976158142,4,4200,NYJ@GB,GB,NYJ,,,,,,TE/FLEX
81659-69655,TE,Stephen,Stephen Sullivan,Sullivan,0.8999999761581421,2,4100,CAR@LAR,CAR,LAR,,,,,,TE/FLEX
81659-62510,TE,Nick,Nick Boyle,Boyle,0.3499999940395355,2,4100,BAL@NYG,BAL,NYG,,,,,,TE/FLEX
81659-68714,TE,Ko,Ko Kieft,Kieft,2.4000000953674316,1,4100,TB@PIT,TB,PIT,,,,,,TE/FLEX
81659-83117,TE,Tanner,Tanner Hudson,Hudson,2.75,2,4100,BAL@NYG,NYG,BAL,Q,Illness,,,,TE/FLEX
81659-63697,TE,Brycen,Brycen Hopkins,Hopkins,4.050000190734863,2,4100,CAR@LAR,LAR,CAR,,,,,,TE/FLEX
81659-130286,TE,Ben,Ben Ellefson,Ellefson,2.049999952316284,2,4100,MIN@MIA,MIN,MIA,IR,Groin,,,,TE/FLEX
81659-12535,D,Indianapolis,Indianapolis Colts,Colts,5.8,5,4100,JAC@IND,IND,JAC,,,,,,DEF
81659-56711,TE,Drew,Drew Sample,Sample,0.4000000059604645,2,4100,CIN@NO,CIN,NO,IR,Knee - mcl,,,,TE/FLEX
81659-26038,TE,Tyler,Tyler Kroft,Kroft,1.399999976158142,1,4100,SF@ATL,SF,ATL,Q,Knee - mcl,,,,TE/FLEX
81659-29277,TE,Stephen,Stephen Anderson,Anderson,0.699999988079071,1,4100,ARI@SEA,ARI,SEA,,,,,,TE/FLEX
81659-47788,TE,Deon,Deon Yelder,Yelder,0.5,1,4100,ARI@SEA,ARI,SEA,,,,,,TE/FLEX
81659-54007,TE,Jacob,Jacob Hollister,Hollister,2.6666666666666665,6,4100,MIN@MIA,MIN,MIA,,,,,,TE/FLEX
81659-87815,TE,Jeremy,Jeremy Ruckert,Ruckert,0,1,4100,NYJ@GB,NYJ,GB,,,,,,TE/FLEX
81659-93075,TE,Hunter,Hunter Long,Long,0.4333333174387614,3,4100,MIN@MIA,MIA,MIN,,,,,,TE/FLEX
81659-56212,TE,Tommy,Tommy Sweeney,Sweeney,2.1285713740757535,7,4100,BUF@KC,BUF,KC,,,,,,TE/FLEX
81659-28570,TE,Nick,Nick Vannett,Vannett,1,1,4100,CIN@NO,NO,CIN,,,,,,TE/FLEX
81659-93143,TE,Noah,Noah Gray,Gray,2.8200000762939452,5,4100,BUF@KC,KC,BUF,,,,,,TE/FLEX
81659-71697,TE,Shaun,Shaun Beyer,Beyer,,,4000,NYJ@GB,GB,NYJ,,,,,,TE/FLEX
81659-40977,TE,Ricky,Ricky Seals-Jones,Seals-Jones,4.918181679465554,11,4000,BAL@NYG,NYG,BAL,Q,Toe,,,,TE/FLEX
81659-28694,TE,Jesse,Jesse James,James,3.924999952316284,4,4000,NE@CLE,CLE,NE,IR,Biceps,,,,TE/FLEX
81659-55336,TE,Chris,Chris Herndon,Herndon,2.4,5,4000,CIN@NO,NO,CIN,,,,,,TE/FLEX
81659-62505,TE,MyCole,MyCole Pruitt,Pruitt,3.772727272727273,11,4000,SF@ATL,ATL,SF,,,,,,TE/FLEX
81659-69676,TE,Jamal,Jamal Pettigrew,Pettigrew,,,4000,CAR@LAR,LAR,CAR,,,,,,TE/FLEX
81659-86075,TE,Lucas,Lucas Krull,Krull,,,4000,CIN@NO,NO,CIN,,,,,,TE/FLEX
81659-30787,TE,Alex,Alex Ellis,Ellis,,,4000,ARI@SEA,ARI,SEA,Q,Undisclosed,,,,TE/FLEX
81659-65607,TE,Jacob,Jacob Harris,Harris,,,4000,CAR@LAR,LAR,CAR,,,,,,TE/FLEX
81659-69705,TE,Garrett,Garrett Walston,Walston,,,4000,SF@ATL,SF,ATL,,,,,,TE/FLEX
81659-165962,TE,Nikola,Nikola Kalinic,Kalinic,,,4000,JAC@IND,IND,JAC,,,,,,TE/FLEX
81659-42077,TE,James,James Winchester,Winchester,,,4000,BUF@KC,KC,BUF,,,,,,TE/FLEX
81659-79967,TE,Adam,Adam Shaheen,Shaheen,2.4285714285714284,7,4000,MIN@MIA,MIA,MIN,IR,Knee,,,,TE/FLEX
81659-46177,TE,David,David Wells,Wells,,,4000,TB@PIT,TB,PIT,,,,,,TE/FLEX
81659-46200,TE,Daniel,Daniel Brunskill,Brunskill,,,4000,SF@ATL,SF,ATL,,,,,,TE/FLEX
81659-93343,TE,Roger,Roger Carter Jr.,Carter Jr.,,,4000,CAR@LAR,LAR,CAR,,,,,,TE/FLEX
81659-9409,TE,Clark,Clark Harris,Harris,,,4000,CIN@NO,CIN,NO,IR,Biceps,,,,TE/FLEX
81659-65737,TE,Sam,Sam Tecklenburg,Tecklenburg,,,4000,CAR@LAR,CAR,LAR,,,,,,TE/FLEX
81659-170191,TE,Ben,Ben Beise,Beise,,,4000,TB@PIT,TB,PIT,,,,,,TE/FLEX
81659-149708,TE,Zach,Zach Davidson,Davidson,,,4000,BUF@KC,BUF,KC,,,,,,TE/FLEX
81659-170188,TE,Tanner,Tanner Conner,Conner,0,1,4000,MIN@MIA,MIA,MIN,,,,,,TE/FLEX
81659-170206,TE,Rodney,Rodney Williams II,Williams II,,,4000,TB@PIT,PIT,TB,,,,,,TE/FLEX
81659-149727,TE,Bernhard,Bernhard Seikovits,Seikovits,,,4000,ARI@SEA,ARI,SEA,,,,,,TE/FLEX
81659-70881,TE,Justin,Justin Rigg,Rigg,,,4000,TB@PIT,PIT,TB,,,,,,TE/FLEX
81659-12526,D,Buffalo,Buffalo Bills,Bills,12.4,5,4000,BUF@KC,BUF,KC,,,,,,DEF
81659-52468,TE,Ethan,Ethan Wolf,Wolf,1.7999999523162842,1,4000,CIN@NO,NO,CIN,,,,,,TE/FLEX
81659-64762,TE,Nakia,Nakia Griffin-Stewart,Griffin-Stewart,,,4000,JAC@IND,IND,JAC,,,,,,TE/FLEX
81659-12539,D,Miami,Miami Dolphins,Dolphins,5,5,4000,MIN@MIA,MIA,MIN,,,,,,DEF
81659-61693,TE,Danny,Danny Pinter,Pinter,6.699999809265137,1,4000,JAC@IND,IND,JAC,,,,,,TE/FLEX
81659-97537,TE,Naz,Naz Bohannon,Bohannon,,,4000,JAC@IND,JAC,IND,,,,,,TE/FLEX
81659-90398,TE,Matt,Matt Bushman,Bushman,,,4000,BUF@KC,KC,BUF,Q,Collarbone,,,,TE/FLEX
81659-170282,TE,JJ,JJ Howland,Howland,,,4000,TB@PIT,TB,PIT,,,,,,TE/FLEX
81659-65839,TE,Kahale,Kahale Warring,Warring,,,4000,CIN@NO,NO,CIN,,,,,,TE/FLEX
81659-170290,TE,Andre,Andre Miller,Miller,,,4000,BAL@NYG,NYG,BAL,Q,Wrist,,,,TE/FLEX
81659-55609,TE,Ryan,Ryan Izzo,Izzo,,,4000,CAR@LAR,CAR,LAR,,,,,,TE/FLEX
81659-64833,TE,Alize,Alize Mack,Mack,,,4000,NYJ@GB,GB,NYJ,Q,Undisclosed,,,,TE/FLEX
81659-86359,TE,Jared,Jared Scott,Scott,,,4000,JAC@IND,IND,JAC,,,,,,TE/FLEX
81659-63839,TE,Tyler,Tyler Mabry,Mabry,,,4000,ARI@SEA,SEA,ARI,,,,,,TE/FLEX
81659-25957,TE,J.P.,J.P. Holtz,Holtz,,,4000,CIN@NO,NO,CIN,,,,,,TE/FLEX
81659-153957,TE,Zaire,Zaire Mitchell-Paden,Mitchell-Paden,,,4000,NE@CLE,CLE,NE,,,,,,TE/FLEX
81659-90483,TE,Bernhard,Bernhard Raimann,Raimann,,,4000,JAC@IND,IND,JAC,,,,,,TE/FLEX
81659-92530,TE,Cade,Cade Brewer,Brewer,,,4000,ARI@SEA,SEA,ARI,,,,,,TE/FLEX
81659-73089,TE,Devin,Devin Asiasi,Asiasi,0,1,4000,CIN@NO,CIN,NO,,,,,,TE/FLEX
81659-71048,TE,Thaddeus,Thaddeus Moss,Moss,,,4000,CIN@NO,CIN,NO,,,,,,TE/FLEX
81659-71058,TE,Grayson,Grayson Gunter,Gunter,,,4000,JAC@IND,JAC,IND,,,,,,TE/FLEX
81659-72110,TE,John,John Mitchell,Mitchell,,,4000,ARI@SEA,SEA,ARI,,,,,,TE/FLEX
81659-114112,TE,Jalen,Jalen Wydermyer,Wydermyer,,,4000,NE@CLE,NE,CLE,,,,,,TE/FLEX
81659-69069,TE,Tony,Tony Poljan,Poljan,,,4000,BAL@NYG,BAL,NYG,,,,,,TE/FLEX
81659-73176,TE,Luke,Luke Farrell,Farrell,1.1375000476837158,8,4000,JAC@IND,JAC,IND,,,,,,TE/FLEX
81659-54746,TE,Tyler,Tyler Ott,Ott,,,4000,ARI@SEA,SEA,ARI,IR,Shoulder,,,,TE/FLEX
81659-103900,TE,Brandon,Brandon Dillon,Dillon,,,4000,CIN@NO,NO,CIN,,,,,,TE/FLEX
81659-91618,TE,John,John FitzPatrick,FitzPatrick,,,4000,SF@ATL,ATL,SF,IR,Undisclosed,,,,TE/FLEX
81659-97771,TE,Marcus,Marcus Santos-Silva,Santos-Silva,,,4000,NE@CLE,CLE,NE,,,,,,TE/FLEX
81659-89586,TE,Tucker,Tucker Fisk,Fisk,,,4000,SF@ATL,ATL,SF,,,,,,TE/FLEX
81659-62998,TE,Jace,Jace Sternberger,Sternberger,,,4000,TB@PIT,PIT,TB,,,,,,TE/FLEX
81659-64023,TE,Kyle,Kyle Markway,Markway,,,4000,CAR@LAR,LAR,CAR,Q,Undisclosed,,,,TE/FLEX
81659-73266,TE,Dylan,Dylan Soehner,Soehner,,,4000,CIN@NO,NO,CIN,NA,Undisclosed,,,,TE/FLEX
81659-68155,TE,Codey,Codey McElroy,McElroy,0.25,2,4000,TB@PIT,TB,PIT,Q,Foot,,,,TE/FLEX
81659-30272,TE,Colin,Colin Thompson,Thompson,0,1,4000,CAR@LAR,CAR,LAR,Q,Calf,,,,TE/FLEX
81659-104019,TE,Matt,Matt Orzech,Orzech,0,1,4000,CAR@LAR,LAR,CAR,,,,,,TE/FLEX
81659-66155,TE,Michael,Michael Jacobson,Jacobson,,,4000,JAC@IND,IND,JAC,,,,,,TE/FLEX
81659-147049,TE,Drew,Drew Ogletree,Ogletree,,,4000,JAC@IND,IND,JAC,IR,Knee - acl,,,,TE/FLEX
81659-85635,TE,Charlie,Charlie Kolar,Kolar,,,4000,BAL@NYG,BAL,NYG,IR,Sports hernia,,,,TE/FLEX
81659-87690,TE,Sal,Sal Cannella,Cannella,,,4000,NYJ@GB,GB,NYJ,,,,,,TE/FLEX
81659-101007,TE,Mark,Mark Vital,Vital,,,4000,BUF@KC,KC,BUF,,,,,,TE/FLEX
81659-71351,TE,Charlie,Charlie Woerner,Woerner,0,1,4000,SF@ATL,SF,ATL,,,,,,TE/FLEX
81659-28346,TE,Maxx,Maxx Williams,Williams,6.659999847412109,5,4000,ARI@SEA,ARI,SEA,Q,Knee,,,,TE/FLEX
81659-89814,TE,Gerrit,Gerrit Prince,Prince,,,4000,JAC@IND,JAC,IND,,,,,,TE/FLEX
81659-38636,TE,Bug,Bug Howard,Howard,,,4000,TB@PIT,TB,PIT,Q,Undisclosed,,,,TE/FLEX
81659-27403,TE,Blake,Blake Bell,Bell,1.25,12,4000,BUF@KC,KC,BUF,IR,Hip,,,,TE/FLEX
81659-40746,TE,Troy,Troy Fumagalli,Fumagalli,,,4000,SF@ATL,SF,ATL,,,,,,TE/FLEX
81659-86839,TE,Jack,Jack Coco,Coco,,,4000,NYJ@GB,GB,NYJ,,,,,,TE/FLEX
81659-38722,TE,Cethan,Cethan Carter,Carter,1.2999999523162842,2,4000,MIN@MIA,MIA,MIN,IR,Concussion,,,,TE/FLEX
81659-63321,TE,Rashod,Rashod Berry,Berry,,,4000,JAC@IND,JAC,IND,,,,,,TE/FLEX
81659-90971,TE,Austin,Austin Allen,Allen,,,4000,BAL@NYG,NYG,BAL,,,,,,TE/FLEX
81659-169853,TE,Josh,Josh Babicz,Babicz,,,4000,CAR@LAR,CAR,LAR,,,,,,TE/FLEX
81659-23435,TE,Andrew,Andrew DePaola,DePaola,,,4000,MIN@MIA,MIN,MIA,,,,,,TE/FLEX
81659-69516,TE,Miller,Miller Forristall,Forristall,0,1,4000,NE@CLE,CLE,NE,,,,,,TE/FLEX
81659-64408,TE,Nick,Nick Bowers,Bowers,,,4000,CIN@NO,CIN,NO,,,,,,TE/FLEX
81659-92056,TE,Cal,Cal Adomitis,Adomitis,,,4000,CIN@NO,CIN,NO,,,,,,TE/FLEX
81659-55209,TE,Nate,Nate Becker,Becker,,,4000,NYJ@GB,GB,NYJ,Q,Undisclosed,,,,TE/FLEX
81659-89029,TE,Chris,Chris Pierce Jr.,Pierce Jr.,,,4000,ARI@SEA,ARI,SEA,Q,Undisclosed,,,,TE/FLEX
81659-70604,TE,John,John Raine,Raine,,,4000,SF@ATL,ATL,SF,Q,Undisclosed,,,,TE/FLEX
81659-72665,TE,Kenny,Kenny Yeboah,Yeboah,2.299999952316284,2,4000,NYJ@GB,NYJ,GB,,,,,,TE/FLEX
81659-54239,TE,Matt,Matt Sokol,Sokol,,,4000,NE@CLE,NE,CLE,,,,,,TE/FLEX
81659-57325,TE,Jordan,Jordan Franks,Franks,,,4000,BUF@KC,KC,BUF,,,,,,TE/FLEX
81659-96254,TE,Nick,Nick Muse,Muse,,,4000,MIN@MIA,MIN,MIA,,,,,,TE/FLEX
81659-12546,D,Arizona,Arizona Cardinals,Cardinals,5.2,5,3900,ARI@SEA,ARI,SEA,,,,,,DEF
81659-12542,D,New Orleans,New Orleans Saints,Saints,4.4,5,3800,CIN@NO,NO,CIN,,,,,,DEF
81659-12553,D,Carolina,Carolina Panthers,Panthers,7,5,3700,CAR@LAR,CAR,LAR,,,,,,DEF
81659-12528,D,Cincinnati,Cincinnati Bengals,Bengals,6.8,5,3600,CIN@NO,CIN,NO,,,,,,DEF
81659-12547,D,Pittsburgh,Pittsburgh Steelers,Steelers,7.6,5,3500,TB@PIT,PIT,TB,,,,,,DEF
81659-12536,D,Kansas City,Kansas City Chiefs,Chiefs,5.2,5,3400,BUF@KC,KC,BUF,,,,,,DEF
81659-12544,D,New York,New York Jets,Jets,6.2,5,3300,NYJ@GB,NYJ,GB,,,,,,DEF
81659-12543,D,New York,New York Giants,Giants,6,5,3200,BAL@NYG,NYG,BAL,,,,,,DEF
81659-12550,D,Seattle,Seattle Seahawks,Seahawks,6.2,5,3100,ARI@SEA,SEA,ARI,,,,,,DEF
81659-12525,D,Atlanta,Atlanta Falcons,Falcons,6.4,5,3000,SF@ATL,ATL,SF,,,,,,DEF