Id,Position,First Name,Nickname,Last Name,FPPG,Played,Salary,Game,Team,Opponent,Injury Indicator,Injury Details,Tier,,,Roster Position
81077-53562,RB,Nick,Nick Chubb,Chubb,20.96666717529297,3,9200,CLE@ATL,CLE,ATL,,,,,,RB/FLEX
81077-62239,QB,Josh,Josh Allen,Allen,29.953333536783855,3,8900,BUF@BAL,BUF,BAL,,,,,,QB
81077-63115,QB,Lamar,Lamar Jackson,Jackson,34.753334045410156,3,8800,BUF@BAL,BAL,BUF,,,,,,QB
81077-55050,RB,Christian,Christian McCaffrey,McCaffrey,13.666666666666666,3,8800,ARI@CAR,CAR,ARI,Q,Thigh,,,,RB/FLEX
81077-25079,WR,Stefon,Stefon Diggs,Diggs,23.96666717529297,3,8700,BUF@BAL,BUF,BAL,,,,,,WR/FLEX
81077-89675,RB,Jonathan,Jonathan Taylor,Taylor,14.300000508626303,3,8700,TEN@IND,IND,TEN,,,,,,RB/FLEX
81077-39280,RB,Derrick,Derrick Henry,Henry,13.166666666666666,3,8600,TEN@IND,TEN,IND,,,,,,RB/FLEX
81077-69531,QB,Jalen,Jalen Hurts,Hurts,28.779998779296875,3,8600,JAC@PHI,PHI,JAC,,,,,,QB
81077-80001,RB,Austin,Austin Ekeler,Ekeler,10.800000508626303,3,8400,LAC@HOU,LAC,HOU,,,,,,RB/FLEX
81077-52436,TE,Mark,Mark Andrews,Andrews,17.933333079020183,3,8400,BUF@BAL,BAL,BUF,,,,,,TE/FLEX
81077-72846,WR,A.J.,A.J. Brown,Brown,15.633333841959635,3,8300,JAC@PHI,PHI,JAC,,,,,,WR/FLEX
81077-64401,RB,Saquon,Saquon Barkley,Barkley,20.433333079020183,3,8100,CHI@NYG,NYG,CHI,,,,,,RB/FLEX
81077-86997,WR,Amon-Ra,Amon-Ra St. Brown,St. Brown,20.53333282470703,3,8000,SEA@DET,DET,SEA,O,Ankle,,,,WR/FLEX
81077-69189,QB,Justin,Justin Herbert,Herbert,20.433333079020183,3,8000,LAC@HOU,LAC,HOU,,,,,,QB
81077-45889,WR,Davante,Davante Adams,Adams,15,3,7900,DEN@LV,LV,DEN,,,,,,WR/FLEX
81077-130288,RB,James,James Robinson,Robinson,17.766666412353516,3,7800,JAC@PHI,JAC,PHI,,,,,,RB/FLEX
81077-63484,QB,Kyler,Kyler Murray,Murray,20.286666870117188,3,7800,ARI@CAR,ARI,CAR,,,,,,QB
81077-86687,WR,Marquise,Marquise Brown,Brown,14.366666158040365,3,7700,ARI@CAR,ARI,CAR,Q,Foot,,,,WR/FLEX
81077-30733,RB,Cordarrelle,Cordarrelle Patterson,Patterson,15.666666666666666,3,7600,CLE@ATL,ATL,CLE,Q,Knee,,,,RB/FLEX
81077-60858,WR,Christian,Christian Kirk,Kirk,17.900000254313152,3,7600,JAC@PHI,JAC,PHI,,,,,,WR/FLEX
81077-38435,QB,Jared,Jared Goff,Goff,19.139999389648438,3,7600,SEA@DET,DET,SEA,,,,,,QB
81077-31001,WR,Amari,Amari Cooper,Cooper,14.466667175292969,3,7500,CLE@ATL,CLE,ATL,,,,,,WR/FLEX
81077-69213,WR,Michael,Michael Pittman Jr.,Pittman Jr.,16.899999618530273,2,7500,TEN@IND,IND,TEN,,,,,,WR/FLEX
81077-89951,QB,Trevor,Trevor Lawrence,Lawrence,19.360000610351562,3,7500,JAC@PHI,JAC,PHI,,,,,,QB
81077-45631,RB,Jamaal,Jamaal Williams,Williams,15.233333587646484,3,7400,SEA@DET,DET,SEA,,,,,,RB/FLEX
81077-6894,QB,Aaron,Aaron Rodgers,Rodgers,12.71999994913737,3,7400,NE@GB,GB,NE,,,,,,QB
81077-91598,RB,D'Andre,D'Andre Swift,Swift,15.59999974568685,3,7400,SEA@DET,DET,SEA,D,Shoulder,,,,RB/FLEX
81077-29253,WR,Keenan,Keenan Allen,Allen,8.600000381469727,1,7300,LAC@HOU,LAC,HOU,Q,Hamstring,,,,WR/FLEX
81077-29358,QB,Marcus,Marcus Mariota,Mariota,17.266666412353516,3,7300,CLE@ATL,ATL,CLE,,,,,,QB
81077-40442,RB,Aaron,Aaron Jones,Jones,14.59999974568685,3,7300,NE@GB,GB,NE,,,,,,RB/FLEX
81077-72412,RB,Khalil,Khalil Herbert,Herbert,15.09999974568685,3,7200,CHI@NYG,CHI,NYG,,,,,,RB/FLEX
81077-45859,QB,Derek,Derek Carr,Carr,18.866666158040363,3,7200,DEN@LV,LV,DEN,,,,,,QB
81077-39829,WR,Mike,Mike Williams,Williams,10.433333079020182,3,7200,LAC@HOU,LAC,HOU,,,,,,WR/FLEX
81077-73273,RB,David,David Montgomery,Montgomery,7.400000254313151,3,7200,CHI@NYG,CHI,NYG,O,Ankle,,,,RB/FLEX
81077-73048,WR,DK,DK Metcalf,Metcalf,8.5,3,7100,SEA@DET,SEA,DET,,,,,,WR/FLEX
81077-22015,QB,Russell,Russell Wilson,Wilson,12.973332722981771,3,7100,DEN@LV,DEN,LV,,,,,,QB
81077-63519,QB,Daniel,Daniel Jones,Jones,14.966667175292969,3,7000,CHI@NYG,NYG,CHI,,,,,,QB
81077-90575,RB,Najee,Najee Harris,Harris,10.866666158040365,3,7000,NYJ@PIT,PIT,NYJ,,,,,,RB/FLEX
81077-66008,WR,Diontae,Diontae Johnson,Johnson,10.699999491373697,3,7000,NYJ@PIT,PIT,NYJ,,,,,,WR/FLEX
81077-31716,QB,Dak,Dak Prescott,Prescott,5.460000038146973,1,7000,WAS@DAL,DAL,WAS,O,Thumb,,,,QB
81077-27050,WR,Tyler,Tyler Lockett,Lockett,10.533333460489908,3,6900,SEA@DET,SEA,DET,,,,,,WR/FLEX
81077-90576,WR,DeVonta,DeVonta Smith,Smith,12.800000508626303,3,6900,JAC@PHI,PHI,JAC,,,,,,WR/FLEX
81077-70324,QB,Carson,Carson Wentz,Wentz,22.37999979654948,3,6900,WAS@DAL,WAS,DAL,,,,,,QB
81077-93541,RB,Javonte,Javonte Williams,Williams,10.266666412353516,3,6900,DEN@LV,DEN,LV,,,,,,RB/FLEX
81077-86055,RB,Dameon,Dameon Pierce,Pierce,9.90000025431315,3,6800,LAC@HOU,HOU,LAC,,,,,,RB/FLEX
81077-57403,WR,Courtland,Courtland Sutton,Sutton,13.033332824707031,3,6800,DEN@LV,DEN,LV,,,,,,WR/FLEX
81077-86631,WR,CeeDee,CeeDee Lamb,Lamb,11.40000025431315,3,6800,WAS@DAL,DAL,WAS,,,,,,WR/FLEX
81077-21948,QB,Ryan,Ryan Tannehill,Tannehill,13.993333180745443,3,6800,TEN@IND,TEN,IND,,,,,,QB
81077-30231,QB,Jacoby,Jacoby Brissett,Brissett,15.080000559488932,3,6800,CLE@ATL,CLE,ATL,,,,,,QB
81077-40687,RB,James,James Conner,Conner,9.09999974568685,3,6800,ARI@CAR,ARI,CAR,,,,,,RB/FLEX
81077-6616,QB,Matt,Matt Ryan,Ryan,12.120000203450521,3,6700,TEN@IND,IND,TEN,,,,,,QB
81077-57840,RB,Rashaad,Rashaad Penny,Penny,5.533333460489909,3,6700,SEA@DET,SEA,DET,,,,,,RB/FLEX
81077-56250,WR,Terry,Terry McLaurin,McLaurin,12.066666920979818,3,6700,WAS@DAL,WAS,DAL,,,,,,WR/FLEX
81077-91591,QB,Justin,Justin Fields,Fields,10.459999720255533,3,6700,CHI@NYG,CHI,NYG,,,,,,QB
81077-71845,RB,Miles,Miles Sanders,Sanders,10.833333333333334,3,6600,JAC@PHI,PHI,JAC,,,,,,RB/FLEX
81077-90584,QB,Mac,Mac Jones,Jones,14.046666463216146,3,6600,NE@GB,NE,GB,O,Ankle,,,,QB
81077-41535,QB,Baker,Baker Mayfield,Mayfield,14.333333333333334,3,6600,ARI@CAR,CAR,ARI,,,,,,QB
81077-90933,RB,Antonio,Antonio Gibson,Gibson,12.699999491373697,3,6600,WAS@DAL,WAS,DAL,,,,,,RB/FLEX
81077-85845,WR,Rashod,Rashod Bateman,Bateman,12.199999491373697,3,6600,BUF@BAL,BAL,BUF,,,,,,WR/FLEX
81077-26483,QB,Geno,Geno Smith,Smith,14.726666768391928,3,6600,SEA@DET,SEA,DET,,,,,,QB
81077-28900,RB,Melvin,Melvin Gordon III,Gordon III,8.666666666666666,3,6500,DEN@LV,DEN,LV,Q,Neck,,,,RB/FLEX
81077-90406,QB,Zach,Zach Wilson,Wilson,12.527692354642427,13,6500,NYJ@PIT,NYJ,PIT,,,,,,QB
81077-94534,WR,Gabe,Gabe Davis,Davis,11,2,6500,BUF@BAL,BUF,BAL,Q,Ankle,,,,WR/FLEX
81077-25011,TE,Darren,Darren Waller,Waller,9.200000127156576,3,6500,DEN@LV,LV,DEN,,,,,,TE/FLEX
81077-90561,WR,Jerry,Jerry Jeudy,Jeudy,7.533333460489909,3,6500,DEN@LV,DEN,LV,,,,,,WR/FLEX
81077-6714,QB,Joe,Joe Flacco,Flacco,15.879999796549479,3,6500,NYJ@PIT,NYJ,PIT,,,,,,QB
81077-93107,RB,AJ,AJ Dillon,Dillon,9.866666793823242,3,6500,NE@GB,GB,NE,,,,,,RB/FLEX
81077-72731,RB,Josh,Josh Jacobs,Jacobs,9.533333460489908,3,6500,DEN@LV,LV,DEN,,,,,,RB/FLEX
81077-40534,QB,Mike,Mike White,White,13.005000114440918,4,6500,NYJ@PIT,NYJ,PIT,,,,,,QB
81077-38628,QB,Mitch,Mitch Trubisky,Trubisky,13.353333791097006,3,6500,NYJ@PIT,PIT,NYJ,,,,,,QB
81077-29501,WR,Brandin,Brandin Cooks,Cooks,7.433333079020183,3,6400,LAC@HOU,HOU,LAC,,,,,,WR/FLEX
81077-89628,QB,Davis,Davis Mills,Mills,11.493333180745443,3,6400,LAC@HOU,HOU,LAC,,,,,,QB
81077-44715,QB,Cooper,Cooper Rush,Rush,9.519999821980795,3,6400,WAS@DAL,DAL,WAS,,,,,,QB
81077-38791,RB,Ezekiel,Ezekiel Elliott,Elliott,8.266666412353516,3,6400,WAS@DAL,DAL,WAS,,,,,,RB/FLEX
81077-112745,WR,Drake,Drake London,London,14.466667175292969,3,6300,CLE@ATL,ATL,CLE,,,,,,WR/FLEX
81077-8803,QB,Chase,Chase Daniel,Daniel,-0.20000000298023224,1,6300,LAC@HOU,LAC,HOU,,,,,,QB
81077-103064,RB,Breece,Breece Hall,Hall,10.59999974568685,3,6300,NYJ@PIT,NYJ,PIT,,,,,,RB/FLEX
81077-7872,QB,Brian,Brian Hoyer,Hoyer,2.4559999465942384,5,6300,NE@GB,NE,GB,,,,,,QB
81077-92020,QB,Kenny,Kenny Pickett,Pickett,,,6300,NYJ@PIT,PIT,NYJ,,,,,,QB
81077-14377,QB,Tyrod,Tyrod Taylor,Taylor,14.456666310628256,6,6200,CHI@NYG,NYG,CHI,,,,,,QB
81077-22994,QB,Case,Case Keenum,Keenum,0.20000000298023224,1,6200,BUF@BAL,BUF,BAL,,,,,,QB
81077-39795,QB,Davis,Davis Webb,Webb,-0.30000001192092896,1,6200,CHI@NYG,NYG,CHI,,,,,,QB
81077-70603,RB,Devin,Devin Singletary,Singletary,9.966666539510092,3,6200,BUF@BAL,BUF,BAL,,,,,,RB/FLEX
81077-64576,RB,Damien,Damien Harris,Harris,11.366666158040365,3,6200,NE@GB,NE,GB,,,,,,RB/FLEX
81077-83074,TE,Dallas,Dallas Goedert,Goedert,9.433333079020182,3,6200,JAC@PHI,PHI,JAC,,,,,,TE/FLEX
81077-52613,WR,Curtis,Curtis Samuel,Samuel,14.733333587646484,3,6200,WAS@DAL,WAS,DAL,,,,,,WR/FLEX
81077-86080,TE,Kyle,Kyle Pitts,Pitts,5.666666666666667,3,6100,CLE@ATL,ATL,CLE,,,,,,TE/FLEX
81077-53331,QB,Taylor,Taylor Heinicke,Heinicke,14.835000038146973,16,6100,WAS@DAL,WAS,DAL,,,,,,QB
81077-63589,QB,Sam,Sam Darnold,Darnold,14.18999989827474,12,6100,ARI@CAR,CAR,ARI,IR,Ankle,,,,QB
81077-45229,RB,Kareem,Kareem Hunt,Hunt,12.333333333333334,3,6100,CLE@ATL,CLE,ATL,,,,,,RB/FLEX
81077-86278,QB,Desmond,Desmond Ridder,Ridder,,,6100,CLE@ATL,ATL,CLE,,,,,,QB
81077-61798,QB,Gardner,Gardner Minshew II,Minshew II,11.553333282470703,3,6100,JAC@PHI,PHI,JAC,,,,,,QB
81077-70051,QB,Tyler,Tyler Huntley,Huntley,12.377142769949776,7,6100,BUF@BAL,BAL,BUF,,,,,,QB
81077-64051,QB,Drew,Drew Lock,Lock,8.896666844685873,6,6100,SEA@DET,SEA,DET,,,,,,QB
81077-103564,WR,Garrett,Garrett Wilson,Wilson,14.066666920979818,3,6100,NYJ@PIT,NYJ,PIT,,,,,,WR/FLEX
81077-11500,QB,Colt,Colt McCoy,McCoy,6.0428570338657925,7,6100,ARI@CAR,ARI,CAR,IR,Calf,,,,QB
81077-27986,QB,C.J.,C.J. Beathard,Beathard,-0.10000000149011612,1,6100,JAC@PHI,JAC,PHI,,,,,,QB
81077-69017,QB,Jordan,Jordan Love,Love,2.5999999046325684,1,6100,NE@GB,GB,NE,,,,,,QB
81077-40407,QB,Joshua,Joshua Dobbs,Dobbs,,,6100,CLE@ATL,CLE,ATL,,,,,,QB
81077-22027,QB,Nick,Nick Foles,Foles,16.799999237060547,1,6100,TEN@IND,IND,TEN,,,,,,QB
81077-60947,QB,Jarrett,Jarrett Stidham,Stidham,,,6100,DEN@LV,LV,DEN,,,,,,QB
81077-40482,QB,Tim,Tim Boyle,Boyle,7.585000038146973,4,6100,SEA@DET,DET,SEA,,,,,,QB
81077-63043,WR,DJ,DJ Moore,Moore,6.766666412353516,3,6100,ARI@CAR,CAR,ARI,,,,,,WR/FLEX
81077-87691,QB,Malik,Malik Willis,Willis,-0.1599999964237213,1,6100,TEN@IND,TEN,IND,,,,,,QB
81077-61157,QB,Brett,Brett Rypien,Rypien,0,1,6100,DEN@LV,DEN,LV,,,,,,QB
81077-28434,QB,Trevor,Trevor Siemian,Siemian,15.526667277018229,6,6100,CHI@NYG,CHI,NYG,,,,,,QB
81077-53095,QB,Kyle,Kyle Allen,Allen,3.950000047683716,2,6100,LAC@HOU,HOU,LAC,,,,,,QB
81077-30761,QB,Nathan,Nathan Peterman,Peterman,0.20000000298023224,1,6000,CHI@NYG,CHI,NYG,,,,,,QB
81077-104576,QB,Sam,Sam Howell,Howell,,,6000,WAS@DAL,WAS,DAL,,,,,,QB
81077-63634,WR,Jakobi,Jakobi Meyers,Meyers,11.100000381469727,2,6000,NE@GB,NE,GB,Q,Knee,,,,WR/FLEX
81077-94396,QB,Carson,Carson Strong,Strong,,,6000,JAC@PHI,PHI,JAC,,,,,,QB
81077-45259,QB,Logan,Logan Woodside,Woodside,-0.15000000596046448,4,6000,TEN@IND,TEN,IND,,,,,,QB
81077-92362,QB,Levi,Levi Lewis,Lewis,,,6000,SEA@DET,SEA,DET,,,,,,QB
81077-170252,QB,Felix,Felix Harper,Harper,,,6000,CLE@ATL,CLE,ATL,,,,,,QB
81077-63759,RB,Tony,Tony Pollard,Pollard,10.5,3,6000,WAS@DAL,DAL,WAS,,,,,,RB/FLEX
81077-69956,WR,Michael,Michael Gallup,Gallup,8.222222222222221,9,6000,WAS@DAL,DAL,WAS,,,,,,WR/FLEX
81077-92560,QB,Sam,Sam Ehlinger,Ehlinger,0.29999999205271405,3,6000,TEN@IND,IND,TEN,,,,,,QB
81077-53729,QB,Mason,Mason Rudolph,Rudolph,9.6899995803833,2,6000,NYJ@PIT,PIT,NYJ,,,,,,QB
81077-88630,QB,Matt,Matt Corral,Corral,,,6000,ARI@CAR,CAR,ARI,IR,Foot,,,,QB
81077-94797,QB,Kellen,Kellen Mond,Mond,0.20000000298023224,1,6000,CLE@ATL,CLE,ATL,,,,,,QB
81077-139985,QB,Bailey,Bailey Zappe,Zappe,,,6000,NE@GB,NE,GB,,,,,,QB
81077-29445,QB,Sean,Sean Mannion,Mannion,12.960000038146973,1,6000,SEA@DET,SEA,DET,,,,,,QB
81077-41827,QB,P.J.,P.J. Walker,Walker,3.3560001373291017,5,6000,ARI@CAR,CAR,ARI,,,,,,QB
81077-33647,QB,Kyle,Kyle Sloter,Sloter,,,6000,JAC@PHI,JAC,PHI,,,,,,QB
81077-62364,QB,Josh,Josh Rosen,Rosen,-0.41333333651224774,3,6000,CLE@ATL,CLE,ATL,,,,,,QB
81077-29605,QB,Matt,Matt Barkley,Barkley,,,6000,BUF@BAL,BUF,BAL,,,,,,QB
81077-93103,QB,E.J.,E.J. Perry,Perry,,,6000,JAC@PHI,JAC,PHI,,,,,,QB
81077-56286,QB,Trace,Trace McSorley,McSorley,2.4800000190734863,1,6000,ARI@CAR,ARI,CAR,,,,,,QB
81077-29715,QB,Kevin,Kevin Hogan,Hogan,,,6000,LAC@HOU,HOU,LAC,,,,,,QB
81077-52342,QB,Will,Will Grier,Grier,,,6000,WAS@DAL,DAL,WAS,,,,,,QB
81077-64637,QB,Brian,Brian Lewerke,Lewerke,,,6000,CHI@NYG,NYG,CHI,,,,,,QB
81077-68741,QB,Brandon,Brandon Peters,Peters,,,6000,LAC@HOU,LAC,HOU,,,,,,QB
81077-27801,QB,Nate,Nate Sudfeld,Sudfeld,,,6000,SEA@DET,DET,SEA,,,,,,QB
81077-29915,QB,Brett,Brett Hundley,Hundley,,,6000,BUF@BAL,BAL,BUF,,,,,,QB
81077-130269,QB,Reid,Reid Sinnett,Sinnett,,,6000,JAC@PHI,PHI,JAC,,,,,,QB
81077-91468,QB,Chase,Chase Garbers,Garbers,,,6000,DEN@LV,LV,DEN,,,,,,QB
81077-103824,QB,Easton,Easton Stick,Stick,,,6000,LAC@HOU,LAC,HOU,,,,,,QB
81077-73118,QB,Ian,Ian Book,Book,4,1,6000,JAC@PHI,PHI,JAC,,,,,,QB
81077-71077,QB,Cole,Cole Kelley,Kelley,,,6000,WAS@DAL,WAS,DAL,,,,,,QB
81077-56809,WR,Allen,Allen Lazard,Lazard,10.399999618530273,2,6000,NE@GB,GB,NE,Q,Ankle,,,,WR/FLEX
81077-30253,QB,Jeff,Jeff Driskel,Driskel,0.75,2,6000,LAC@HOU,HOU,LAC,,,,,,QB
81077-89658,QB,Jack,Jack Coan,Coan,,,6000,TEN@IND,IND,TEN,,,,,,QB
81077-71232,QB,D'Eriq,D'Eriq King,King,,,6000,NE@GB,NE,GB,,,,,,QB
81077-71242,QB,Jarrett,Jarrett Guarantano,Guarantano,,,6000,ARI@CAR,ARI,CAR,,,,,,QB
81077-54879,QB,Deshaun,Deshaun Watson,Watson,,,6000,CLE@ATL,CLE,ATL,IR,Suspension,,,,QB
81077-69302,QB,Feleipe,Feleipe Franks,Franks,-0.13333333532015482,3,6000,CLE@ATL,ATL,CLE,,,,,,QB
81077-69333,QB,Jacob,Jacob Eason,Eason,0,1,6000,ARI@CAR,CAR,ARI,,,,,,QB
81077-8023,QB,Josh,Josh Johnson,Johnson,12.079999923706055,4,6000,DEN@LV,DEN,LV,,,,,,QB
81077-38767,QB,Chris,Chris Streveler,Streveler,1.0199999809265137,2,6000,NYJ@PIT,NYJ,PIT,,,,,,QB
81077-169852,QB,Davis,Davis Cheek,Cheek,,,6000,ARI@CAR,CAR,ARI,,,,,,QB
81077-38837,QB,Danny,Danny Etling,Etling,,,6000,NE@GB,GB,NE,,,,,,QB
81077-69597,QB,Anthony,Anthony Brown,Brown,,,6000,BUF@BAL,BAL,BUF,,,,,,QB
81077-63469,QB,Ben,Ben DiNucci,DiNucci,,,6000,WAS@DAL,DAL,WAS,,,,,,QB
81077-94370,WR,Romeo,Romeo Doubs,Doubs,9.266666412353516,3,5900,NE@GB,GB,NE,,,,,,WR/FLEX
81077-41305,WR,Zay,Zay Jones,Jones,10.933333079020182,3,5900,JAC@PHI,JAC,PHI,Q,Ankle,,,,WR/FLEX
81077-53639,WR,Isaiah,Isaiah McKenzie,McKenzie,10.433333079020182,3,5900,BUF@BAL,BUF,BAL,,,,,,WR/FLEX
81077-27477,WR,Sterling,Sterling Shepard,Shepard,9.299999872843424,3,5900,CHI@NYG,NYG,CHI,IR,Knee - acl,,,,WR/FLEX
81077-111540,RB,Rhamondre,Rhamondre Stevenson,Stevenson,9.133333206176758,3,5900,NE@GB,NE,GB,,,,,,RB/FLEX
81077-53097,WR,Josh,Josh Reynolds,Reynolds,9.066666920979818,3,5900,SEA@DET,DET,SEA,Q,Ankle,,,,WR/FLEX
81077-69777,WR,Darnell,Darnell Mooney,Mooney,1.566666603088379,3,5800,CHI@NYG,CHI,NYG,,,,,,WR/FLEX
81077-25267,WR,Mack,Mack Hollins,Hollins,12.386666615804037,3,5800,DEN@LV,LV,DEN,,,,,,WR/FLEX
81077-29685,WR,Robert,Robert Woods,Woods,6.066666920979817,3,5800,TEN@IND,TEN,IND,,,,,,WR/FLEX
81077-87418,WR,Joshua,Joshua Palmer,Palmer,8.766666412353516,3,5800,LAC@HOU,LAC,HOU,,,,,,WR/FLEX
81077-87787,RB,J.K.,J.K. Dobbins,Dobbins,5,1,5800,BUF@BAL,BAL,BUF,,,,,,RB/FLEX
81077-55335,TE,David,David Njoku,Njoku,8.433333079020182,3,5700,CLE@ATL,CLE,ATL,,,,,,TE/FLEX
81077-86229,WR,Jahan,Jahan Dotson,Dotson,11.466667175292969,3,5700,WAS@DAL,WAS,DAL,,,,,,WR/FLEX
81077-33260,WR,DeVante,DeVante Parker,Parker,6.5,3,5700,NE@GB,NE,GB,,,,,,WR/FLEX
81077-93539,RB,Michael,Michael Carter,Carter,8.700000127156576,3,5700,NYJ@PIT,NYJ,PIT,,,,,,RB/FLEX
81077-71032,WR,Devin,Devin Duvernay,Duvernay,13.300000508626303,3,5700,BUF@BAL,BAL,BUF,,,,,,WR/FLEX
81077-73111,WR,Chase,Chase Claypool,Claypool,6.033333460489909,3,5700,NYJ@PIT,PIT,NYJ,,,,,,WR/FLEX
81077-26251,WR,Robbie,Robbie Anderson,Anderson,7.766666412353516,3,5700,ARI@CAR,CAR,ARI,,,,,,WR/FLEX
81077-110259,WR,Treylon,Treylon Burks,Burks,5.433333079020183,3,5700,TEN@IND,TEN,IND,,,,,,WR/FLEX
81077-52917,WR,DJ,DJ Chark Jr.,Chark Jr.,6.433333079020183,3,5700,SEA@DET,DET,SEA,Q,Ankle,,,,WR/FLEX
81077-89956,RB,Travis,Travis Etienne Jr.,Etienne Jr.,7.766666412353516,3,5700,JAC@PHI,JAC,PHI,,,,,,RB/FLEX
81077-53303,RB,Matt,Matt Breida,Breida,0.7666666507720947,3,5600,CHI@NYG,NYG,CHI,,,,,,RB/FLEX
81077-86244,TE,Pat,Pat Freiermuth,Freiermuth,8.433333079020182,3,5600,NYJ@PIT,PIT,NYJ,,,,,,TE/FLEX
81077-45439,WR,Corey,Corey Davis,Davis,9.90000025431315,3,5600,NYJ@PIT,NYJ,PIT,,,,,,WR/FLEX
81077-57986,WR,Hunter,Hunter Renfrow,Renfrow,5.5,2,5600,DEN@LV,LV,DEN,Q,Concussion,,,,WR/FLEX
81077-56248,WR,Noah,Noah Brown,Brown,11.59999974568685,3,5600,WAS@DAL,DAL,WAS,,,,,,WR/FLEX
81077-29683,WR,Nelson,Nelson Agholor,Agholor,8.466666539510092,3,5600,NE@GB,NE,GB,,,,,,WR/FLEX
81077-85762,RB,Eno,Eno Benjamin,Benjamin,5.833333333333333,3,5600,ARI@CAR,ARI,CAR,,,,,,RB/FLEX
81077-86192,WR,KJ,KJ Hamler,Hamler,0,1,5500,DEN@LV,DEN,LV,,,,,,WR/FLEX
81077-53498,WR,Richie,Richie James Jr.,James Jr.,7.400000254313151,3,5500,CHI@NYG,NYG,CHI,,,,,,WR/FLEX
81077-88575,WR,Elijah,Elijah Moore,Moore,6.433333079020183,3,5500,NYJ@PIT,NYJ,PIT,,,,,,WR/FLEX
81077-54244,WR,Kenny,Kenny Golladay,Golladay,1.600000023841858,2,5500,CHI@NYG,NYG,CHI,,,,,,WR/FLEX
81077-29780,TE,Zach,Zach Ertz,Ertz,9.799999872843424,3,5500,ARI@CAR,ARI,CAR,,,,,,TE/FLEX
81077-52897,RB,Darrel,Darrel Williams,Williams,6.949999809265137,2,5500,ARI@CAR,ARI,CAR,,,,,,RB/FLEX
81077-57299,TE,Gerald,Gerald Everett,Everett,8.833333333333334,3,5500,LAC@HOU,LAC,HOU,,,,,,TE/FLEX
81077-71706,TE,T.J.,T.J. Hockenson,Hockenson,6.400000254313151,3,5400,SEA@DET,DET,SEA,Q,Foot,,,,TE/FLEX
81077-88109,RB,Gary,Gary Brightwell,Brightwell,0.699999988079071,2,5400,CHI@NYG,NYG,CHI,,,,,,RB/FLEX
81077-33047,WR,Chris,Chris Moore,Moore,4.933333396911621,3,5400,LAC@HOU,HOU,LAC,,,,,,WR/FLEX
81077-58041,RB,Mike,Mike Boone,Boone,0.3499999940395355,2,5400,DEN@LV,DEN,LV,,,,,,RB/FLEX
81077-60451,TE,Tyler,Tyler Conklin,Conklin,9.666666666666666,3,5400,NYJ@PIT,NYJ,PIT,,,,,,TE/FLEX
81077-91426,WR,Donovan,Donovan Peoples-Jones,Peoples-Jones,3.5,3,5400,CLE@ATL,CLE,ATL,,,,,,WR/FLEX
81077-64841,WR,Equanimeous,Equanimeous St. Brown,St. Brown,6.666666666666667,3,5400,CHI@NYG,CHI,NYG,,,,,,WR/FLEX
81077-22103,WR,Marvin,Marvin Jones Jr.,Jones Jr.,7.299999872843425,3,5400,JAC@PHI,JAC,PHI,,,,,,WR/FLEX
81077-71521,RB,Justice,Justice Hill,Hill,3.2333332697550454,3,5400,BUF@BAL,BAL,BUF,,,,,,RB/FLEX
81077-43334,RB,J.D.,J.D. McKissic,McKissic,7.700000127156575,3,5300,WAS@DAL,WAS,DAL,,,,,,RB/FLEX
81077-64496,WR,Olamide,Olamide Zaccheaus,Zaccheaus,6.633333206176758,3,5300,CLE@ATL,ATL,CLE,,,,,,WR/FLEX
81077-91419,WR,Nico,Nico Collins,Collins,5.5,3,5300,LAC@HOU,HOU,LAC,,,,,,WR/FLEX
81077-52808,RB,Dontrell,Dontrell Hilliard,Hilliard,12.649999618530273,2,5300,TEN@IND,TEN,IND,,,,,,RB/FLEX
81077-55042,TE,Dalton,Dalton Schultz,Schultz,5.25,2,5300,WAS@DAL,DAL,WAS,Q,Knee - pcl,,,,TE/FLEX
81077-169776,WR,Christian,Christian Watson,Watson,3.75,2,5300,NE@GB,GB,NE,,,,,,WR/FLEX
81077-69558,WR,Greg,Greg Dortch,Dortch,11.933333079020182,3,5300,ARI@CAR,ARI,CAR,,,,,,WR/FLEX
81077-61555,WR,David,David Sills V,Sills V,4.099999904632568,2,5200,CHI@NYG,NYG,CHI,,,,,,WR/FLEX
81077-70027,RB,Zack,Zack Moss,Moss,4,3,5200,BUF@BAL,BUF,BAL,,,,,,RB/FLEX
81077-80289,WR,Kendrick,Kendrick Bourne,Bourne,5,3,5200,NE@GB,NE,GB,,,,,,WR/FLEX
81077-64389,WR,Nick,Nick Westbrook-Ikhine,Westbrook-Ikhine,3.0333334604899087,3,5200,TEN@IND,TEN,IND,,,,,,WR/FLEX
81077-103342,RB,Kenneth,Kenneth Walker III,Walker III,3.6500000953674316,2,5200,SEA@DET,SEA,DET,,,,,,RB/FLEX
81077-62628,WR,DeAndre,DeAndre Carter,Carter,8.333333333333334,3,5200,LAC@HOU,LAC,HOU,,,,,,WR/FLEX
81077-104012,WR,Ashton,Ashton Dulin,Dulin,6,3,5200,TEN@IND,IND,TEN,,,,,,WR/FLEX
81077-14187,WR,A.J.,A.J. Green,Green,2.4666666984558105,3,5200,ARI@CAR,ARI,CAR,O,Knee,,,,WR/FLEX
81077-14257,WR,Randall,Randall Cobb,Cobb,4.766666730244954,3,5200,NE@GB,GB,NE,,,,,,WR/FLEX
81077-63625,RB,Nyheim,Nyheim Hines,Hines,6.533333460489909,3,5100,TEN@IND,IND,TEN,,,,,,RB/FLEX
81077-53390,WR,Zach,Zach Pascal,Pascal,2.300000031789144,3,5100,JAC@PHI,PHI,JAC,,,,,,WR/FLEX
81077-86312,WR,Alec,Alec Pierce,Pierce,3.799999952316284,2,5100,TEN@IND,IND,TEN,,,,,,WR/FLEX
81077-53640,RB,Sony,Sony Michel,Michel,2.3999999364217124,3,5100,LAC@HOU,LAC,HOU,,,,,,RB/FLEX
81077-27338,RB,Rex,Rex Burkhead,Burkhead,5.466666539510091,3,5100,LAC@HOU,HOU,LAC,,,,,,RB/FLEX
81077-85306,WR,KhaDarel,KhaDarel Hodge,Hodge,6,2,5100,CLE@ATL,ATL,CLE,,,,,,WR/FLEX
81077-56698,WR,Dante,Dante Pettis,Pettis,5.800000190734863,2,5100,CHI@NYG,CHI,NYG,,,,,,WR/FLEX
81077-61042,WR,Kendall,Kendall Hinton,Hinton,2.8499999046325684,2,5100,DEN@LV,DEN,LV,,,,,,WR/FLEX
81077-110246,WR,George,George Pickens,Pickens,3,3,5100,NYJ@PIT,PIT,NYJ,,,,,,WR/FLEX
81077-26355,TE,Logan,Logan Thomas,Thomas,6.233333587646484,3,5100,WAS@DAL,WAS,DAL,,,,,,TE/FLEX
81077-104424,RB,Craig,Craig Reynolds,Reynolds,2.8499999046325684,2,5100,SEA@DET,DET,SEA,,,,,,RB/FLEX
81077-86052,WR,Kadarius,Kadarius Toney,Toney,1.649999976158142,2,5000,CHI@NYG,NYG,CHI,O,Hamstring,,,,WR/FLEX
81077-24641,WR,Sammy,Sammy Watkins,Watkins,7.050000190734863,2,5000,NE@GB,GB,NE,IR,Hamstring,,,,WR/FLEX
81077-24755,WR,Jamison,Jamison Crowder,Crowder,2.6000000635782876,3,5000,BUF@BAL,BUF,BAL,,,,,,WR/FLEX
81077-16606,WR,DeAndre,DeAndre Hopkins,Hopkins,12.61999969482422,10,5000,ARI@CAR,ARI,CAR,IR,Suspension,,,,WR/FLEX
81077-12533,D,Green Bay,Green Bay Packers,Packers,7,3,5000,NE@GB,GB,NE,,,,,,DEF
81077-30989,RB,Kenyan,Kenyan Drake,Drake,2.950000047683716,2,5000,BUF@BAL,BAL,BUF,,,,,,RB/FLEX
81077-55748,WR,James,James Washington,Washington,4.03125,16,5000,WAS@DAL,DAL,WAS,IR,Foot,,,,WR/FLEX
81077-72297,RB,Rico,Rico Dowdle,Dowdle,,,5000,WAS@DAL,DAL,WAS,,,,,,RB/FLEX
81077-90912,RB,Kenneth,Kenneth Gainwell,Gainwell,4.366666793823242,3,5000,JAC@PHI,PHI,JAC,,,,,,RB/FLEX
81077-41872,TE,Evan,Evan Engram,Engram,5.433333079020183,3,5000,JAC@PHI,JAC,PHI,,,,,,TE/FLEX
81077-64585,TE,Dawson,Dawson Knox,Knox,3.866666793823242,3,5000,BUF@BAL,BUF,BAL,Q,Back,,,,TE/FLEX
81077-93408,WR,Rondale,Rondale Moore,Moore,5.853333536783854,15,5000,ARI@CAR,ARI,CAR,Q,Hamstring,,,,WR/FLEX
81077-40167,RB,Gus,Gus Edwards,Edwards,,,5000,BUF@BAL,BAL,BUF,NA,Knee - acl,,,,RB/FLEX
81077-91677,WR,Shi,Shi Smith,Smith,1.8666666348775227,3,5000,ARI@CAR,CAR,ARI,,,,,,WR/FLEX
81077-69295,WR,Byron,Byron Pringle,Pringle,2.1500000953674316,2,5000,CHI@NYG,CHI,NYG,IR,Calf,,,,WR/FLEX
81077-71372,WR,Tyrie,Tyrie Cleveland,Cleveland,3.799999952316284,1,5000,DEN@LV,DEN,LV,Q,Hamstring,,,,WR/FLEX
81077-91902,WR,Kyle,Kyle Philips,Philips,3.299999952316284,2,5000,TEN@IND,TEN,IND,Q,Shoulder,,,,WR/FLEX
81077-73687,WR,Quez,Quez Watkins,Watkins,4.633333206176758,3,5000,JAC@PHI,PHI,JAC,,,,,,WR/FLEX
81077-63819,WR,Darius,Darius Slayton,Slayton,4.276922959547776,13,4900,CHI@NYG,NYG,CHI,,,,,,WR/FLEX
81077-80353,TE,Robert,Robert Tonyan,Tonyan,4.633333206176758,3,4900,NE@GB,GB,NE,,,,,,TE/FLEX
81077-70422,WR,Kalif,Kalif Raymond,Raymond,0.29999999205271405,3,4900,SEA@DET,DET,SEA,,,,,,WR/FLEX
81077-70859,TE,Albert,Albert Okwuegbunam,Okwuegbunam,2.5,3,4900,DEN@LV,DEN,LV,,,,,,TE/FLEX
81077-64843,WR,Jalen,Jalen Guyton,Guyton,3.700000047683716,2,4900,LAC@HOU,LAC,HOU,IR,Knee - acl,,,,WR/FLEX
81077-112057,RB,Jaylen,Jaylen Warren,Warren,2.1666666666666665,3,4900,NYJ@PIT,PIT,NYJ,,,,,,RB/FLEX
81077-91626,RB,James,James Cook,Cook,3.1666666666666665,3,4900,BUF@BAL,BUF,BAL,,,,,,RB/FLEX
81077-95854,WR,Montrell,Montrell Washington,Washington,0.6333333253860474,3,4900,DEN@LV,DEN,LV,,,,,,WR/FLEX
81077-69276,WR,Bryan,Bryan Edwards,Edwards,0.3499999940395355,2,4900,CLE@ATL,ATL,CLE,,,,,,WR/FLEX
81077-94087,RB,DeeJay,DeeJay Dallas,Dallas,1.2666666507720947,3,4900,SEA@DET,SEA,DET,,,,,,RB/FLEX
81077-71705,TE,Noah,Noah Fant,Fant,3.2999998728434243,3,4800,SEA@DET,SEA,DET,,,,,,TE/FLEX
81077-149710,WR,Mike,Mike Strachan,Strachan,3.700000047683716,2,4800,TEN@IND,IND,TEN,,,,,,WR/FLEX
81077-12547,D,Pittsburgh,Pittsburgh Steelers,Steelers,10.333333333333334,3,4800,NYJ@PIT,PIT,NYJ,,,,,,DEF
81077-90428,RB,Tyler,Tyler Allgeier,Allgeier,3.25,2,4800,CLE@ATL,ATL,CLE,,,,,,RB/FLEX
81077-22898,RB,Brandon,Brandon Bolden,Bolden,6.449999809265137,2,4800,DEN@LV,LV,DEN,,,,,,RB/FLEX
81077-43433,RB,Boston,Boston Scott,Scott,3.2000001271565757,3,4800,JAC@PHI,PHI,JAC,Q,Ribs,,,,RB/FLEX
81077-56262,WR,Parris,Parris Campbell,Campbell,2.3999999364217124,3,4800,TEN@IND,IND,TEN,,,,,,WR/FLEX
81077-103539,WR,Wan'Dale,Wan'Dale Robinson,Robinson,1,1,4800,CHI@NYG,NYG,CHI,O,Knee,,,,WR/FLEX
81077-38264,WR,Demarcus,Demarcus Robinson,Robinson,3.5333334604899087,3,4800,BUF@BAL,BAL,BUF,,,,,,WR/FLEX
81077-56708,TE,Will,Will Dissly,Dissly,7.900000254313151,3,4800,SEA@DET,SEA,DET,,,,,,TE/FLEX
81077-32243,WR,Marquise,Marquise Goodwin,Goodwin,2.433333396911621,3,4800,SEA@DET,SEA,DET,Q,Knee,,,,WR/FLEX
81077-89613,WR,Simi,Simi Fehoko,Fehoko,1.9500000476837158,2,4800,WAS@DAL,DAL,WAS,,,,,,WR/FLEX
81077-87662,WR,Anthony,Anthony Schwartz,Schwartz,4.400000095367432,1,4800,CLE@ATL,CLE,ATL,,,,,,WR/FLEX
81077-91872,RB,Joshua,Joshua Kelley,Kelley,2.933333396911621,3,4800,LAC@HOU,LAC,HOU,,,,,,RB/FLEX
81077-79979,WR,Jamal,Jamal Agnew,Agnew,1.3333333333333333,3,4700,JAC@PHI,JAC,PHI,,,,,,WR/FLEX
81077-79998,WR,Keelan,Keelan Cole,Cole,1.7000000476837158,1,4700,DEN@LV,LV,DEN,,,,,,WR/FLEX
81077-12530,D,Dallas,Dallas Cowboys,Cowboys,7.333333333333333,3,4700,WAS@DAL,DAL,WAS,,,,,,DEF
81077-88548,WR,Jalen,Jalen Tolbert,Tolbert,0.8999999761581421,1,4700,WAS@DAL,DAL,WAS,,,,,,WR/FLEX
81077-72182,WR,Dee,Dee Eskridge,Eskridge,0.800000011920929,2,4700,SEA@DET,SEA,DET,,,,,,WR/FLEX
81077-55830,RB,D'Onta,D'Onta Foreman,Foreman,0.699999988079071,2,4700,ARI@CAR,CAR,ARI,,,,,,RB/FLEX
81077-91047,TE,Cole,Cole Kmet,Kmet,1.6666666666666667,3,4700,CHI@NYG,CHI,NYG,,,,,,TE/FLEX
81077-27671,WR,Jake,Jake Kumerow,Kumerow,4.199999809265137,2,4700,BUF@BAL,BUF,BAL,O,Ankle,,,,WR/FLEX
81077-89209,RB,Trestan,Trestan Ebner,Ebner,0.7666666507720947,3,4700,CHI@NYG,CHI,NYG,,,,,,RB/FLEX
81077-91361,RB,Hassan,Hassan Haskins,Haskins,2.0999999046325684,2,4700,TEN@IND,TEN,IND,,,,,,RB/FLEX
81077-52495,WR,Braxton,Braxton Berrios,Berrios,2.7333332697550454,3,4700,NYJ@PIT,NYJ,PIT,,,,,,WR/FLEX
81077-60838,WR,Andre,Andre Baccellia,Baccellia,2.25,2,4700,ARI@CAR,ARI,CAR,,,,,,WR/FLEX
81077-114180,WR,David,David Bell,Bell,1.100000023841858,2,4700,CLE@ATL,CLE,ATL,,,,,,WR/FLEX
81077-38523,TE,Geoff,Geoff Swaim,Swaim,6.400000095367432,2,4700,TEN@IND,TEN,IND,,,,,,TE/FLEX
81077-71444,RB,Travis,Travis Homer,Homer,2.366666634877523,3,4700,SEA@DET,SEA,DET,IR,Ribs,,,,RB/FLEX
81077-63419,WR,Andy,Andy Isabella,Isabella,1.5499999523162842,2,4700,ARI@CAR,ARI,CAR,,,,,,WR/FLEX
81077-63447,WR,Penny,Penny Hart,Hart,2,1,4700,SEA@DET,SEA,DET,,,,,,WR/FLEX
81077-86113,WR,Ihmir,Ihmir Smith-Marsette,Smith-Marsette,0,1,4600,CHI@NYG,CHI,NYG,,,,,,WR/FLEX
81077-90307,TE,Daniel,Daniel Bellinger,Bellinger,7.050000190734863,2,4600,CHI@NYG,NYG,CHI,,,,,,TE/FLEX
81077-57543,RB,D'Ernest,D'Ernest Johnson,Johnson,7.883333206176758,12,4600,CLE@ATL,CLE,ATL,,,,,,RB/FLEX
81077-170184,RB,Julius,Julius Chestnut,Chestnut,,,4600,TEN@IND,TEN,IND,,,,,,RB/FLEX
81077-88277,RB,Anthony,Anthony McFarland Jr.,McFarland Jr.,0.949999988079071,2,4600,NYJ@PIT,PIT,NYJ,,,,,,RB/FLEX
81077-149742,RB,Nate,Nate McCrary,McCrary,-0.10000000149011612,1,4600,BUF@BAL,BAL,BUF,,,,,,RB/FLEX
81077-12545,D,Philadelphia,Philadelphia Eagles,Eagles,11.666666666666666,3,4600,JAC@PHI,PHI,JAC,,,,,,DEF
81077-71957,WR,Quintez,Quintez Cephus,Cephus,8.38000030517578,5,4600,SEA@DET,DET,SEA,,,,,,WR/FLEX
81077-90408,WR,Dax,Dax Milne,Milne,0.9333333174387614,3,4600,WAS@DAL,WAS,DAL,,,,,,WR/FLEX
81077-90533,RB,Jerome,Jerome Ford,Ford,0,3,4600,CLE@ATL,CLE,ATL,,,,,,RB/FLEX
81077-92606,WR,Bo,Bo Melton,Melton,,,4600,SEA@DET,SEA,DET,,,,,,WR/FLEX
81077-90562,RB,Brian,Brian Robinson Jr.,Robinson Jr.,,,4600,WAS@DAL,WAS,DAL,IR,Knee,,,,RB/FLEX
81077-72133,WR,Antoine,Antoine Wesley,Wesley,5.588888804117839,9,4600,ARI@CAR,ARI,CAR,IR,Hip,,,,WR/FLEX
81077-31184,RB,Jonathan,Jonathan Williams,Williams,0.6000000238418579,1,4600,WAS@DAL,WAS,DAL,,,,,,RB/FLEX
81077-86518,WR,Khalil,Khalil Shakir,Shakir,0,1,4600,BUF@BAL,BUF,BAL,,,,,,WR/FLEX
81077-27229,RB,Ameer,Ameer Abdullah,Abdullah,0.9333333174387614,3,4600,DEN@LV,LV,DEN,,,,,,RB/FLEX
81077-88699,RB,Jaret,Jaret Patterson,Patterson,3.6357143947056363,14,4600,WAS@DAL,WAS,DAL,,,,,,RB/FLEX
81077-70282,WR,Demetric,Demetric Felton,Felton,0.20000000298023224,2,4600,CLE@ATL,CLE,ATL,,,,,,WR/FLEX
81077-53913,WR,Cody,Cody Hollister,Hollister,2.700000047683716,1,4600,TEN@IND,TEN,IND,Q,Back,,,,WR/FLEX
81077-23194,WR,Josh,Josh Gordon,Gordon,0,1,4600,TEN@IND,TEN,IND,,,,,,WR/FLEX
81077-55970,RB,Royce,Royce Freeman,Freeman,2.6909091255881568,11,4600,LAC@HOU,HOU,LAC,,,,,,RB/FLEX
81077-94887,RB,Tyler,Tyler Badie,Badie,,,4600,BUF@BAL,BAL,BUF,,,,,,RB/FLEX
81077-29411,TE,Pharaoh,Pharaoh Brown,Brown,3.566666603088379,3,4600,LAC@HOU,HOU,LAC,,,,,,TE/FLEX
81077-70372,WR,Chester,Chester Rogers,Rogers,0,1,4600,CLE@ATL,CLE,ATL,,,,,,WR/FLEX
81077-70383,RB,Darrynton,Darrynton Evans,Evans,2.799999952316284,1,4600,CHI@NYG,CHI,NYG,,,,,,RB/FLEX
81077-27441,RB,Damien,Damien Williams,Williams,0.20000000298023224,1,4600,CLE@ATL,ATL,CLE,IR,Ribs,,,,RB/FLEX
81077-56142,WR,Juwann,Juwann Winfree,Winfree,1.100000023841858,2,4600,NE@GB,GB,NE,,,,,,WR/FLEX
81077-64339,WR,Auden,Auden Tate,Tate,2.8499999046325684,4,4600,JAC@PHI,PHI,JAC,,,,,,WR/FLEX
81077-64350,WR,Jeff,Jeff Smith,Smith,2.200000047683716,1,4600,NYJ@PIT,NYJ,PIT,,,,,,WR/FLEX
81077-93023,RB,Jermar,Jermar Jefferson,Jefferson,5.925000190734863,4,4600,SEA@DET,DET,SEA,,,,,,RB/FLEX
81077-72627,RB,Patrick,Patrick Taylor,Taylor,4.050000190734863,4,4600,NE@GB,GB,NE,,,,,,RB/FLEX
81077-70601,TE,Harrison,Harrison Bryant,Bryant,4.400000095367432,2,4600,CLE@ATL,CLE,ATL,,,,,,TE/FLEX
81077-93134,RB,Deon,Deon Jackson,Jackson,-0.30000001192092896,1,4600,TEN@IND,IND,TEN,,,,,,RB/FLEX
81077-48116,TE,Jonnu,Jonnu Smith,Smith,3.1000000635782876,3,4600,NE@GB,NE,GB,,,,,,TE/FLEX
81077-29734,RB,Ty,Ty Montgomery,Montgomery,8.800000190734863,1,4600,NE@GB,NE,GB,IR,Knee,,,,RB/FLEX
81077-72772,RB,Avery,Avery Williams,Williams,1.3333333333333333,3,4600,CLE@ATL,ATL,CLE,,,,,,RB/FLEX
81077-40126,TE,Austin,Austin Hooper,Hooper,2.133333365122477,3,4600,TEN@IND,TEN,IND,Q,Neck,,,,TE/FLEX
81077-54472,WR,Cam,Cam Sims,Sims,0,2,4600,WAS@DAL,WAS,DAL,,,,,,WR/FLEX
81077-25813,WR,Phillip,Phillip Dorsett II,Dorsett II,1,2,4600,LAC@HOU,HOU,LAC,,,,,,WR/FLEX
81077-93404,RB,Zander,Zander Horvath,Horvath,4.799999872843425,3,4600,LAC@HOU,LAC,HOU,,,,,,RB/FLEX
81077-70889,RB,Benny,Benny Snell Jr.,Snell Jr.,1.1571429116385323,14,4600,NYJ@PIT,PIT,NYJ,,,,,,RB/FLEX
81077-29949,WR,Marvin,Marvin Hall,Hall,1.5,1,4600,JAC@PHI,JAC,PHI,,,,,,WR/FLEX
81077-64786,RB,Ryquell,Ryquell Armstead,Armstead,5.550000190734863,2,4600,JAC@PHI,JAC,PHI,,,,,,RB/FLEX
81077-60712,TE,Foster,Foster Moreau,Moreau,5.199999809265137,2,4600,DEN@LV,LV,DEN,Q,Knee,,,,TE/FLEX
81077-64827,WR,Miles,Miles Boykin,Boykin,0,1,4600,NYJ@PIT,PIT,NYJ,,,,,,WR/FLEX
81077-71031,WR,Lil'Jordan,Lil'Jordan Humphrey,Humphrey,0.800000011920929,2,4600,NE@GB,NE,GB,,,,,,WR/FLEX
81077-93577,WR,Dazz,Dazz Newsome,Newsome,1.099999984105428,3,4600,CHI@NYG,CHI,NYG,,,,,,WR/FLEX
81077-87467,RB,Chuba,Chuba Hubbard,Hubbard,0.26666667064030963,3,4600,ARI@CAR,CAR,ARI,,,,,,RB/FLEX
81077-64949,WR,Ja'Marcus,Ja'Marcus Bradley,Bradley,2.7999998728434243,3,4600,CLE@ATL,CLE,ATL,,,,,,WR/FLEX
81077-91578,RB,Zamir,Zamir White,White,0.20000000298023224,1,4600,DEN@LV,LV,DEN,,,,,,RB/FLEX
81077-87515,WR,Tylan,Tylan Wallace,Wallace,0.699999988079071,2,4600,BUF@BAL,BAL,BUF,,,,,,WR/FLEX
81077-60957,WR,KaVontae,KaVontae Turpin,Turpin,0.10000000397364299,3,4600,WAS@DAL,DAL,WAS,,,,,,WR/FLEX
81077-63050,RB,Ty,Ty Johnson,Johnson,0.8999999761581421,1,4600,NYJ@PIT,NYJ,PIT,,,,,,RB/FLEX
81077-89680,TE,Jake,Jake Ferguson,Ferguson,2.299999952316284,1,4600,WAS@DAL,DAL,WAS,,,,,,TE/FLEX
81077-87657,WR,Seth,Seth Williams,Williams,3.9000000953674316,1,4600,JAC@PHI,JAC,PHI,,,,,,WR/FLEX
81077-85672,WR,Terrace,Terrace Marshall Jr.,Marshall Jr.,2.0249999364217124,12,4600,ARI@CAR,CAR,ARI,,,,,,WR/FLEX
81077-30403,WR,Chris,Chris Conley,Conley,0,1,4600,LAC@HOU,HOU,LAC,,,,,,WR/FLEX
81077-63186,WR,James,James Proche II,Proche II,4.028571537562779,7,4600,BUF@BAL,BAL,BUF,,,,,,WR/FLEX
81077-69383,WR,Dezmon,Dezmon Patmon,Patmon,3.4000000953674316,1,4600,TEN@IND,IND,TEN,,,,,,WR/FLEX
81077-87859,WR,Laviska,Laviska Shenault Jr.,Shenault Jr.,16,1,4600,ARI@CAR,CAR,ARI,Q,Hamstring,,,,WR/FLEX
81077-26458,WR,Tavon,Tavon Austin,Austin,3.2833334604899087,12,4600,BUF@BAL,BUF,BAL,,,,,,WR/FLEX
81077-89970,WR,Amari,Amari Rodgers,Rodgers,0,3,4600,NE@GB,GB,NE,,,,,,WR/FLEX
81077-40845,TE,Hunter,Hunter Henry,Henry,1.433333396911621,3,4600,NE@GB,NE,GB,,,,,,TE/FLEX
81077-30635,RB,Mike,Mike Davis,Davis,0.75,2,4600,BUF@BAL,BAL,BUF,,,,,,RB/FLEX
81077-30678,WR,Damiere,Damiere Byrd,Byrd,4.718181956898082,11,4600,CLE@ATL,ATL,CLE,,,,,,WR/FLEX
81077-169990,WR,Cyrus,Cyrus Holder,Holder,,,4500,CHI@NYG,CHI,NYG,,,,,,WR/FLEX
81077-169991,WR,Landon,Landon Lenoir,Lenoir,,,4500,CHI@NYG,CHI,NYG,,,,,,WR/FLEX
81077-169989,WR,Henry,Henry Litwin,Litwin,,,4500,CHI@NYG,CHI,NYG,,,,,,WR/FLEX
81077-170000,WR,Shemar,Shemar Bridges,Bridges,,,4500,BUF@BAL,BAL,BUF,Q,Undisclosed,,,,WR/FLEX
81077-55323,RB,Jaylen,Jaylen Samuels,Samuels,1.2666666507720947,3,4500,ARI@CAR,ARI,CAR,,,,,,RB/FLEX
81077-86047,RB,Malik,Malik Davis,Davis,,,4500,WAS@DAL,DAL,WAS,,,,,,RB/FLEX
81077-133163,WR,Ra'Shaun,Ra'Shaun Henry,Henry,,,4500,ARI@CAR,CAR,ARI,,,,,,WR/FLEX
81077-71723,WR,Dez,Dez Fitzpatrick,Fitzpatrick,4.466666539510091,3,4500,TEN@IND,TEN,IND,,,,,,WR/FLEX
81077-63550,WR,Isaiah,Isaiah Zuber,Zuber,,,4500,DEN@LV,LV,DEN,,,,,,WR/FLEX
81077-55366,RB,Qadree,Qadree Ollison,Ollison,2.9500001271565757,6,4500,WAS@DAL,DAL,WAS,,,,,,RB/FLEX
81077-71756,WR,Aaron,Aaron Fuller,Fuller,,,4500,SEA@DET,SEA,DET,,,,,,WR/FLEX
81077-41042,WR,Marcell,Marcell Ateman,Ateman,,,4500,ARI@CAR,ARI,CAR,,,,,,WR/FLEX
81077-57432,WR,Cameron,Cameron Batson,Batson,2.5,4,4500,CLE@ATL,ATL,CLE,,,,,,WR/FLEX
81077-65627,WR,Maurice,Maurice Alexander,Alexander,,,4500,SEA@DET,DET,SEA,,,,,,WR/FLEX
81077-94310,WR,Malik,Malik Williams,Williams,,,4500,BUF@BAL,BUF,BAL,,,,,,WR/FLEX
81077-86125,WR,Brandon,Brandon Smith,Smith,,,4500,WAS@DAL,DAL,WAS,,,,,,WR/FLEX
81077-79982,RB,Alex,Alex Armah,Armah,1.4499999682108562,6,4500,WAS@DAL,WAS,DAL,Q,Undisclosed,,,,RB/FLEX
81077-79987,WR,David,David Moore,Moore,0,2,4500,CHI@NYG,CHI,NYG,Q,Lower leg,,,,WR/FLEX
81077-55414,WR,Cody,Cody Thompson,Thompson,,,4500,SEA@DET,SEA,DET,IR,Shoulder,,,,WR/FLEX
81077-69752,WR,Jalen,Jalen Virgil,Virgil,,,4500,DEN@LV,DEN,LV,,,,,,WR/FLEX
81077-104577,WR,Gunner,Gunner Olszewski,Olszewski,-0.06666666766007741,3,4500,NYJ@PIT,PIT,NYJ,,,,,,WR/FLEX
81077-84101,WR,Vyncint,Vyncint Smith,Smith,0,1,4500,DEN@LV,DEN,LV,,,,,,WR/FLEX
81077-69769,RB,Darius,Darius Bradwell,Bradwell,0,1,4500,ARI@CAR,CAR,ARI,,,,,,RB/FLEX
81077-71821,WR,Joe,Joe Reed,Reed,,,4500,LAC@HOU,LAC,HOU,,,,,,WR/FLEX
81077-112790,WR,Trevon,Trevon Clark,Clark,,,4500,BUF@BAL,BAL,BUF,,,,,,WR/FLEX
81077-28827,RB,Dare,Dare Ogunbowale,Ogunbowale,4.3599998474121096,10,4500,LAC@HOU,HOU,LAC,,,,,,RB/FLEX
81077-86173,RB,Mekhi,Mekhi Sargent,Sargent,0.2750000059604645,4,4500,JAC@PHI,JAC,PHI,,,,,,RB/FLEX
81077-63646,WR,Lawrence,Lawrence Cager,Cager,0,1,4500,NYJ@PIT,NYJ,PIT,,,,,,WR/FLEX
81077-84137,WR,Deontez,Deontez Alexander,Alexander,,,4500,SEA@DET,SEA,DET,,,,,,WR/FLEX
81077-65724,RB,JaMycal,JaMycal Hasty,Hasty,0,1,4500,JAC@PHI,JAC,PHI,,,,,,RB/FLEX
81077-170190,WR,Isaiah,Isaiah Weston,Weston,,,4500,CLE@ATL,CLE,ATL,IR,Knee,,,,WR/FLEX
81077-69836,WR,Collin,Collin Johnson,Johnson,2.2857142857142856,7,4500,CHI@NYG,NYG,CHI,IR,Achilles,,,,WR/FLEX
81077-149717,RB,JaQuan,JaQuan Hardy,Hardy,4.449999809265137,2,4500,DEN@LV,DEN,LV,,,,,,RB/FLEX
81077-28890,RB,Derek,Derek Watt,Watt,0.20000000298023224,1,4500,NYJ@PIT,PIT,NYJ,,,,,,RB/FLEX
81077-57565,RB,Austin,Austin Walter,Walter,4.5,4,4500,DEN@LV,LV,DEN,,,,,,RB/FLEX
81077-170208,WR,Kaden,Kaden Davis,Davis,,,4500,DEN@LV,DEN,LV,,,,,,WR/FLEX
81077-170209,WR,Tyreik,Tyreik McAllister,McAllister,,,4500,DEN@LV,DEN,LV,Q,Hamstring,,,,WR/FLEX
81077-170214,WR,Dennis,Dennis Houston,Houston,1.2999999523162842,2,4500,WAS@DAL,DAL,WAS,,,,,,WR/FLEX
81077-170213,RB,Aaron,Aaron Shampklin,Shampklin,,,4500,WAS@DAL,DAL,WAS,Q,Ankle,,,,RB/FLEX
81077-170219,WR,Kevin,Kevin Kassis,Kassis,,,4500,SEA@DET,SEA,DET,,,,,,WR/FLEX
81077-28907,WR,Alex,Alex Erickson,Erickson,0.5833333333333334,12,4500,WAS@DAL,WAS,DAL,,,,,,WR/FLEX
81077-12529,D,Cleveland,Cleveland Browns,Browns,6.333333333333333,3,4500,CLE@ATL,CLE,ATL,,,,,,DEF
81077-94453,RB,Darwin,Darwin Thompson,Thompson,,,4500,SEA@DET,SEA,DET,,,,,,RB/FLEX
81077-45307,WR,Rodney,Rodney Adams,Adams,0,1,4500,NYJ@PIT,NYJ,PIT,IR,Illness,,,,WR/FLEX
81077-69884,RB,Darius,Darius Anderson,Anderson,,,4500,LAC@HOU,HOU,LAC,IR,Knee,,,,RB/FLEX
81077-71935,WR,Kendric,Kendric Pryor,Pryor,,,4500,JAC@PHI,JAC,PHI,,,,,,WR/FLEX
81077-94468,WR,Savon,Savon Scarver,Scarver,,,4500,CHI@NYG,CHI,NYG,,,,,,WR/FLEX
81077-90380,WR,Neil,Neil Pau'u,Pau'u,,,4500,BUF@BAL,BUF,BAL,,,,,,WR/FLEX
81077-102696,WR,John,John Metchie III,Metchie III,,,4500,LAC@HOU,HOU,LAC,IR,Illness,,,,WR/FLEX
81077-57651,WR,Travis,Travis Fulgham,Fulgham,,,4500,NE@GB,GB,NE,,,,,,WR/FLEX
81077-45371,WR,Darius,Darius Phillips,Phillips,-0.36363636363636365,11,4500,DEN@LV,DEN,LV,Q,Hamstring,,,,WR/FLEX
81077-102721,WR,Dontario,Dontario Drummond,Drummond,,,4500,WAS@DAL,DAL,WAS,,,,,,WR/FLEX
81077-102729,RB,Snoop,Snoop Conner,Conner,,,4500,JAC@PHI,JAC,PHI,,,,,,RB/FLEX
81077-90458,RB,Troy,Troy Hairston,Hairston,1,1,4500,LAC@HOU,HOU,LAC,,,,,,RB/FLEX
81077-102762,RB,Kevin,Kevin Harris,Harris,,,4500,NE@GB,NE,GB,,,,,,RB/FLEX
81077-88430,RB,CJ,CJ Verdell,Verdell,,,4500,TEN@IND,IND,TEN,,,,,,RB/FLEX
81077-39286,TE,O.J.,O.J. Howard,Howard,6,3,4500,LAC@HOU,HOU,LAC,,,,,,TE/FLEX
81077-90487,WR,Kalil,Kalil Pimpleton,Pimpleton,,,4500,CHI@NYG,NYG,CHI,,,,,,WR/FLEX
81077-92545,RB,Keaontay,Keaontay Ingram,Ingram,,,4500,ARI@CAR,ARI,CAR,,,,,,RB/FLEX
81077-47501,WR,Marken,Marken Michel,Michel,,,4500,WAS@DAL,WAS,DAL,,,,,,WR/FLEX
81077-53646,WR,Austin,Austin Proehl,Proehl,,,4500,CHI@NYG,NYG,CHI,Q,Undisclosed,,,,WR/FLEX
81077-88463,WR,Johnny,Johnny Johnson III,Johnson III,,,4500,LAC@HOU,HOU,LAC,,,,,,WR/FLEX
81077-102802,WR,Makai,Makai Polk,Polk,,,4500,CHI@NYG,NYG,CHI,,,,,,WR/FLEX
81077-90518,WR,Slade,Slade Bolden,Bolden,,,4500,BUF@BAL,BAL,BUF,IR,Undisclosed,,,,WR/FLEX
81077-80281,WR,C.J.,C.J. Board,Board,1.2833333015441895,6,4500,ARI@CAR,ARI,CAR,,,,,,WR/FLEX
81077-47523,WR,Tajae,Tajae Sharpe,Sharpe,2.5357142857142856,14,4500,CHI@NYG,CHI,NYG,,,,,,WR/FLEX
81077-80299,RB,Patrick,Patrick Ricard,Ricard,1.1333333651224773,3,4500,BUF@BAL,BAL,BUF,,,,,,RB/FLEX
81077-63919,WR,Bailey,Bailey Gaither,Gaither,,,4500,CHI@NYG,NYG,CHI,,,,,,WR/FLEX
81077-92590,RB,Raheem,Raheem Blackshear,Blackshear,,,4500,ARI@CAR,CAR,ARI,,,,,,RB/FLEX
81077-72122,WR,Jake,Jake Herslow,Herslow,,,4500,SEA@DET,SEA,DET,,,,,,WR/FLEX
81077-55750,WR,Chris,Chris Lacy,Lacy,,,4500,DEN@LV,LV,DEN,,,,,,WR/FLEX
81077-72135,WR,T.J.,T.J. Vasher,Vasher,,,4500,WAS@DAL,DAL,WAS,,,,,,WR/FLEX
81077-86472,WR,John,John Hightower,Hightower,0,1,4500,LAC@HOU,LAC,HOU,,,,,,WR/FLEX
81077-41426,RB,Phillip,Phillip Lindsay,Lindsay,3.1000001089913503,14,4500,TEN@IND,IND,TEN,,,,,,RB/FLEX
81077-109015,WR,Keric,Keric Wheatfall,Wheatfall,,,4500,JAC@PHI,PHI,JAC,Q,Undisclosed,,,,WR/FLEX
81077-14820,RB,Nick,Nick Bellore,Bellore,0.8999999761581421,1,4500,SEA@DET,SEA,DET,,,,,,RB/FLEX
81077-152042,WR,Drew,Drew Estrada,Estrada,,,4500,LAC@HOU,HOU,LAC,Q,Leg,,,,WR/FLEX
81077-72174,WR,Andrew,Andrew Parchment,Parchment,,,4500,ARI@CAR,CAR,ARI,Q,Undisclosed,,,,WR/FLEX
81077-113138,WR,Talolo,Talolo Limu-Jones,Limu-Jones,,,4500,ARI@CAR,CAR,ARI,,,,,,WR/FLEX
81077-88590,RB,Scottie,Scottie Phillips,Phillips,1.600000023841858,2,4500,LAC@HOU,HOU,LAC,,,,,,RB/FLEX
81077-96798,RB,Josh,Josh Johnson,Johnson,,,4500,SEA@DET,SEA,DET,Q,Undisclosed,,,,RB/FLEX
81077-72235,WR,Damon,Damon Hazelton,Hazelton,,,4500,LAC@HOU,HOU,LAC,,,,,,WR/FLEX
81077-160306,RB,Pierre,Pierre Strong Jr.,Strong Jr.,0,1,4500,NE@GB,NE,GB,,,,,,RB/FLEX
81077-70206,RB,Jason,Jason Huntley,Huntley,5.099999904632568,1,4500,NYJ@PIT,PIT,NYJ,,,,,,RB/FLEX
81077-150090,WR,Cade,Cade Johnson,Johnson,,,4500,SEA@DET,SEA,DET,,,,,,WR/FLEX
81077-86614,RB,Jeremiah,Jeremiah Hall,Hall,,,4500,CHI@NYG,NYG,CHI,,,,,,RB/FLEX
81077-62042,WR,Deon,Deon Cain,Cain,,,4500,JAC@PHI,PHI,JAC,,,,,,WR/FLEX
81077-86635,WR,Charleston,Charleston Rambo,Rambo,,,4500,ARI@CAR,CAR,ARI,,,,,,WR/FLEX
81077-86634,RB,TJ,TJ Pledger,Pledger,,,4500,ARI@CAR,ARI,CAR,,,,,,RB/FLEX
81077-86646,RB,Trey,Trey Sermon,Sermon,5.3599998474121096,5,4500,JAC@PHI,PHI,JAC,,,,,,RB/FLEX
81077-86657,RB,Kennedy,Kennedy Brooks,Brooks,,,4500,JAC@PHI,PHI,JAC,,,,,,RB/FLEX
81077-88707,RB,Kevin,Kevin Marks Jr.,Marks Jr.,,,4500,LAC@HOU,LAC,HOU,,,,,,RB/FLEX
81077-27273,RB,Andy,Andy Janovich,Janovich,2.0799999237060547,5,4500,LAC@HOU,HOU,LAC,,,,,,RB/FLEX
81077-94864,RB,Jashaun,Jashaun Corbin,Corbin,,,4500,CHI@NYG,NYG,CHI,,,,,,RB/FLEX
81077-64147,WR,Britain,Britain Covey,Covey,0,3,4500,JAC@PHI,PHI,JAC,,,,,,WR/FLEX
81077-96942,WR,Keelan,Keelan Doss,Doss,,,4500,CHI@NYG,NYG,CHI,,,,,,WR/FLEX
81077-72370,RB,J.J.,J.J. Taylor,Taylor,3.3,5,4500,NE@GB,NE,GB,,,,,,RB/FLEX
81077-72382,RB,Gabe,Gabe Nabers,Nabers,0.8,5,4500,LAC@HOU,LAC,HOU,,,,,,RB/FLEX
81077-80584,WR,Lance,Lance Lenoir,Lenoir,,,4500,JAC@PHI,PHI,JAC,Q,Undisclosed,,,,WR/FLEX
81077-88776,WR,Ty,Ty Fryfogle,Fryfogle,,,4500,WAS@DAL,DAL,WAS,Q,Undisclosed,,,,WR/FLEX
81077-53967,RB,Nick,Nick Bawden,Bawden,2.5,1,4500,NYJ@PIT,NYJ,PIT,IR,Undisclosed,,,,RB/FLEX
81077-88793,RB,Stevie,Stevie Scott III,Scott III,,,4500,DEN@LV,DEN,LV,,,,,,RB/FLEX
81077-94936,RB,Larry,Larry Rountree III,Rountree III,1.677777820163303,9,4500,LAC@HOU,LAC,HOU,,,,,,RB/FLEX
81077-92890,WR,Cody,Cody White,White,1.933333396911621,3,4500,NYJ@PIT,PIT,NYJ,,,,,,WR/FLEX
81077-64222,RB,Jordan,Jordan Glasgow,Glasgow,,,4500,TEN@IND,IND,TEN,Q,Undisclosed,,,,RB/FLEX
81077-45791,WR,Rashard,Rashard Higgins,Higgins,3.7916666666666665,12,4500,ARI@CAR,CAR,ARI,,,,,,WR/FLEX
81077-56041,RB,Khari,Khari Blasingame,Blasingame,0,4,4500,CHI@NYG,CHI,NYG,,,,,,RB/FLEX
81077-64242,WR,Keke,Keke Coutee,Coutee,0,1,4500,TEN@IND,IND,TEN,,,,,,WR/FLEX
81077-90870,WR,Calvin,Calvin Austin III,Austin III,,,4500,NYJ@PIT,PIT,NYJ,IR,Foot,,,,WR/FLEX
81077-94975,WR,Stephon,Stephon Robinson Jr.,Robinson Jr.,,,4500,ARI@CAR,ARI,CAR,,,,,,WR/FLEX
81077-72453,WR,Denzel,Denzel Mims,Mims,1.7299999237060546,10,4500,NYJ@PIT,NYJ,PIT,,,,,,WR/FLEX
81077-41741,WR,DaeSean,DaeSean Hamilton,Hamilton,,,4500,LAC@HOU,HOU,LAC,Q,Knee,,,,WR/FLEX
81077-111377,RB,De'Montre,De'Montre Tuggle,Tuggle,,,4500,CHI@NYG,CHI,NYG,,,,,,RB/FLEX
81077-70426,RB,Reggie,Reggie Gilliam,Gilliam,5.949999809265137,2,4500,BUF@BAL,BUF,BAL,,,,,,RB/FLEX
81077-82731,WR,Brandon,Brandon Zylstra,Zylstra,4.444444444444445,9,4500,ARI@CAR,CAR,ARI,,,,,,WR/FLEX
81077-158520,WR,Daylen,Daylen Baldwin,Baldwin,,,4500,CLE@ATL,CLE,ATL,,,,,,WR/FLEX
81077-72515,TE,Ian,Ian Thomas,Thomas,3.4666665395100913,3,4500,ARI@CAR,CAR,ARI,,,,,,TE/FLEX
81077-41806,WR,Laquon,Laquon Treadwell,Treadwell,5.491666793823242,12,4500,NE@GB,NE,GB,,,,,,WR/FLEX
81077-103252,RB,Zonovan,Zonovan Knight,Knight,,,4500,NYJ@PIT,NYJ,PIT,,,,,,RB/FLEX
81077-93016,RB,B.J.,B.J. Baylor,Baylor,,,4500,CLE@ATL,ATL,CLE,,,,,,RB/FLEX
81077-95092,WR,Tyler,Tyler Snead,Snead,,,4500,NYJ@PIT,PIT,NYJ,,,,,,WR/FLEX
81077-93055,WR,Isaiah,Isaiah Hodgins,Hodgins,,,4500,BUF@BAL,BUF,BAL,,,,,,WR/FLEX
81077-91012,RB,Greg,Greg Bell,Bell,,,4500,SEA@DET,DET,SEA,IR,Hamstring,,,,RB/FLEX
81077-43912,WR,Chad,Chad Beebe,Beebe,,,4500,LAC@HOU,HOU,LAC,,,,,,WR/FLEX
81077-41867,RB,Jordan,Jordan Wilkins,Wilkins,0,1,4500,TEN@IND,TEN,IND,,,,,,RB/FLEX
81077-45964,WR,Marcus,Marcus Kemp,Kemp,0.6800000190734863,5,4500,CHI@NYG,NYG,CHI,Q,Hamstring,,,,WR/FLEX
81077-64403,WR,Irvin,Irvin Charles,Charles,,,4500,NYJ@PIT,NYJ,PIT,,,,,,WR/FLEX
81077-88995,WR,Reggie,Reggie Roberson Jr.,Roberson Jr.,,,4500,CHI@NYG,CHI,NYG,,,,,,WR/FLEX
81077-91055,WR,Kevin,Kevin Austin Jr.,Austin Jr.,,,4500,JAC@PHI,JAC,PHI,,,,,,WR/FLEX
81077-93112,RB,Mataeo,Mataeo Durant,Durant,,,4500,NYJ@PIT,PIT,NYJ,,,,,,RB/FLEX
81077-103352,RB,Christian,Christian Wade,Wade,,,4500,BUF@BAL,BUF,BAL,,,,,,RB/FLEX
81077-43973,RB,Keith,Keith Smith,Smith,1.199999982660467,11,4500,CLE@ATL,ATL,CLE,,,,,,RB/FLEX
81077-86984,WR,Devon,Devon Williams,Williams,,,4500,BUF@BAL,BAL,BUF,,,,,,WR/FLEX
81077-91085,WR,Michael,Michael Young Jr.,Young Jr.,,,4500,TEN@IND,IND,TEN,,,,,,WR/FLEX
81077-138189,WR,Changa,Changa Hodge,Hodge,,,4500,ARI@CAR,ARI,CAR,,,,,,WR/FLEX
81077-41936,WR,Anthony,Anthony Miller,Miller,3.8333333333333335,3,4500,NYJ@PIT,PIT,NYJ,IR,Shoulder,,,,WR/FLEX
81077-56289,RB,Jason,Jason Cabinda,Cabinda,1.6999999455043249,7,4500,SEA@DET,DET,SEA,NA,Ankle,,,,RB/FLEX
81077-41954,WR,Victor,Victor Bolden Jr.,Bolden Jr.,,,4500,ARI@CAR,ARI,CAR,Q,Undisclosed,,,,WR/FLEX
81077-93187,RB,D'vonte,D'vonte Price,Price,,,4500,TEN@IND,IND,TEN,,,,,,RB/FLEX
81077-70661,WR,Velus,Velus Jones Jr.,Jones Jr.,,,4500,CHI@NYG,CHI,NYG,Q,Hamstring,,,,WR/FLEX
81077-70663,WR,Frank,Frank Darby,Darby,0.949999988079071,2,4500,CLE@ATL,ATL,CLE,,,,,,WR/FLEX
81077-70662,WR,Tyler,Tyler Vaughns,Vaughns,,,4500,NYJ@PIT,PIT,NYJ,,,,,,WR/FLEX
81077-111631,WR,Jameson,Jameson Williams,Williams,,,4500,SEA@DET,DET,SEA,IR,Knee - acl,,,,WR/FLEX
81077-70680,WR,Jalen,Jalen Camp,Camp,,,4500,LAC@HOU,HOU,LAC,,,,,,WR/FLEX
81077-56356,WR,Isaiah,Isaiah Ford,Ford,3.4099998474121094,10,4500,TEN@IND,IND,TEN,,,,,,WR/FLEX
81077-89127,WR,Justin,Justin Hall,Hall,,,4500,DEN@LV,LV,DEN,,,,,,WR/FLEX
81077-154661,WR,Michael,Michael Bandy,Bandy,0,1,4500,LAC@HOU,LAC,HOU,,,,,,WR/FLEX
81077-64555,WR,Calvin,Calvin Ridley,Ridley,11.11999969482422,5,4500,CLE@ATL,ATL,CLE,IR,Suspension,,,,WR/FLEX
81077-152631,WR,Samori,Samori Toure,Toure,,,4500,NE@GB,GB,NE,,,,,,WR/FLEX
81077-89157,RB,Caleb,Caleb Huntley,Huntley,0.30000001192092896,1,4500,CLE@ATL,ATL,CLE,,,,,,RB/FLEX
81077-27721,WR,Justin,Justin Hardee Sr.,Hardee Sr.,0,1,4500,NYJ@PIT,NYJ,PIT,,,,,,WR/FLEX
81077-87112,WR,Josh,Josh Ali,Ali,,,4500,CLE@ATL,ATL,CLE,,,,,,WR/FLEX
81077-72780,RB,Josh,Josh Hokit,Hokit,,,4500,ARI@CAR,ARI,CAR,,,,,,RB/FLEX
81077-68686,WR,C.J.,C.J. Saunders,Saunders,2.0999999046325684,1,4500,ARI@CAR,CAR,ARI,,,,,,WR/FLEX
81077-87122,WR,Lynn,Lynn Bowden Jr.,Bowden Jr.,,,4500,NE@GB,NE,GB,,,,,,WR/FLEX
81077-89172,RB,John,John Lovett,Lovett,,,4500,ARI@CAR,CAR,ARI,,,,,,RB/FLEX
81077-68694,RB,Antonio,Antonio Williams,Williams,,,4500,CHI@NYG,NYG,CHI,,,,,,RB/FLEX
81077-91225,RB,Kylin,Kylin Hill,Hill,0.42500001192092896,8,4500,NE@GB,GB,NE,NA,Knee - acl,,,,RB/FLEX
81077-68712,WR,Tyler,Tyler Johnson,Johnson,3.588235294117647,17,4500,LAC@HOU,HOU,LAC,,,,,,WR/FLEX
81077-64627,WR,Scotty,Scotty Washington,Washington,,,4500,NE@GB,NE,GB,,,,,,WR/FLEX
81077-64634,WR,Alex,Alex Bachman,Bachman,-0.30000001192092896,1,4500,CHI@NYG,NYG,CHI,,,,,,WR/FLEX
81077-42107,WR,Robert,Robert Foster,Foster,,,4500,CHI@NYG,NYG,CHI,Q,Hamstring,,,,WR/FLEX
81077-89220,WR,Tyquan,Tyquan Thornton,Thornton,,,4500,NE@GB,NE,GB,IR,Collarbone,,,,WR/FLEX
81077-111756,WR,JaVonta,JaVonta Payton,Payton,,,4500,ARI@CAR,ARI,CAR,,,,,,WR/FLEX
81077-83091,RB,Trenton,Trenton Cannon,Cannon,0,1,4500,TEN@IND,TEN,IND,IR,Knee,,,,RB/FLEX
81077-105648,RB,Tyler,Tyler Goodson,Goodson,,,4500,NE@GB,GB,NE,,,,,,RB/FLEX
81077-52409,RB,Jakob,Jakob Johnson,Johnson,0.6000000238418579,1,4500,DEN@LV,LV,DEN,,,,,,RB/FLEX
81077-52410,WR,Josh,Josh Malone,Malone,,,4500,TEN@IND,TEN,IND,,,,,,WR/FLEX
81077-40148,WR,Ishmael,Ishmael Hyman,Hyman,,,4500,NE@GB,GB,NE,Q,Undisclosed,,,,WR/FLEX
81077-70868,RB,Damarea,Damarea Crockett,Crockett,0.699999988079071,1,4500,DEN@LV,DEN,LV,IR,Knee - acl,,,,RB/FLEX
81077-130265,WR,John,John Hurst,Hurst,,,4500,TEN@IND,IND,TEN,Q,Ankle,,,,WR/FLEX
81077-95455,WR,D.J.,D.J. Montgomery,Montgomery,5.099999904632568,1,4500,TEN@IND,IND,TEN,,,,,,WR/FLEX
81077-130275,WR,Kristian,Kristian Wilkerson,Wilkerson,18.200000762939453,1,4500,NE@GB,NE,GB,IR,Concussion,,,,WR/FLEX
81077-130274,WR,Isaiah,Isaiah Coulter,Coulter,0,1,4500,CHI@NYG,CHI,NYG,,,,,,WR/FLEX
81077-130276,WR,Mason,Mason Kinsey,Kinsey,,,4500,TEN@IND,TEN,IND,,,,,,WR/FLEX
81077-130279,WR,Matt,Matt Cole,Cole,,,4500,WAS@DAL,WAS,DAL,,,,,,WR/FLEX
81077-25837,RB,Duke,Duke Johnson,Johnson,11.419999694824218,5,4500,BUF@BAL,BUF,BAL,,,,,,RB/FLEX
81077-101614,WR,Brandon,Brandon Lewis,Lewis,,,4500,TEN@IND,TEN,IND,,,,,,WR/FLEX
81077-11504,WR,Andre,Andre Roberts,Roberts,0,1,4500,ARI@CAR,CAR,ARI,IR,Knee - pcl,,,,WR/FLEX
81077-56580,WR,Christian,Christian Blake,Blake,0.6428571428571429,7,4500,NYJ@PIT,PIT,NYJ,,,,,,WR/FLEX
81077-130317,WR,Juwan,Juwan Green,Green,,,4500,TEN@IND,TEN,IND,,,,,,WR/FLEX
81077-60704,WR,Derrick,Derrick Dillon,Dillon,,,4500,CLE@ATL,CLE,ATL,,,,,,WR/FLEX
81077-60705,WR,Tyron,Tyron Johnson,Johnson,0.32499998807907104,8,4500,DEN@LV,LV,DEN,,,,,,WR/FLEX
81077-130336,RB,Sandro,Sandro Platzgummer,Platzgummer,,,4500,CHI@NYG,NYG,CHI,,,,,,RB/FLEX
81077-130338,WR,Rysen,Rysen John,John,,,4500,CHI@NYG,CHI,NYG,,,,,,WR/FLEX
81077-68901,RB,Gerrid,Gerrid Doaks,Doaks,,,4500,LAC@HOU,HOU,LAC,,,,,,RB/FLEX
81077-91428,WR,Tarik,Tarik Black,Black,1.5,1,4500,NYJ@PIT,NYJ,PIT,,,,,,WR/FLEX
81077-46374,WR,Tanner,Tanner Gentry,Gentry,,,4500,BUF@BAL,BUF,BAL,,,,,,WR/FLEX
81077-91431,RB,Ben,Ben Mason,Mason,,,4500,BUF@BAL,BAL,BUF,,,,,,RB/FLEX
81077-130343,WR,Jeff,Jeff Cotton Jr.,Cotton Jr.,,,4500,ARI@CAR,ARI,CAR,,,,,,WR/FLEX
81077-89384,WR,DeMichael,DeMichael Harris,Harris,,,4500,TEN@IND,IND,TEN,,,,,,WR/FLEX
81077-111917,WR,Keshunn,Keshunn Abram,Abram,,,4500,NYJ@PIT,NYJ,PIT,,,,,,WR/FLEX
81077-130350,WR,Jaylon,Jaylon Moore,Moore,,,4500,JAC@PHI,JAC,PHI,,,,,,WR/FLEX
81077-64828,WR,Chris,Chris Finke,Finke,,,4500,CHI@NYG,CHI,NYG,,,,,,WR/FLEX
81077-64835,RB,Dexter,Dexter Williams,Williams,,,4500,NE@GB,GB,NE,,,,,,RB/FLEX
81077-56648,RB,Jeremy,Jeremy McNichols,McNichols,4.584615267240084,13,4500,NYJ@PIT,PIT,NYJ,IR,Shoulder,,,,RB/FLEX
81077-52560,WR,Geronimo,Geronimo Allison,Allison,0,1,4500,CLE@ATL,ATL,CLE,,,,,,WR/FLEX
81077-103764,WR,Jared,Jared Smart,Smart,,,4500,ARI@CAR,ARI,CAR,,,,,,WR/FLEX
81077-73046,WR,Tre,Tre Nixon,Nixon,,,4500,NE@GB,NE,GB,,,,,,WR/FLEX
81077-89437,WR,Tim,Tim Jones,Jones,,,4500,JAC@PHI,JAC,PHI,,,,,,WR/FLEX
81077-93538,WR,Dyami,Dyami Brown,Brown,2.4555555979410806,9,4500,WAS@DAL,WAS,DAL,,,,,,WR/FLEX
81077-71039,WR,Kelvin,Kelvin Harmon,Harmon,,,4500,WAS@DAL,WAS,DAL,,,,,,WR/FLEX
81077-73088,WR,Kekoa,Kekoa Crawford,Crawford,,,4500,TEN@IND,IND,TEN,,,,,,WR/FLEX
81077-73095,WR,Samson,Samson Nacua,Nacua,,,4500,TEN@IND,IND,TEN,,,,,,WR/FLEX
81077-64907,WR,J.J.,J.J. Arcega-Whiteside,Arcega-Whiteside,1.149999976158142,4,4500,SEA@DET,SEA,DET,,,,,,WR/FLEX
81077-56716,WR,Brayden,Brayden Lenius,Lenius,,,4500,CLE@ATL,ATL,CLE,,,,,,WR/FLEX
81077-93594,RB,Leddie,Leddie Brown,Brown,,,4500,LAC@HOU,LAC,HOU,,,,,,RB/FLEX
81077-73116,WR,Javon,Javon McKinley,McKinley,,,4500,NYJ@PIT,PIT,NYJ,Q,Undisclosed,,,,WR/FLEX
81077-64926,WR,Michael,Michael Jacquet III,Jacquet III,,,4500,LAC@HOU,LAC,HOU,,,,,,WR/FLEX
81077-87469,TE,Jelani,Jelani Woods,Woods,14.300000190734863,1,4500,TEN@IND,IND,TEN,,,,,,TE/FLEX
81077-40365,WR,Devon,Devon Allen,Allen,,,4500,JAC@PHI,PHI,JAC,,,,,,WR/FLEX
81077-114100,RB,Isaiah,Isaiah Spiller,Spiller,,,4500,LAC@HOU,LAC,HOU,,,,,,RB/FLEX
81077-69068,RB,Jonathan,Jonathan Ward,Ward,1.3666666348775227,6,4500,ARI@CAR,ARI,CAR,,,,,,RB/FLEX
81077-103896,WR,Nsimba,Nsimba Webster,Webster,0,3,4500,CHI@NYG,CHI,NYG,,,,,,WR/FLEX
81077-103901,WR,Davion,Davion Davis,Davis,1.100000023841858,2,4500,LAC@HOU,HOU,LAC,Q,Hamstring,,,,WR/FLEX
81077-73180,WR,Binjimen,Binjimen Victor,Victor,,,4500,BUF@BAL,BAL,BUF,,,,,,WR/FLEX
81077-71143,TE,Kylen,Kylen Granson,Granson,2.6000000635782876,3,4500,TEN@IND,IND,TEN,,,,,,TE/FLEX
81077-32235,WR,Marcus,Marcus Johnson,Johnson,2.8999998910086497,7,4500,CHI@NYG,NYG,CHI,,,,,,WR/FLEX
81077-40434,WR,Greg,Greg Ward,Ward,3.4533333248562283,9,4500,JAC@PHI,PHI,JAC,Q,Toe,,,,WR/FLEX
81077-62967,WR,Preston,Preston Williams,Williams,1.8000000317891438,6,4500,ARI@CAR,CAR,ARI,,,,,,WR/FLEX
81077-103930,WR,Derek,Derek Wright,Wright,,,4500,ARI@CAR,CAR,ARI,,,,,,WR/FLEX
81077-103943,WR,Trinity,Trinity Benson,Benson,2.1857143129621233,7,4500,SEA@DET,DET,SEA,Q,Undisclosed,,,,WR/FLEX
81077-62994,WR,Steven,Steven Sims Jr.,Sims Jr.,,,4500,NYJ@PIT,PIT,NYJ,,,,,,WR/FLEX
81077-69150,WR,Jordan,Jordan Veasy,Veasy,0,1,4500,DEN@LV,LV,DEN,,,,,,WR/FLEX
81077-54817,WR,Diontae,Diontae Spencer,Spencer,-0.25333333015441895,15,4500,NYJ@PIT,NYJ,PIT,,,,,,WR/FLEX
81077-60977,RB,Ty'Son,Ty'Son Williams,Williams,5.342857360839844,7,4500,TEN@IND,IND,TEN,,,,,,RB/FLEX
81077-63025,RB,Nathan,Nathan Cottrell,Cottrell,0.30000001192092896,1,4500,JAC@PHI,JAC,PHI,Q,Undisclosed,,,,RB/FLEX
81077-69168,WR,N'Keal,N'Keal Harry,Harry,2.2399999618530275,10,4500,CHI@NYG,CHI,NYG,IR,Ankle,,,,WR/FLEX
81077-71228,WR,Marquez,Marquez Stevenson,Stevenson,0,5,4500,BUF@BAL,BUF,BAL,IR,Foot,,,,WR/FLEX
81077-89663,WR,Danny,Danny Davis,Davis,,,4500,NE@GB,GB,NE,Q,Ankle,,,,WR/FLEX
81077-87617,WR,Sage,Sage Surratt,Surratt,,,4500,LAC@HOU,LAC,HOU,Q,Undisclosed,,,,WR/FLEX
81077-93767,WR,Calvin,Calvin Jackson Jr.,Jackson Jr.,,,4500,NYJ@PIT,NYJ,PIT,,,,,,WR/FLEX
81077-71241,WR,Brandon,Brandon Johnson,Johnson,,,4500,DEN@LV,DEN,LV,Q,Ankle,,,,WR/FLEX
81077-54863,WR,C.J.,C.J. Goodwin,Goodwin,2.0999999046325684,1,4500,WAS@DAL,DAL,WAS,,,,,,WR/FLEX
81077-69205,WR,Trevon,Trevon Bradford,Bradford,,,4500,LAC@HOU,LAC,HOU,,,,,,WR/FLEX
81077-93782,WR,Travell,Travell Harris,Harris,,,4500,CLE@ATL,CLE,ATL,,,,,,WR/FLEX
81077-87649,WR,Jaquarii,Jaquarii Roberson,Roberson,,,4500,NYJ@PIT,PIT,NYJ,,,,,,WR/FLEX
81077-93814,RB,Max,Max Borghi,Borghi,,,4500,NYJ@PIT,PIT,NYJ,,,,,,RB/FLEX
81077-104054,RB,Sincere,Sincere McCormick,McCormick,,,4500,DEN@LV,LV,DEN,IR,Undisclosed,,,,RB/FLEX
81077-93824,WR,Easop,Easop Winston,Winston,0.3333333333333333,3,4500,CLE@ATL,CLE,ATL,,,,,,WR/FLEX
81077-61060,RB,Devine,Devine Ozigbo,Ozigbo,0.8999999761581421,1,4500,DEN@LV,DEN,LV,,,,,,RB/FLEX
81077-85636,WR,Josh,Josh Johnson,Johnson,,,4500,SEA@DET,DET,SEA,,,,,,WR/FLEX
81077-52902,WR,Trey,Trey Quinn,Quinn,,,4500,DEN@LV,DEN,LV,,,,,,WR/FLEX
81077-93864,RB,Ricky,Ricky Person Jr.,Person Jr.,,,4500,BUF@BAL,BAL,BUF,IR,Undisclosed,,,,RB/FLEX
81077-7856,WR,Matthew,Matthew Slater,Slater,,,4500,NE@GB,NE,GB,,,,,,WR/FLEX
81077-69296,WR,Corey,Corey Sutton,Sutton,,,4500,SEA@DET,DET,SEA,,,,,,WR/FLEX
81077-87731,WR,Dominique,Dominique Robinson,Robinson,,,4500,CHI@NYG,CHI,NYG,,,,,,WR/FLEX
81077-85687,WR,Jontre,Jontre Kirklin,Kirklin,,,4500,ARI@CAR,ARI,CAR,,,,,,WR/FLEX
81077-89785,RB,Spencer,Spencer Brown,Brown,,,4500,ARI@CAR,CAR,ARI,Q,Ankle,,,,RB/FLEX
81077-104124,WR,Darrius,Darrius Shepherd,Shepherd,,,4500,DEN@LV,DEN,LV,,,,,,WR/FLEX
81077-71359,WR,Javon,Javon Wims,Wims,,,4500,ARI@CAR,ARI,CAR,,,,,,WR/FLEX
81077-69310,WR,Josh,Josh Hammond,Hammond,,,4500,NE@GB,NE,GB,,,,,,WR/FLEX
81077-71367,RB,La'Mical,La'Mical Perine,Perine,1.5499999523162842,2,4500,JAC@PHI,PHI,JAC,,,,,,RB/FLEX
81077-81616,WR,Rashard,Rashard Davis,Davis,,,4500,NYJ@PIT,NYJ,PIT,,,,,,WR/FLEX
81077-85714,RB,Tory,Tory Carter,Carter,0,1,4500,TEN@IND,TEN,IND,,,,,,RB/FLEX
81077-71382,WR,Osirus,Osirus Mitchell,Mitchell,,,4500,NE@GB,GB,NE,Q,Quadriceps,,,,WR/FLEX
81077-85731,WR,Racey,Racey McMath,McMath,-0.04000000059604645,5,4500,TEN@IND,TEN,IND,IR,Undisclosed,,,,WR/FLEX
81077-57064,RB,Ryan,Ryan Nall,Nall,0.6499999761581421,2,4500,WAS@DAL,DAL,WAS,Q,Shoulder,,,,RB/FLEX
81077-91897,WR,Ethan,Ethan Fernea,Fernea,,,4500,TEN@IND,IND,TEN,,,,,,WR/FLEX
81077-57091,WR,Tim,Tim Patrick,Patrick,8.118749618530273,16,4500,DEN@LV,DEN,LV,IR,Knee - acl,,,,WR/FLEX
81077-87813,RB,Master,Master Teague III,Teague III,,,4500,NYJ@PIT,PIT,NYJ,Q,Ankle,,,,RB/FLEX
81077-26384,RB,Trey,Trey Edmunds,Edmunds,,,4500,NYJ@PIT,PIT,NYJ,,,,,,RB/FLEX
81077-61200,WR,Jaylinn,Jaylinn Hawkins,Hawkins,,,4500,CLE@ATL,ATL,CLE,,,,,,WR/FLEX
81077-40726,RB,Godwin,Godwin Igwebuike,Igwebuike,1.792307633620042,13,4500,SEA@DET,SEA,DET,,,,,,RB/FLEX
81077-71459,RB,Brittain,Brittain Brown,Brown,,,4500,DEN@LV,LV,DEN,,,,,,RB/FLEX
81077-71477,WR,Maurice,Maurice Ffrench,Ffrench,0.30000001192092896,1,4500,LAC@HOU,LAC,HOU,,,,,,WR/FLEX
81077-40758,RB,Corey,Corey Clement,Clement,3.6999999455043246,7,4500,BUF@BAL,BAL,BUF,,,,,,RB/FLEX
81077-38721,RB,Johnny,Johnny Stanton IV,Stanton IV,2.7333332697550454,3,4500,CLE@ATL,CLE,ATL,,,,,,RB/FLEX
81077-73551,WR,Stantley,Stantley Thomas-Oliver III,Thomas-Oliver III,,,4500,ARI@CAR,CAR,ARI,Q,Achilles,,,,WR/FLEX
81077-71519,WR,Dillon,Dillon Stoner,Stoner,,,4500,DEN@LV,LV,DEN,O,Undisclosed,,,,WR/FLEX
81077-104289,WR,Malik,Malik Taylor,Taylor,0.0800000011920929,5,4500,NE@GB,GB,NE,Q,Undisclosed,,,,WR/FLEX
81077-104297,WR,Jason,Jason Moore Jr.,Moore Jr.,7.099999904632568,1,4500,LAC@HOU,LAC,HOU,,,,,,WR/FLEX
81077-169834,WR,Dareke,Dareke Young,Young,,,4500,SEA@DET,SEA,DET,,,,,,WR/FLEX
81077-57208,WR,KeeSean,KeeSean Johnson,Johnson,,,4500,CLE@ATL,ATL,CLE,,,,,,WR/FLEX
81077-55165,RB,Justin,Justin Jackson,Jackson,0,2,4500,SEA@DET,DET,SEA,,,,,,RB/FLEX
81077-89997,WR,Michael,Michael Woods II,Woods II,,,4500,CLE@ATL,CLE,ATL,,,,,,WR/FLEX
81077-73616,WR,Willie,Willie Johnson,Johnson,,,4500,JAC@PHI,JAC,PHI,IR,Undisclosed,,,,WR/FLEX
81077-141201,WR,Raleigh,Raleigh Webb,Webb,,,4500,BUF@BAL,BAL,BUF,,,,,,WR/FLEX
81077-63387,WR,Jayson,Jayson Stanley,Stanley,,,4500,CHI@NYG,CHI,NYG,Q,Knee,,,,WR/FLEX
81077-169890,WR,LuJuan,LuJuan Winningham,Winningham,,,4500,JAC@PHI,JAC,PHI,,,,,,WR/FLEX
81077-63399,WR,Terry,Terry Godwin,Godwin,,,4500,TEN@IND,TEN,IND,,,,,,WR/FLEX
81077-94118,WR,Mike,Mike Harley Jr.,Harley Jr.,,,4500,CLE@ATL,CLE,ATL,,,,,,WR/FLEX
81077-169898,WR,Jequez,Jequez Ezzard,Ezzard,,,4500,WAS@DAL,WAS,DAL,Q,Undisclosed,,,,WR/FLEX
81077-169900,WR,Jared,Jared Bernhardt,Bernhardt,,,4500,CLE@ATL,ATL,CLE,,,,,,WR/FLEX
81077-169901,WR,Tyshaun,Tyshaun James,James,,,4500,CLE@ATL,ATL,CLE,,,,,,WR/FLEX
81077-55224,RB,Reggie,Reggie Bonnafon,Bonnafon,2.5999999046325684,1,4500,WAS@DAL,WAS,DAL,,,,,,RB/FLEX
81077-85944,WR,Kyric,Kyric McGowan,McGowan,,,4500,WAS@DAL,WAS,DAL,,,,,,WR/FLEX
81077-71613,WR,Demetris,Demetris Robertson,Robertson,,,4500,SEA@DET,SEA,DET,,,,,,WR/FLEX
81077-32703,WR,Jakeem,Jakeem Grant Sr.,Grant Sr.,2.2666666666666666,15,4500,CLE@ATL,CLE,ATL,IR,Achilles,,,,WR/FLEX
81077-104388,WR,Tom,Tom Kennedy,Kennedy,2.566666603088379,6,4500,SEA@DET,DET,SEA,,,,,,WR/FLEX
81077-88016,WR,Ryan,Ryan McDaniel,McDaniel,,,4500,JAC@PHI,JAC,PHI,,,,,,WR/FLEX
81077-94185,WR,Kevin,Kevin Shaa,Shaa,,,4500,CHI@NYG,CHI,NYG,,,,,,WR/FLEX
81077-14319,RB,Taiwan,Taiwan Jones,Jones,0,1,4500,BUF@BAL,BUF,BAL,,,,,,RB/FLEX
81077-71662,WR,DJ,DJ Turner,Turner,,,4500,DEN@LV,LV,DEN,IR,Ankle,,,,WR/FLEX
81077-92146,RB,DeAndre,DeAndre Torrey,Torrey,,,4500,JAC@PHI,PHI,JAC,,,,,,RB/FLEX
81077-86007,WR,Tre,Tre Turner,Turner,,,4500,DEN@LV,LV,DEN,,,,,,WR/FLEX
81077-63479,RB,John,John Kelly Jr.,Kelly Jr.,1.2999999523162842,1,4500,CLE@ATL,CLE,ATL,,,,,,RB/FLEX
81077-88056,WR,Stanley,Stanley Berryhill,Berryhill,,,4500,ARI@CAR,ARI,CAR,,,,,,WR/FLEX
81077-57338,TE,Jordan,Jordan Akins,Akins,10.600000381469727,1,4500,LAC@HOU,HOU,LAC,,,,,,TE/FLEX
81077-79980,TE,Eric,Eric Saubert,Saubert,2.8999999364217124,3,4400,DEN@LV,DEN,LV,,,,,,TE/FLEX
81077-12548,D,Los Angeles,Los Angeles Chargers,Chargers,3.3333333333333335,3,4400,LAC@HOU,LAC,HOU,,,,,,DEF
81077-80294,TE,Anthony,Anthony Firkser,Firkser,1.899999976158142,2,4400,CLE@ATL,ATL,CLE,,,,,,TE/FLEX
81077-31207,TE,C.J.,C.J. Uzomah,Uzomah,1,1,4400,NYJ@PIT,NYJ,PIT,,,,,,TE/FLEX
81077-91101,TE,Tommy,Tommy Tremble,Tremble,0.8999999761581421,2,4400,ARI@CAR,CAR,ARI,,,,,,TE/FLEX
81077-89588,TE,Colby,Colby Parkinson,Parkinson,8.350000381469727,2,4400,SEA@DET,SEA,DET,,,,,,TE/FLEX
81077-56947,TE,Chris,Chris Myarick,Myarick,3.8499999046325684,2,4400,CHI@NYG,NYG,CHI,,,,,,TE/FLEX
81077-94094,TE,Brevin,Brevin Jordan,Jordan,1.149999976158142,2,4400,LAC@HOU,HOU,LAC,Q,Ankle,,,,TE/FLEX
81077-24533,TE,Mo,Mo Alie-Cox,Alie-Cox,2.133333365122477,3,4400,TEN@IND,IND,TEN,,,,,,TE/FLEX
81077-12543,D,New York,New York Giants,Giants,3.6666666666666665,3,4300,CHI@NYG,NYG,CHI,,,,,,DEF
81077-63907,TE,Josh,Josh Oliver,Oliver,7.800000190734863,1,4300,BUF@BAL,BAL,BUF,,,,,,TE/FLEX
81077-87260,TE,Isaiah,Isaiah Likely,Likely,2.5333333015441895,3,4300,BUF@BAL,BAL,BUF,,,,,,TE/FLEX
81077-61172,TE,Tyler,Tyler Davis,Davis,1.4666666984558105,3,4300,NE@GB,GB,NE,,,,,,TE/FLEX
81077-65477,TE,Giovanni,Giovanni Ricci,Ricci,2.049999952316284,2,4300,ARI@CAR,CAR,ARI,,,,,,TE/FLEX
81077-90123,TE,Quintin,Quintin Morris,Morris,2.1500000953674316,2,4200,BUF@BAL,BUF,BAL,,,,,,TE/FLEX
81077-40977,TE,Ricky,Ricky Seals-Jones,Seals-Jones,4.918181679465554,11,4200,CHI@NYG,NYG,CHI,Q,Toe,,,,TE/FLEX
81077-12526,D,Buffalo,Buffalo Bills,Bills,13.666666666666666,3,4200,BUF@BAL,BUF,BAL,,,,,,DEF
81077-86682,TE,Grant,Grant Calcaterra,Calcaterra,4.5,1,4200,JAC@PHI,PHI,JAC,,,,,,TE/FLEX
81077-64221,TE,Zach,Zach Gentry,Gentry,5,1,4200,NYJ@PIT,PIT,NYJ,,,,,,TE/FLEX
81077-91046,TE,Brock,Brock Wright,Wright,3,1,4200,SEA@DET,DET,SEA,,,,,,TE/FLEX
81077-72705,TE,John,John Bates,Bates,0.8333333333333334,3,4200,WAS@DAL,WAS,DAL,,,,,,TE/FLEX
81077-62508,TE,James,James O'Shaughnessy,O'Shaughnessy,5.485714503696987,7,4200,CHI@NYG,CHI,NYG,,,,,,TE/FLEX
81077-68730,TE,Sean,Sean McKeon,McKeon,2.674999952316284,4,4200,WAS@DAL,DAL,WAS,,,,,,TE/FLEX
81077-54426,TE,Andrew,Andrew Beck,Beck,3.049999952316284,2,4200,DEN@LV,DEN,LV,,,,,,TE/FLEX
81077-89283,TE,Tre',Tre' McKitty,McKitty,3.9000000953674316,1,4200,LAC@HOU,LAC,HOU,,,,,,TE/FLEX
81077-34073,TE,Ryan,Ryan Griffin,Griffin,1.149999976158142,2,4200,CHI@NYG,CHI,NYG,D,Achilles,,,,TE/FLEX
81077-61112,TE,Josiah,Josiah Deguara,Deguara,3.799999952316284,1,4200,NE@GB,GB,NE,,,,,,TE/FLEX
81077-104278,TE,Donald,Donald Parham Jr.,Parham Jr.,4.083333333333333,12,4200,LAC@HOU,LAC,HOU,Q,Hamstring,,,,TE/FLEX
81077-69655,TE,Stephen,Stephen Sullivan,Sullivan,1.7999999523162842,1,4100,ARI@CAR,CAR,ARI,,,,,,TE/FLEX
81077-88297,TE,Chig,Chig Okonkwo,Okonkwo,1.2000000476837158,1,4100,TEN@IND,TEN,IND,,,,,,TE/FLEX
81077-12527,D,Chicago,Chicago Bears,Bears,7,3,4100,CHI@NYG,CHI,NYG,,,,,,DEF
81077-149832,TE,Shane,Shane Zylstra,Zylstra,2.450000047683716,2,4100,SEA@DET,DET,SEA,,,,,,TE/FLEX
81077-31169,TE,Jeremy,Jeremy Sprinkle,Sprinkle,2.299999952316284,2,4100,WAS@DAL,DAL,WAS,Q,Achilles,,,,TE/FLEX
81077-6672,TE,Marcedes,Marcedes Lewis,Lewis,2.242857115609305,14,4100,NE@GB,GB,NE,Q,Groin,,,,TE/FLEX
81077-29277,TE,Stephen,Stephen Anderson,Anderson,0.699999988079071,1,4100,ARI@CAR,ARI,CAR,,,,,,TE/FLEX
81077-29314,TE,Richard,Richard Rodgers,Rodgers,0,1,4100,LAC@HOU,LAC,HOU,,,,,,TE/FLEX
81077-80546,TE,Dan,Dan Arnold,Arnold,1.2999999523162842,1,4100,JAC@PHI,JAC,PHI,,,,,,TE/FLEX
81077-47788,TE,Deon,Deon Yelder,Yelder,0.5,1,4100,ARI@CAR,ARI,CAR,,,,,,TE/FLEX
81077-88816,TE,Peyton,Peyton Hendershot,Hendershot,5.800000190734863,1,4100,WAS@DAL,DAL,WAS,,,,,,TE/FLEX
81077-56212,TE,Tommy,Tommy Sweeney,Sweeney,2.1285713740757535,7,4100,BUF@BAL,BUF,BAL,,,,,,TE/FLEX
81077-62510,TE,Nick,Nick Boyle,Boyle,0.3499999940395355,2,4100,BUF@BAL,BAL,BUF,,,,,,TE/FLEX
81077-70705,TE,Trevon,Trevon Wesco,Wesco,1.25,4,4100,CHI@NYG,CHI,NYG,,,,,,TE/FLEX
81077-58499,TE,Parker,Parker Hesse,Hesse,1,2,4100,CLE@ATL,ATL,CLE,,,,,,TE/FLEX
81077-83117,TE,Tanner,Tanner Hudson,Hudson,3.200000047683716,1,4100,CHI@NYG,NYG,CHI,,,,,,TE/FLEX
81077-28080,TE,Devin,Devin Funchess,Funchess,,,4100,SEA@DET,DET,SEA,,,,,,TE/FLEX
81077-147049,TE,Drew,Drew Ogletree,Ogletree,,,4100,TEN@IND,IND,TEN,IR,Knee - acl,,,,TE/FLEX
81077-85635,TE,Charlie,Charlie Kolar,Kolar,,,4100,BUF@BAL,BAL,BUF,IR,Sports hernia,,,,TE/FLEX
81077-28346,TE,Maxx,Maxx Williams,Williams,6.659999847412109,5,4100,ARI@CAR,ARI,CAR,,,,,,TE/FLEX
81077-87815,TE,Jeremy,Jeremy Ruckert,Ruckert,0,1,4100,NYJ@PIT,NYJ,PIT,,,,,,TE/FLEX
81077-69451,TE,Jack,Jack Stoll,Stoll,0.8999999761581421,1,4100,JAC@PHI,PHI,JAC,,,,,,TE/FLEX
81077-104421,TE,Jesper,Jesper Horsted,Horsted,5.033333460489909,3,4100,DEN@LV,LV,DEN,,,,,,TE/FLEX
81077-71697,TE,Shaun,Shaun Beyer,Beyer,,,4000,NE@GB,GB,NE,,,,,,TE/FLEX
81077-28694,TE,Jesse,Jesse James,James,3.924999952316284,4,4000,CLE@ATL,CLE,ATL,IR,Biceps,,,,TE/FLEX
81077-137249,TE,Briley,Briley Moore,Moore,,,4000,TEN@IND,TEN,IND,,,,,,TE/FLEX
81077-69686,TE,Dylan,Dylan Parham,Parham,,,4000,DEN@LV,DEN,LV,,,,,,TE/FLEX
81077-59455,TE,Sammis,Sammis Reyes,Reyes,,,4000,WAS@DAL,WAS,DAL,Q,Undisclosed,,,,TE/FLEX
81077-30787,TE,Alex,Alex Ellis,Ellis,,,4000,ARI@CAR,ARI,CAR,Q,Undisclosed,,,,TE/FLEX
81077-165962,TE,Nikola,Nikola Kalinic,Kalinic,,,4000,TEN@IND,IND,TEN,,,,,,TE/FLEX
81077-94345,TE,Cole,Cole Turner,Turner,,,4000,WAS@DAL,WAS,DAL,,,,,,TE/FLEX
81077-80011,TE,Antony,Antony Auclair,Auclair,3.299999952316284,4,4000,LAC@HOU,HOU,LAC,Q,Knee,,,,TE/FLEX
81077-86178,TE,Dominique,Dominique Dafney,Dafney,0.8800000190734864,5,4000,DEN@LV,DEN,LV,,,,,,TE/FLEX
81077-32957,TE,Eric,Eric Tomlinson,Tomlinson,0,1,4000,DEN@LV,DEN,LV,,,,,,TE/FLEX
81077-65737,TE,Sam,Sam Tecklenburg,Tecklenburg,,,4000,ARI@CAR,CAR,ARI,,,,,,TE/FLEX
81077-149708,TE,Zach,Zach Davidson,Davidson,,,4000,BUF@BAL,BUF,BAL,,,,,,TE/FLEX
81077-170206,TE,Rodney,Rodney Williams II,Williams II,,,4000,NYJ@PIT,PIT,NYJ,,,,,,TE/FLEX
81077-149727,TE,Bernhard,Bernhard Seikovits,Seikovits,,,4000,ARI@CAR,ARI,CAR,,,,,,TE/FLEX
81077-12531,D,Denver,Denver Broncos,Broncos,9.333333333333334,3,4000,DEN@LV,DEN,LV,,,,,,DEF
81077-61693,TE,Danny,Danny Pinter,Pinter,6.699999809265137,1,4000,TEN@IND,IND,TEN,,,,,,TE/FLEX
81077-12553,D,Carolina,Carolina Panthers,Panthers,7,3,4000,ARI@CAR,CAR,ARI,,,,,,DEF
81077-170290,TE,Andre,Andre Miller,Miller,,,4000,CHI@NYG,NYG,CHI,Q,Wrist,,,,TE/FLEX
81077-55609,TE,Ryan,Ryan Izzo,Izzo,,,4000,ARI@CAR,CAR,ARI,,,,,,TE/FLEX
81077-86359,TE,Jared,Jared Scott,Scott,,,4000,TEN@IND,IND,TEN,,,,,,TE/FLEX
81077-63839,TE,Tyler,Tyler Mabry,Mabry,,,4000,SEA@DET,SEA,DET,,,,,,TE/FLEX
81077-153957,TE,Zaire,Zaire Mitchell-Paden,Mitchell-Paden,,,4000,CLE@ATL,CLE,ATL,,,,,,TE/FLEX
81077-63851,TE,Tyree,Tyree Jackson,Jackson,3.2333332697550454,3,4000,JAC@PHI,PHI,JAC,NA,Knee - acl,,,,TE/FLEX
81077-90483,TE,Bernhard,Bernhard Raimann,Raimann,,,4000,TEN@IND,IND,TEN,Q,Ankle,,,,TE/FLEX
81077-92530,TE,Cade,Cade Brewer,Brewer,,,4000,SEA@DET,SEA,DET,,,,,,TE/FLEX
81077-70043,TE,Cole,Cole Fotheringham,Fotheringham,,,4000,DEN@LV,LV,DEN,,,,,,TE/FLEX
81077-45472,TE,Garrett,Garrett Griffin,Griffin,2.950000047683716,2,4000,SEA@DET,DET,SEA,,,,,,TE/FLEX
81077-72110,TE,John,John Mitchell,Mitchell,,,4000,SEA@DET,SEA,DET,,,,,,TE/FLEX
81077-47551,TE,Mason,Mason Schreck,Schreck,,,4000,LAC@HOU,HOU,LAC,,,,,,TE/FLEX
81077-84440,TE,Jaeden,Jaeden Graham,Graham,,,4000,JAC@PHI,PHI,JAC,Q,Undisclosed,,,,TE/FLEX
81077-41469,TE,Darrell,Darrell Daniels,Daniels,0.34000000953674314,5,4000,LAC@HOU,HOU,LAC,,,,,,TE/FLEX
81077-14895,TE,Patrick,Patrick Scales,Scales,,,4000,CHI@NYG,CHI,NYG,,,,,,TE/FLEX
81077-72246,TE,Nolan,Nolan Givan,Givan,,,4000,SEA@DET,DET,SEA,,,,,,TE/FLEX
81077-66155,TE,Michael,Michael Jacobson,Jacobson,,,4000,TEN@IND,IND,TEN,,,,,,TE/FLEX
81077-90778,TE,Derrick,Derrick Deese Jr.,Deese Jr.,,,4000,SEA@DET,DET,SEA,,,,,,TE/FLEX
81077-86692,TE,Thomas,Thomas Odukoya,Odukoya,,,4000,TEN@IND,TEN,IND,,,,,,TE/FLEX
81077-92882,TE,Connor,Connor Heyward,Heyward,,,4000,NYJ@PIT,PIT,NYJ,,,,,,TE/FLEX
81077-86839,TE,Jack,Jack Coco,Coco,,,4000,NE@GB,GB,NE,,,,,,TE/FLEX
81077-90971,TE,Austin,Austin Allen,Allen,,,4000,CHI@NYG,NYG,CHI,,,,,,TE/FLEX
81077-66402,TE,Jack,Jack Driscoll,Driscoll,,,4000,JAC@PHI,PHI,JAC,,,,,,TE/FLEX
81077-93026,TE,Teagan,Teagan Quitoriano,Quitoriano,,,4000,LAC@HOU,HOU,LAC,IR,Knee,,,,TE/FLEX
81077-89029,TE,Chris,Chris Pierce Jr.,Pierce Jr.,,,4000,ARI@CAR,ARI,CAR,Q,Undisclosed,,,,TE/FLEX
81077-70604,TE,John,John Raine,Raine,,,4000,CLE@ATL,ATL,CLE,Q,Undisclosed,,,,TE/FLEX
81077-72665,TE,Kenny,Kenny Yeboah,Yeboah,2.299999952316284,2,4000,NYJ@PIT,NYJ,PIT,,,,,,TE/FLEX
81077-54239,TE,Matt,Matt Sokol,Sokol,,,4000,NE@GB,NE,GB,,,,,,TE/FLEX
81077-87013,TE,Erik,Erik Krommenhoek,Krommenhoek,,,4000,LAC@HOU,LAC,HOU,,,,,,TE/FLEX
81077-62505,TE,MyCole,MyCole Pruitt,Pruitt,3.772727272727273,11,4000,CLE@ATL,ATL,CLE,,,,,,TE/FLEX
81077-68708,TE,Seth,Seth Green,Green,,,4000,LAC@HOU,HOU,LAC,,,,,,TE/FLEX
81077-72863,TE,Armani,Armani Rogers,Rogers,2.799999952316284,1,4000,WAS@DAL,WAS,DAL,,,,,,TE/FLEX
81077-70881,TE,Justin,Justin Rigg,Rigg,,,4000,NYJ@PIT,PIT,NYJ,,,,,,TE/FLEX
81077-64762,TE,Nakia,Nakia Griffin-Stewart,Griffin-Stewart,,,4000,TEN@IND,IND,TEN,,,,,,TE/FLEX
81077-97537,TE,Naz,Naz Bohannon,Bohannon,,,4000,JAC@PHI,JAC,PHI,,,,,,TE/FLEX
81077-83226,TE,Kevin,Kevin Rader,Rader,0.8999999761581421,2,4000,TEN@IND,TEN,IND,,,,,,TE/FLEX
81077-64833,TE,Alize,Alize Mack,Mack,,,4000,NE@GB,GB,NE,Q,Undisclosed,,,,TE/FLEX
81077-91467,TE,Jake,Jake Tonges,Tonges,0,1,4000,CHI@NYG,CHI,NYG,,,,,,TE/FLEX
81077-64864,TE,Noah,Noah Togiai,Togiai,0,1,4000,JAC@PHI,PHI,JAC,,,,,,TE/FLEX
81077-60788,TE,Nick,Nick Ralston,Ralston,,,4000,WAS@DAL,DAL,WAS,,,,,,TE/FLEX
81077-60791,TE,Tommy,Tommy Hudson,Hudson,1.149999976158142,4,4000,TEN@IND,TEN,IND,IR,Undisclosed,,,,TE/FLEX
81077-71058,TE,Grayson,Grayson Gunter,Gunter,,,4000,JAC@PHI,JAC,PHI,,,,,,TE/FLEX
81077-114112,TE,Jalen,Jalen Wydermyer,Wydermyer,,,4000,NE@GB,NE,GB,,,,,,TE/FLEX
81077-73161,TE,Chase,Chase Allen,Allen,,,4000,CHI@NYG,CHI,NYG,,,,,,TE/FLEX
81077-69069,TE,Tony,Tony Poljan,Poljan,,,4000,BUF@BAL,BAL,BUF,,,,,,TE/FLEX
81077-73172,TE,Jake,Jake Hausmann,Hausmann,,,4000,WAS@DAL,WAS,DAL,,,,,,TE/FLEX
81077-73176,TE,Luke,Luke Farrell,Farrell,1.1375000476837158,8,4000,JAC@PHI,JAC,PHI,,,,,,TE/FLEX
81077-54746,TE,Tyler,Tyler Ott,Ott,,,4000,SEA@DET,SEA,DET,IR,Shoulder,,,,TE/FLEX
81077-91618,TE,John,John FitzPatrick,FitzPatrick,,,4000,CLE@ATL,ATL,CLE,IR,Undisclosed,,,,TE/FLEX
81077-97771,TE,Marcus,Marcus Santos-Silva,Santos-Silva,,,4000,CLE@ATL,CLE,ATL,,,,,,TE/FLEX
81077-89586,TE,Tucker,Tucker Fisk,Fisk,,,4000,CLE@ATL,ATL,CLE,,,,,,TE/FLEX
81077-62981,TE,Eli,Eli Wolf,Wolf,,,4000,WAS@DAL,WAS,DAL,IR,Undisclosed,,,,TE/FLEX
81077-62998,TE,Jace,Jace Sternberger,Sternberger,,,4000,NYJ@PIT,PIT,NYJ,,,,,,TE/FLEX
81077-103966,TE,Stone,Stone Smartt,Smartt,,,4000,LAC@HOU,LAC,HOU,IR,Undisclosed,,,,TE/FLEX
81077-46644,TE,Paul,Paul Quessenberry,Quessenberry,,,4000,LAC@HOU,HOU,LAC,,,,,,TE/FLEX
81077-69173,TE,Hunter,Hunter Kampmoyer,Kampmoyer,,,4000,LAC@HOU,LAC,HOU,,,,,,TE/FLEX
81077-60981,TE,Charlie,Charlie Heck,Heck,,,4000,LAC@HOU,HOU,LAC,,,,,,TE/FLEX
81077-60984,TE,Jake,Jake Bargas,Bargas,,,4000,CHI@NYG,CHI,NYG,,,,,,TE/FLEX
81077-30272,TE,Colin,Colin Thompson,Thompson,0,1,4000,ARI@CAR,CAR,ARI,Q,Calf,,,,TE/FLEX
81077-18009,TE,Chris,Chris Manhertz,Manhertz,2.012500047683716,8,4000,JAC@PHI,JAC,PHI,,,,,,TE/FLEX
81077-91750,TE,Trey,Trey McBride,McBride,,,4000,ARI@CAR,ARI,CAR,,,,,,TE/FLEX
81077-87690,TE,Sal,Sal Cannella,Cannella,,,4000,NE@GB,GB,NE,,,,,,TE/FLEX
81077-89814,TE,Gerrit,Gerrit Prince,Prince,,,4000,JAC@PHI,JAC,PHI,,,,,,TE/FLEX
81077-85759,TE,Curtis,Curtis Hodges,Hodges,,,4000,WAS@DAL,WAS,DAL,IR,Thigh,,,,TE/FLEX
81077-91931,TE,Greg,Greg Dulcich,Dulcich,,,4000,DEN@LV,DEN,LV,IR,Hamstring,,,,TE/FLEX
81077-55099,TE,Ian,Ian Bunting,Bunting,,,4000,WAS@DAL,DAL,WAS,IR,Neck,,,,TE/FLEX
81077-63321,TE,Rashod,Rashod Berry,Berry,,,4000,JAC@PHI,JAC,PHI,,,,,,TE/FLEX
81077-169853,TE,Josh,Josh Babicz,Babicz,,,4000,ARI@CAR,CAR,ARI,,,,,,TE/FLEX
81077-69516,TE,Miller,Miller Forristall,Forristall,0,1,4000,CLE@ATL,CLE,ATL,,,,,,TE/FLEX
81077-55209,TE,Nate,Nate Becker,Becker,,,4000,NE@GB,GB,NE,Q,Undisclosed,,,,TE/FLEX
81077-112601,TE,Travis,Travis Koontz,Koontz,,,4000,DEN@LV,LV,DEN,,,,,,TE/FLEX
81077-85986,TE,James,James Mitchell,Mitchell,,,4000,SEA@DET,DET,SEA,,,,,,TE/FLEX
81077-85994,TE,Dalton,Dalton Keene,Keene,,,4000,JAC@PHI,PHI,JAC,,,,,,TE/FLEX
81077-12534,D,Tennessee,Tennessee Titans,Titans,3,3,3900,TEN@IND,TEN,IND,,,,,,DEF
81077-12552,D,Washington,Washington Commanders,Commanders,3.6666666666666665,3,3800,WAS@DAL,WAS,DAL,,,,,,DEF
81077-12555,D,Baltimore,Baltimore Ravens,Ravens,9.666666666666666,3,3800,BUF@BAL,BAL,BUF,,,,,,DEF
81077-12535,D,Indianapolis,Indianapolis Colts,Colts,4,3,3700,TEN@IND,IND,TEN,,,,,,DEF
81077-12556,D,Houston,Houston Texans,Texans,7.333333333333333,3,3700,LAC@HOU,HOU,LAC,,,,,,DEF
81077-12532,D,Detroit,Detroit Lions,Lions,3.6666666666666665,3,3600,SEA@DET,DET,SEA,,,,,,DEF
81077-12544,D,New York,New York Jets,Jets,3.3333333333333335,3,3600,NYJ@PIT,NYJ,PIT,,,,,,DEF
81077-12554,D,Jacksonville,Jacksonville Jaguars,Jaguars,12,3,3500,JAC@PHI,JAC,PHI,,,,,,DEF
81077-12525,D,Atlanta,Atlanta Falcons,Falcons,8.666666666666666,3,3400,CLE@ATL,ATL,CLE,,,,,,DEF
81077-12550,D,Seattle,Seattle Seahawks,Seahawks,7.666666666666667,3,3300,SEA@DET,SEA,DET,,,,,,DEF
81077-12546,D,Arizona,Arizona Cardinals,Cardinals,3.6666666666666665,3,3200,ARI@CAR,ARI,CAR,,,,,,DEF
81077-12541,D,New England,New England Patriots,Patriots,5.333333333333333,3,3100,NE@GB,NE,GB,,,,,,DEF
81077-12537,D,Las Vegas,Las Vegas Raiders,Raiders,2,3,3000,DEN@LV,LV,DEN,,,,,,DEF