Id,Position,First Name,Nickname,Last Name,FPPG,Played,Salary,Game,Team,Opponent,Injury Indicator,Injury Details,Tier,,,Roster Position
93612-79970,WR,Cooper,Cooper Kupp,Kupp,18.211110432942707,9,9300,LAR@SEA,LAR,SEA,IR,Hamstring,,,,WR/FLEX
93612-80001,RB,Austin,Austin Ekeler,Ekeler,18.694444444444443,18,9000,MIA@LAC,LAC,MIA,,,,,,RB/FLEX
93612-69531,QB,Jalen,Jalen Hurts,Hurts,25.75,18,9000,PHI@NE,PHI,NE,,,,,,QB
93612-53681,WR,Tyreek,Tyreek Hill,Hill,16.700000339084202,18,8800,MIA@LAC,MIA,LAC,,,,,,WR/FLEX
93612-72731,RB,Josh,Josh Jacobs,Jacobs,17.752940458409928,17,8400,LV@DEN,LV,DEN,,,,,,RB/FLEX
93612-91591,QB,Justin,Justin Fields,Fields,20.465334065755208,15,8300,GB@CHI,CHI,GB,,,,,,QB
93612-45889,WR,Davante,Davante Adams,Adams,16.794117647058822,17,8200,LV@DEN,LV,DEN,,,,,,WR/FLEX
93612-69189,QB,Justin,Justin Herbert,Herbert,17.02111138237847,18,8100,MIA@LAC,LAC,MIA,,,,,,QB
93612-72846,WR,A.J.,A.J. Brown,Brown,14.135000610351563,20,8100,PHI@NE,PHI,NE,,,,,,WR/FLEX
93612-29253,WR,Keenan,Keenan Allen,Allen,12.736364191228693,11,8000,MIA@LAC,LAC,MIA,,,,,,WR/FLEX
93612-90573,WR,Jaylen,Jaylen Waddle,Waddle,12.688888549804688,18,7900,MIA@LAC,MIA,LAC,,,,,,WR/FLEX
93612-73048,WR,DK,DK Metcalf,Metcalf,11.799999660915798,18,7700,LAR@SEA,SEA,LAR,,,,,,WR/FLEX
93612-90572,QB,Tua,Tua Tagovailoa,Tagovailoa,18.37846139761118,13,7700,MIA@LAC,MIA,LAC,,,,,,QB
93612-22015,QB,Russell,Russell Wilson,Wilson,15.750666300455729,15,7300,LV@DEN,DEN,LV,,,,,,QB
93612-26483,QB,Geno,Geno Smith,Smith,18.488888210720486,18,7200,LAR@SEA,SEA,LAR,,,,,,QB
93612-90576,WR,DeVonta,DeVonta Smith,Smith,12.015000152587891,20,7200,PHI@NE,PHI,NE,,,,,,WR/FLEX
93612-40442,RB,Aaron,Aaron Jones,Jones,12.888235653147978,17,7200,GB@CHI,GB,CHI,,,,,,RB/FLEX
93612-39829,WR,Mike,Mike Williams,Williams,11.153846153846153,13,7100,MIA@LAC,LAC,MIA,,,,,,WR/FLEX
93612-103342,RB,Kenneth,Kenneth Walker III,Walker III,12.631250381469727,16,7100,LAR@SEA,SEA,LAR,,,,,,RB/FLEX
93612-111540,RB,Rhamondre,Rhamondre Stevenson,Stevenson,12.623529770795036,17,7000,PHI@NE,NE,PHI,Q,Illness,,,,RB/FLEX
93612-27050,WR,Tyler,Tyler Lockett,Lockett,11.894117467543659,17,6800,LAR@SEA,SEA,LAR,,,,,,WR/FLEX
93612-6654,QB,Matthew,Matthew Stafford,Stafford,12.93111080593533,9,6800,LAR@SEA,LAR,SEA,,,,,,QB
93612-90561,WR,Jerry,Jerry Jeudy,Jeudy,11.379999796549479,15,6700,LV@DEN,DEN,LV,Q,Hamstring,,,,WR/FLEX
93612-89230,RB,Cam,Cam Akers,Akers,8.986666870117187,15,6600,LAR@SEA,LAR,SEA,,,,,,RB/FLEX
93612-54604,QB,Jimmy,Jimmy Garoppolo,Garoppolo,15.343636252663352,11,6600,LV@DEN,LV,DEN,,,,,,QB
93612-93541,RB,Javonte,Javonte Williams,Williams,8.5,4,6500,LV@DEN,DEN,LV,,,,,,RB/FLEX
93612-38791,RB,Ezekiel,Ezekiel Elliott,Elliott,10.92352923224954,17,6500,PHI@NE,NE,PHI,,,,,,RB/FLEX
93612-83074,TE,Dallas,Dallas Goedert,Goedert,9.453333536783854,15,6400,PHI@NE,PHI,NE,,,,,,TE/FLEX
93612-69017,QB,Jordan,Jordan Love,Love,2.924999952316284,4,6400,GB@CHI,GB,CHI,,,,,,QB
93612-90584,QB,Mac,Mac Jones,Jones,12.934285845075335,14,6400,PHI@NE,NE,PHI,,,,,,QB
93612-63043,WR,DJ,DJ Moore,Moore,9.858823888442096,17,6300,GB@CHI,CHI,GB,,,,,,WR/FLEX
93612-169776,WR,Christian,Christian Watson,Watson,10.257143293108259,14,6300,GB@CHI,GB,CHI,O,Hamstring,,,,WR/FLEX
93612-91598,RB,D'Andre,D'Andre Swift,Swift,11.935714721679688,14,6300,PHI@NE,PHI,NE,,,,,,RB/FLEX
93612-60947,QB,Jarrett,Jarrett Stidham,Stidham,15.213333129882812,3,6100,LV@DEN,DEN,LV,,,,,,QB
93612-30761,QB,Nathan,Nathan Peterman,Peterman,3.086666742960612,3,6100,GB@CHI,CHI,GB,,,,,,QB
93612-64051,QB,Drew,Drew Lock,Lock,,,6100,LAR@SEA,SEA,LAR,,,,,,QB
93612-88630,QB,Matt,Matt Corral,Corral,,,6100,PHI@NE,NE,PHI,IR,Undisclosed,,,,QB
93612-40534,QB,Mike,Mike White,White,15.145000457763672,4,6100,MIA@LAC,MIA,LAC,,,,,,QB
93612-29358,QB,Marcus,Marcus Mariota,Mariota,15.812307504507212,13,6100,PHI@NE,PHI,NE,,,,,,QB
93612-86200,QB,Sean,Sean Clifford,Clifford,,,6100,GB@CHI,GB,CHI,,,,,,QB
93612-7872,QB,Brian,Brian Hoyer,Hoyer,1.4800000190734863,1,6100,LV@DEN,LV,DEN,,,,,,QB
93612-139985,QB,Bailey,Bailey Zappe,Zappe,10.53499984741211,4,6100,PHI@NE,NE,PHI,,,,,,QB
93612-72412,RB,Khalil,Khalil Herbert,Herbert,8.715384850135216,13,6100,GB@CHI,CHI,GB,,,,,,RB/FLEX
93612-103824,QB,Easton,Easton Stick,Stick,,,6100,MIA@LAC,LAC,MIA,,,,,,QB
93612-93107,RB,AJ,AJ Dillon,Dillon,9.03529447667739,17,6100,GB@CHI,GB,CHI,,,,,,RB/FLEX
93612-91583,QB,Stetson,Stetson Bennett,Bennett,,,6100,LAR@SEA,LAR,SEA,O,Shoulder,,,,QB
93612-89607,QB,Tanner,Tanner McKee,McKee,,,6000,PHI@NE,PHI,NE,,,,,,QB
93612-71242,QB,Jarrett,Jarrett Guarantano,Guarantano,,,6000,LV@DEN,DEN,LV,,,,,,QB
93612-89236,QB,James,James Blackman,Blackman,,,6000,MIA@LAC,MIA,LAC,,,,,,QB
93612-69294,QB,Skylar,Skylar Thompson,Thompson,4.195000171661377,8,6000,MIA@LAC,MIA,LAC,,,,,,QB
93612-103109,QB,Max,Max Duggan,Duggan,,,6000,MIA@LAC,LAC,MIA,,,,,,QB
93612-93382,QB,Aidan,Aidan O'Connell,O'Connell,,,6000,LV@DEN,LV,DEN,,,,,,QB
93612-52451,RB,Samaje,Samaje Perine,Perine,7.4947365208675985,19,6000,LV@DEN,DEN,LV,,,,,,RB/FLEX
93612-61157,QB,Brett,Brett Rypien,Rypien,5.505000114440918,4,6000,LAR@SEA,LAR,SEA,,,,,,QB
93612-54507,QB,Alex,Alex McGough,McGough,,,6000,GB@CHI,GB,CHI,,,,,,QB
93612-185640,QB,Dresser,Dresser Winn,Winn,,,6000,LAR@SEA,LAR,SEA,,,,,,QB
93612-92975,QB,Malik,Malik Cunningham,Cunningham,,,6000,PHI@NE,NE,PHI,,,,,,QB
93612-91468,QB,Chase,Chase Garbers,Garbers,,,6000,LV@DEN,LV,DEN,,,,,,QB
93612-91511,QB,Holton,Holton Ahlers,Ahlers,,,6000,LAR@SEA,SEA,LAR,,,,,,QB
93612-88440,QB,Braxton,Braxton Burmeister,Burmeister,,,6000,LAR@SEA,LAR,SEA,,,,,,QB
93612-73118,QB,Ian,Ian Book,Book,,,6000,PHI@NE,PHI,NE,,,,,,QB
93612-185776,QB,Tyson,Tyson Bagent,Bagent,,,6000,GB@CHI,CHI,GB,,,,,,QB
93612-38837,QB,Danny,Danny Etling,Etling,,,6000,GB@CHI,GB,CHI,,,,,,QB
93612-56286,QB,Trace,Trace McSorley,McSorley,2.715999984741211,5,6000,PHI@NE,NE,PHI,,,,,,QB
93612-63469,QB,Ben,Ben DiNucci,DiNucci,,,6000,LV@DEN,DEN,LV,,,,,,QB
93612-57403,WR,Courtland,Courtland Sutton,Sutton,8.493333435058593,15,5900,LV@DEN,DEN,LV,,,,,,WR/FLEX
93612-28744,RB,Raheem,Raheem Mostert,Mostert,9.550000190734863,16,5900,MIA@LAC,MIA,LAC,,,,,,RB/FLEX
93612-69777,WR,Darnell,Darnell Mooney,Mooney,7.409090909090909,11,5900,GB@CHI,CHI,GB,,,,,,WR/FLEX
93612-55830,RB,D'Onta,D'Onta Foreman,Foreman,8.03125,16,5800,GB@CHI,CHI,GB,,,,,,RB/FLEX
93612-55987,WR,JuJu,JuJu Smith-Schuster,Smith-Schuster,8.431578786749588,19,5800,PHI@NE,NE,PHI,,,,,,WR/FLEX
93612-63634,WR,Jakobi,Jakobi Meyers,Meyers,10.485714503696986,14,5700,LV@DEN,LV,DEN,,,,,,WR/FLEX
93612-91578,RB,Zamir,Zamir White,White,0.6363636363636364,11,5700,LV@DEN,LV,DEN,,,,,,RB/FLEX
93612-57840,RB,Rashaad,Rashaad Penny,Penny,10.04000015258789,5,5600,PHI@NE,PHI,NE,,,,,,RB/FLEX
93612-64581,WR,Van,Van Jefferson,Jefferson,6.69000015258789,10,5500,LAR@SEA,LAR,SEA,,,,,,WR/FLEX
93612-55552,RB,Jeff,Jeff Wilson Jr.,Wilson Jr.,9.27058859432445,17,5500,MIA@LAC,MIA,LAC,IR,Abdomen,,,,RB/FLEX
93612-57299,TE,Gerald,Gerald Everett,Everett,8.149999618530273,16,5500,MIA@LAC,LAC,MIA,,,,,,TE/FLEX
93612-27229,RB,Ameer,Ameer Abdullah,Abdullah,2.5999999046325684,16,5300,LV@DEN,LV,DEN,,,,,,RB/FLEX
93612-57986,WR,Hunter,Hunter Renfrow,Renfrow,6.1,10,5300,LV@DEN,LV,DEN,,,,,,WR/FLEX
93612-94370,WR,Romeo,Romeo Doubs,Doubs,6.1999998826247,13,5300,GB@CHI,GB,CHI,Q,Hamstring,,,,WR/FLEX
93612-47870,TE,Tyler,Tyler Higbee,Higbee,7.25,16,5300,LAR@SEA,LAR,SEA,,,,,,TE/FLEX
93612-91931,TE,Greg,Greg Dulcich,Dulcich,6.959999847412109,10,5300,LV@DEN,DEN,LV,,,,,,TE/FLEX
93612-87418,WR,Joshua,Joshua Palmer,Palmer,8.08235258214614,17,5300,MIA@LAC,LAC,MIA,,,,,,WR/FLEX
93612-73111,WR,Chase,Chase Claypool,Claypool,5.46933339436849,15,5300,GB@CHI,CHI,GB,,,,,,WR/FLEX
93612-129458,WR,Jaxon,Jaxon Smith-Njigba,Smith-Njigba,,,5300,LAR@SEA,SEA,LAR,,,,,,WR/FLEX
93612-89220,WR,Tyquan,Tyquan Thornton,Thornton,4.608333269755046,12,5200,PHI@NE,NE,PHI,IR,Shoulder,,,,WR/FLEX
93612-91872,RB,Joshua,Joshua Kelley,Kelley,4.6999998826247,13,5200,MIA@LAC,LAC,MIA,,,,,,RB/FLEX
93612-57091,WR,Tim,Tim Patrick,Patrick,,,5200,LV@DEN,DEN,LV,IR,Achilles,,,,WR/FLEX
93612-38264,WR,Demarcus,Demarcus Robinson,Robinson,5.3941174675436585,17,5200,LAR@SEA,LAR,SEA,,,,,,WR/FLEX
93612-91047,TE,Cole,Cole Kmet,Kmet,7.194117826573989,17,5200,GB@CHI,CHI,GB,,,,,,TE/FLEX
93612-33260,WR,DeVante,DeVante Parker,Parker,7.283333460489909,12,5200,PHI@NE,NE,PHI,Q,Knee,,,,WR/FLEX
93612-120639,WR,Quentin,Quentin Johnston,Johnston,,,5100,MIA@LAC,LAC,MIA,,,,,,WR/FLEX
93612-40845,TE,Hunter,Hunter Henry,Henry,5.212500095367432,16,5100,PHI@NE,NE,PHI,,,,,,TE/FLEX
93612-71105,WR,Ben,Ben Skowronek,Skowronek,4.628571646554129,14,5100,LAR@SEA,LAR,SEA,,,,,,WR/FLEX
93612-73687,WR,Quez,Quez Watkins,Watkins,3.6473685816714636,19,5100,PHI@NE,PHI,NE,,,,,,WR/FLEX
93612-71705,TE,Noah,Noah Fant,Fant,5.511110941569011,18,5000,LAR@SEA,SEA,LAR,,,,,,TE/FLEX
93612-92976,WR,Tutu,Tutu Atwell,Atwell,4.516666730244954,12,5000,LAR@SEA,LAR,SEA,,,,,,WR/FLEX
93612-27441,RB,Damien,Damien Williams,Williams,0.20000000298023224,1,5000,LV@DEN,LV,DEN,,,,,,RB/FLEX
93612-89455,WR,Jayden,Jayden Reed,Reed,,,5000,GB@CHI,GB,CHI,,,,,,WR/FLEX
93612-104433,RB,Kyren,Kyren Williams,Williams,3.25,8,5000,LAR@SEA,LAR,SEA,,,,,,RB/FLEX
93612-90912,RB,Kenneth,Kenneth Gainwell,Gainwell,5.475,20,4900,PHI@NE,PHI,NE,,,,,,RB/FLEX
93612-80289,WR,Kendrick,Kendrick Bourne,Bourne,4.425000190734863,16,4900,PHI@NE,NE,PHI,,,,,,WR/FLEX
93612-61042,WR,Kendall,Kendall Hinton,Hinton,4.0363637750799,11,4800,LV@DEN,DEN,LV,,,,,,WR/FLEX
93612-26251,WR,Robbie,Robbie Chosen,Chosen,3.5166667302449546,12,4800,MIA@LAC,MIA,LAC,,,,,,WR/FLEX
93612-40126,TE,Austin,Austin Hooper,Hooper,4.5235295015222885,17,4800,LV@DEN,LV,DEN,,,,,,TE/FLEX
93612-52495,WR,Braxton,Braxton Berrios,Berrios,2.8635294297162224,17,4800,MIA@LAC,MIA,LAC,,,,,,WR/FLEX
93612-56265,TE,Mike,Mike Gesicki,Gesicki,5.038888719346788,18,4800,PHI@NE,NE,PHI,,,,,,TE/FLEX
93612-103376,RB,Zach,Zach Charbonnet,Charbonnet,,,4800,LAR@SEA,SEA,LAR,,,,,,RB/FLEX
93612-29734,RB,Ty,Ty Montgomery II,Montgomery II,8.800000190734863,1,4700,PHI@NE,NE,PHI,,,,,,RB/FLEX
93612-62628,WR,DeAndre,DeAndre Carter,Carter,5.111111111111111,18,4700,LV@DEN,LV,DEN,Q,Knee,,,,WR/FLEX
93612-138998,TE,Michael,Michael Mayer,Mayer,,,4700,LV@DEN,LV,DEN,,,,,,TE/FLEX
93612-120093,WR,Marvin,Marvin Mims Jr.,Mims Jr.,,,4700,LV@DEN,DEN,LV,,,,,,WR/FLEX
93612-64841,WR,Equanimeous,Equanimeous St. Brown,St. Brown,3.387500047683716,16,4700,GB@CHI,CHI,GB,,,,,,WR/FLEX
93612-114100,RB,Isaiah,Isaiah Spiller,Spiller,1.3800000190734862,5,4700,MIA@LAC,LAC,MIA,,,,,,RB/FLEX
93612-42046,TE,Durham,Durham Smythe,Smythe,2.6923076923076925,13,4600,MIA@LAC,MIA,LAC,,,,,,TE/FLEX
93612-138820,RB,De'Von,De'Von Achane,Achane,,,4600,MIA@LAC,MIA,LAC,,,,,,RB/FLEX
93612-71246,WR,Marquez,Marquez Callaway,Callaway,2.9799999237060546,10,4600,LV@DEN,LV,DEN,,,,,,WR/FLEX
93612-62042,WR,Deon,Deon Cain,Cain,,,4600,PHI@NE,PHI,NE,,,,,,WR/FLEX
93612-70383,RB,Darrynton,Darrynton Evans,Evans,3.3999999364217124,3,4600,MIA@LAC,MIA,LAC,,,,,,RB/FLEX
93612-12545,D,Philadelphia,Philadelphia Eagles,Eagles,8.85,20,4600,PHI@NE,PHI,NE,,,,,,DEF
93612-56698,WR,Dante,Dante Pettis,Pettis,3.7133333841959635,15,4600,GB@CHI,CHI,GB,Q,Undisclosed,,,,WR/FLEX
93612-69581,WR,Cedrick,Cedrick Wilson Jr.,Wilson Jr.,1.7153845566969652,13,4600,MIA@LAC,MIA,LAC,,,,,,WR/FLEX
93612-80353,TE,Robert,Robert Tonyan,Tonyan,5.029411764705882,17,4600,GB@CHI,CHI,GB,Q,Back,,,,TE/FLEX
93612-64496,WR,Olamide,Olamide Zaccheaus,Zaccheaus,5.625,16,4600,PHI@NE,PHI,NE,,,,,,WR/FLEX
93612-56356,WR,Isaiah,Isaiah Ford,Ford,,,4500,GB@CHI,CHI,GB,Q,Undisclosed,,,,WR/FLEX
93612-63550,WR,Isaiah,Isaiah Zuber,Zuber,,,4500,LV@DEN,LV,DEN,Q,Undisclosed,,,,WR/FLEX
93612-113228,TE,Luke,Luke Musgrave,Musgrave,,,4500,GB@CHI,GB,CHI,,,,,,TE/FLEX
93612-79980,TE,Eric,Eric Saubert,Saubert,2.176923018235427,13,4500,MIA@LAC,MIA,LAC,Q,Undisclosed,,,,TE/FLEX
93612-86192,WR,KJ,KJ Hamler,Hamler,3.7166665395100913,6,4500,LV@DEN,DEN,LV,Q,Pectoral,,,,WR/FLEX
93612-69310,WR,Josh,Josh Hammond,Hammond,,,4500,LV@DEN,DEN,LV,,,,,,WR/FLEX
93612-25813,WR,Phillip,Phillip Dorsett II,Dorsett II,2.9785714830671037,14,4500,LV@DEN,DEN,LV,,,,,,WR/FLEX
93612-68835,RB,CJ,CJ Marable,Marable,,,4500,PHI@NE,NE,PHI,,,,,,RB/FLEX
93612-170213,RB,Aaron,Aaron Shampklin,Shampklin,,,4500,MIA@LAC,LAC,MIA,,,,,,RB/FLEX
93612-28907,WR,Alex,Alex Erickson,Erickson,0,1,4500,MIA@LAC,LAC,MIA,,,,,,WR/FLEX
93612-94453,RB,Darwin,Darwin Thompson,Thompson,,,4500,LV@DEN,LV,DEN,,,,,,RB/FLEX
93612-130309,WR,J.J.,J.J. Koski,Koski,,,4500,LV@DEN,DEN,LV,,,,,,WR/FLEX
93612-71444,RB,Travis,Travis Homer,Homer,4.387499809265137,8,4500,GB@CHI,CHI,GB,,,,,,RB/FLEX
93612-64843,WR,Jalen,Jalen Guyton,Guyton,3.700000047683716,2,4500,MIA@LAC,LAC,MIA,NA,Knee - acl,,,,WR/FLEX
93612-56708,TE,Will,Will Dissly,Dissly,4.66000010172526,15,4500,LAR@SEA,SEA,LAR,,,,,,TE/FLEX
93612-94625,WR,Jalen,Jalen Reagor,Reagor,1.2722222010294597,18,4500,PHI@NE,NE,PHI,,,,,,WR/FLEX
93612-41430,WR,Devin,Devin Ross,Ross,,,4500,LV@DEN,LV,DEN,,,,,,WR/FLEX
93612-89588,TE,Colby,Colby Parkinson,Parkinson,3.973333231608073,15,4500,LAR@SEA,SEA,LAR,,,,,,TE/FLEX
93612-72182,WR,Dee,Dee Eskridge,Eskridge,1.144444465637207,9,4500,LAR@SEA,SEA,LAR,IR,Suspension,,,,WR/FLEX
93612-55970,RB,Royce,Royce Freeman,Freeman,4,4,4400,LAR@SEA,LAR,SEA,,,,,,RB/FLEX
93612-61112,TE,Josiah,Josiah Deguara,Deguara,1.9888888465033636,9,4400,GB@CHI,GB,CHI,,,,,,TE/FLEX
93612-130270,TE,Adam,Adam Trautman,Trautman,2.9750000635782876,12,4400,LV@DEN,DEN,LV,,,,,,TE/FLEX
93612-131328,RB,Zach,Zach Evans,Evans,,,4400,LAR@SEA,LAR,SEA,,,,,,RB/FLEX
93612-104278,TE,Donald,Donald Parham Jr.,Parham Jr.,4.0428570338657925,7,4400,MIA@LAC,LAC,MIA,,,,,,TE/FLEX
93612-102762,RB,Kevin,Kevin Harris,Harris,2.2399999618530275,5,4400,PHI@NE,NE,PHI,,,,,,RB/FLEX
93612-22898,RB,Brandon,Brandon Bolden,Bolden,2.8499999046325684,8,4400,LV@DEN,LV,DEN,,,,,,RB/FLEX
93612-94087,RB,DeeJay,DeeJay Dallas,Dallas,2.5,16,4400,LAR@SEA,SEA,LAR,,,,,,RB/FLEX
93612-43433,RB,Boston,Boston Scott,Scott,3.5111111534966364,18,4400,PHI@NE,PHI,NE,,,,,,RB/FLEX
93612-72627,RB,Patrick,Patrick Taylor,Taylor,1.3250000476837158,4,4400,GB@CHI,GB,CHI,,,,,,RB/FLEX
93612-70661,WR,Velus,Velus Jones Jr.,Jones Jr.,2.772727272727273,11,4300,GB@CHI,CHI,GB,,,,,,WR/FLEX
93612-41997,WR,River,River Cracraft,Cracraft,2.966666751437717,9,4300,MIA@LAC,MIA,LAC,,,,,,WR/FLEX
93612-152631,WR,Samori,Samori Toure,Toure,4.175000190734863,4,4300,GB@CHI,GB,CHI,,,,,,WR/FLEX
93612-68712,WR,Tyler,Tyler Johnson,Johnson,,,4300,LAR@SEA,LAR,SEA,,,,,,WR/FLEX
93612-89209,RB,Trestan,Trestan Ebner,Ebner,0.5199999809265137,10,4300,GB@CHI,CHI,GB,Q,Concussion,,,,RB/FLEX
93612-94887,RB,Tyler,Tyler Badie,Badie,8.899999618530273,1,4300,LV@DEN,DEN,LV,,,,,,RB/FLEX
93612-69303,WR,Freddie,Freddie Swain,Swain,3.133333206176758,3,4300,PHI@NE,PHI,NE,,,,,,WR/FLEX
93612-103619,WR,Tre,Tre Tucker,Tucker,,,4300,LV@DEN,LV,DEN,,,,,,WR/FLEX
93612-111876,WR,Demario,Demario Douglas,Douglas,,,4300,PHI@NE,NE,PHI,,,,,,WR/FLEX
93612-39286,TE,O.J.,O.J. Howard,Howard,2.8636363636363638,11,4300,LV@DEN,LV,DEN,,,,,,TE/FLEX
93612-110457,WR,Dontayvion,Dontayvion Wicks,Wicks,,,4300,GB@CHI,GB,CHI,,,,,,WR/FLEX
93612-93075,TE,Hunter,Hunter Long,Long,0,1,4300,LAR@SEA,LAR,SEA,IR,Thigh,,,,TE/FLEX
93612-26038,TE,Tyler,Tyler Kroft,Kroft,1.9249999523162842,4,4300,MIA@LAC,MIA,LAC,,,,,,TE/FLEX
93612-92166,WR,Marcus,Marcus Jones,Jones,1.5571428026471819,14,4200,PHI@NE,NE,PHI,,,,,,WR/FLEX
93612-86543,WR,Erik,Erik Ezukanma,Ezukanma,0.800000011920929,1,4200,MIA@LAC,MIA,LAC,,,,,,WR/FLEX
93612-71241,WR,Brandon,Brandon Johnson,Johnson,2.2399999618530275,5,4200,LV@DEN,DEN,LV,,,,,,WR/FLEX
93612-18009,TE,Chris,Chris Manhertz,Manhertz,1.028571401323591,7,4200,LV@DEN,DEN,LV,,,,,,TE/FLEX
93612-88685,WR,Austin,Austin Trammell,Trammell,1.149999976158142,2,4200,LAR@SEA,LAR,SEA,,,,,,WR/FLEX
93612-79998,WR,Keelan,Keelan Cole Sr.,Cole Sr.,2.281818216497248,11,4200,LV@DEN,LV,DEN,,,,,,WR/FLEX
93612-64147,WR,Britain,Britain Covey,Covey,0,16,4200,PHI@NE,PHI,NE,,,,,,WR/FLEX
93612-110230,RB,Kenny,Kenny McIntosh,McIntosh,,,4200,LAR@SEA,SEA,LAR,IR,Knee,,,,RB/FLEX
93612-80546,TE,Dan,Dan Arnold,Arnold,1.8,10,4200,PHI@NE,PHI,NE,,,,,,TE/FLEX
93612-89283,TE,Tre',Tre' McKitty,McKitty,1.4800000190734863,10,4200,MIA@LAC,LAC,MIA,,,,,,TE/FLEX
93612-63697,TE,Brycen,Brycen Hopkins,Hopkins,2.057142802647182,7,4200,LAR@SEA,LAR,SEA,,,,,,TE/FLEX
93612-57565,RB,Austin,Austin Walter,Walter,,,4200,LV@DEN,LV,DEN,IR,Undisclosed,,,,RB/FLEX
93612-104165,RB,Lew,Lew Nichols III,Nichols III,,,4200,GB@CHI,GB,CHI,Q,Shoulder,,,,RB/FLEX
93612-63717,RB,Alec,Alec Ingold,Ingold,2.566666603088379,12,4200,MIA@LAC,MIA,LAC,,,,,,RB/FLEX
93612-86780,RB,Salvon,Salvon Ahmed,Ahmed,2.857142857142857,7,4200,MIA@LAC,MIA,LAC,,,,,,RB/FLEX
93612-12550,D,Seattle,Seattle Seahawks,Seahawks,6.333333333333333,18,4200,LAR@SEA,SEA,LAR,,,,,,DEF
93612-103187,RB,Roschon,Roschon Johnson,Johnson,,,4200,GB@CHI,CHI,GB,,,,,,RB/FLEX
93612-91467,TE,Jake,Jake Tonges,Tonges,0,1,4200,GB@CHI,CHI,GB,Q,Undisclosed,,,,TE/FLEX
93612-169834,WR,Dareke,Dareke Young,Young,2.5,2,4200,LAR@SEA,SEA,LAR,IR,Groin,,,,WR/FLEX
93612-80294,TE,Anthony,Anthony Firkser,Firkser,1.8125,8,4200,PHI@NE,NE,PHI,,,,,,TE/FLEX
93612-6672,TE,Marcedes,Marcedes Lewis,Lewis,3.933333396911621,6,4100,GB@CHI,CHI,GB,,,,,,TE/FLEX
93612-88607,WR,Braylon,Braylon Sanders,Sanders,0.3499999940395355,2,4100,MIA@LAC,MIA,LAC,,,,,,WR/FLEX
93612-103966,TE,Stone,Stone Smartt,Smartt,1.2333333492279053,3,4100,MIA@LAC,LAC,MIA,,,,,,TE/FLEX
93612-138786,WR,Malik,Malik Heath,Heath,,,4100,GB@CHI,GB,CHI,,,,,,WR/FLEX
93612-154661,WR,Michael,Michael Bandy,Bandy,1.5444444020589192,9,4100,LV@DEN,DEN,LV,,,,,,WR/FLEX
93612-150090,WR,Cade,Cade Johnson,Johnson,2.8333333333333335,3,4100,LAR@SEA,SEA,LAR,,,,,,WR/FLEX
93612-63603,WR,Jared,Jared Pinkney,Pinkney,,,4100,GB@CHI,CHI,GB,Q,Undisclosed,,,,WR/FLEX
93612-86646,RB,Trey,Trey Sermon,Sermon,1.899999976158142,1,4100,PHI@NE,PHI,NE,IR,Undisclosed,,,,RB/FLEX
93612-69752,WR,Jalen,Jalen Virgil,Virgil,3.125,4,4100,LV@DEN,DEN,LV,IR,Knee - meniscus,,,,WR/FLEX
93612-72370,RB,J.J.,J.J. Taylor,Taylor,2.200000047683716,1,4100,PHI@NE,NE,PHI,,,,,,RB/FLEX
93612-52409,RB,Jakob,Jakob Johnson,Johnson,0.5,7,4100,LV@DEN,LV,DEN,,,,,,RB/FLEX
93612-70859,TE,Albert,Albert Okwuegbunam,Okwuegbunam,3.4166666666666665,6,4100,PHI@NE,PHI,NE,,,,,,TE/FLEX
93612-130275,WR,Kristian,Kristian Wilkerson,Wilkerson,,,4100,LV@DEN,LV,DEN,,,,,,WR/FLEX
93612-29411,TE,Pharaoh,Pharaoh Brown,Brown,2.528571537562779,7,4100,PHI@NE,NE,PHI,,,,,,TE/FLEX
93612-149742,RB,Nate,Nate McCrary,McCrary,,,4100,GB@CHI,GB,CHI,,,,,,RB/FLEX
93612-64242,WR,Keke,Keke Coutee,Coutee,0.07142857142857142,7,4100,MIA@LAC,MIA,LAC,,,,,,WR/FLEX
93612-61172,TE,Tyler,Tyler Davis,Davis,0.9199999809265137,5,4100,GB@CHI,GB,CHI,IR,Knee,,,,TE/FLEX
93612-12533,D,Green Bay,Green Bay Packers,Packers,6.882352941176471,17,4100,GB@CHI,GB,CHI,,,,,,DEF
93612-54007,TE,Jacob,Jacob Hollister,Hollister,,,4100,LV@DEN,LV,DEN,Q,Undisclosed,,,,TE/FLEX
93612-91971,RB,Ronnie,Ronnie Rivers,Rivers,3.75,2,4100,LAR@SEA,LAR,SEA,,,,,,RB/FLEX
93612-69451,TE,Jack,Jack Stoll,Stoll,1.709090839732777,11,4100,PHI@NE,PHI,NE,,,,,,TE/FLEX
93612-63839,TE,Tyler,Tyler Mabry,Mabry,7.199999809265137,1,4100,LAR@SEA,SEA,LAR,,,,,,TE/FLEX
93612-71031,WR,Lil'Jordan,Lil'Jordan Humphrey,Humphrey,1,3,4100,LV@DEN,DEN,LV,,,,,,WR/FLEX
93612-43416,WR,Trent,Trent Taylor,Taylor,0.5117646946626551,17,4100,GB@CHI,CHI,GB,,,,,,WR/FLEX
93612-73161,TE,Chase,Chase Allen,Allen,,,4100,GB@CHI,CHI,GB,Q,Undisclosed,,,,TE/FLEX
93612-103896,WR,Nsimba,Nsimba Webster,Webster,2.4000000953674316,1,4100,GB@CHI,CHI,GB,,,,,,WR/FLEX
93612-104421,TE,Jesper,Jesper Horsted,Horsted,1.7000000476837158,2,4100,LV@DEN,LV,DEN,,,,,,TE/FLEX
93612-114177,WR,Milton,Milton Wright,Wright,,,4000,MIA@LAC,LAC,MIA,Q,Undisclosed,,,,WR/FLEX
93612-185856,WR,Taylor,Taylor Grimes,Grimes,,,4000,LV@DEN,DEN,LV,,,,,,WR/FLEX
93612-90628,TE,Griffin,Griffin Hebert,Hebert,,,4000,LAR@SEA,SEA,LAR,,,,,,TE/FLEX
93612-185861,RB,Emanuel,Emanuel Wilson,Wilson,,,4000,GB@CHI,GB,CHI,,,,,,RB/FLEX
93612-185875,TE,Noah,Noah Gindorff,Gindorff,,,4000,LAR@SEA,SEA,LAR,,,,,,TE/FLEX
93612-185878,RB,Elijah,Elijah Dotson,Dotson,,,4000,MIA@LAC,LAC,MIA,,,,,,RB/FLEX
93612-185884,WR,John,John Hall,Hall,,,4000,LAR@SEA,SEA,LAR,,,,,,WR/FLEX
93612-110624,WR,C.J.,C.J. Johnson,Johnson,,,4000,LAR@SEA,SEA,LAR,,,,,,WR/FLEX
93612-133163,WR,Ra'Shaun,Ra'Shaun Henry,Henry,,,4000,LAR@SEA,SEA,LAR,IR,Undisclosed,,,,WR/FLEX
93612-160303,TE,Tucker,Tucker Kraft,Kraft,,,4000,GB@CHI,GB,CHI,,,,,,TE/FLEX
93612-14895,TE,Patrick,Patrick Scales,Scales,,,4000,GB@CHI,CHI,GB,,,,,,TE/FLEX
93612-69173,TE,Hunter,Hunter Kampmoyer,Kampmoyer,,,4000,MIA@LAC,LAC,MIA,,,,,,TE/FLEX
93612-173626,TE,Nate,Nate Adkins,Adkins,,,4000,LV@DEN,DEN,LV,,,,,,TE/FLEX
93612-86075,TE,Lucas,Lucas Krull,Krull,,,4000,LV@DEN,DEN,LV,,,,,,TE/FLEX
93612-94269,RB,Henry,Henry Pearson,Pearson,,,4000,GB@CHI,GB,CHI,,,,,,RB/FLEX
93612-165962,TE,Nikola,Nikola Kalinic,Kalinic,0,1,4000,LAR@SEA,LAR,SEA,,,,,,TE/FLEX
93612-86601,RB,SaRodorick,SaRodorick Thompson Jr.,Thompson Jr.,,,4000,LAR@SEA,SEA,LAR,,,,,,RB/FLEX
93612-104008,TE,Stephen,Stephen Carlson,Carlson,,,4000,GB@CHI,CHI,GB,,,,,,TE/FLEX
93612-104019,TE,Matt,Matt Orzech,Orzech,,,4000,GB@CHI,GB,CHI,,,,,,TE/FLEX
93612-104025,RB,John,John Lovett,Lovett,,,4000,MIA@LAC,MIA,LAC,Q,Undisclosed,,,,RB/FLEX
93612-89185,TE,Ben,Ben Sims,Sims,,,4000,GB@CHI,GB,CHI,,,,,,TE/FLEX
93612-186983,WR,Jadakis,Jadakis Bonds,Bonds,,,4000,GB@CHI,GB,CHI,,,,,,WR/FLEX
93612-147051,RB,Jaleel,Jaleel McLaughlin,McLaughlin,,,4000,LV@DEN,DEN,LV,,,,,,RB/FLEX
93612-86635,WR,Charleston,Charleston Rambo,Rambo,,,4000,PHI@NE,PHI,NE,IR,Undisclosed,,,,WR/FLEX
93612-103020,WR,Puka,Puka Nacua,Nacua,,,4000,LAR@SEA,LAR,SEA,,,,,,WR/FLEX
93612-64627,WR,Scotty,Scotty Washington,Washington,,,4000,PHI@NE,NE,PHI,,,,,,WR/FLEX
93612-61555,WR,David,David Sills V,Sills V,2.3000000544956754,7,4000,LV@DEN,DEN,LV,,,,,,WR/FLEX
93612-55414,WR,Cody,Cody Thompson,Thompson,,,4000,LAR@SEA,SEA,LAR,,,,,,WR/FLEX
93612-104054,RB,Sincere,Sincere McCormick,McCormick,,,4000,LV@DEN,LV,DEN,,,,,,RB/FLEX
93612-86657,RB,Kennedy,Kennedy Brooks,Brooks,,,4000,PHI@NE,PHI,NE,,,,,,RB/FLEX
93612-93824,WR,Easop,Easop Winston Jr.,Winston Jr.,,,4000,LAR@SEA,SEA,LAR,,,,,,WR/FLEX
93612-87690,TE,Sal,Sal Cannella,Cannella,,,4000,LAR@SEA,SEA,LAR,,,,,,TE/FLEX
93612-71821,WR,Joe,Joe Reed,Reed,,,4000,GB@CHI,CHI,GB,IR,Undisclosed,,,,WR/FLEX
93612-86682,TE,Grant,Grant Calcaterra,Calcaterra,2.1200000762939455,5,4000,PHI@NE,PHI,NE,,,,,,TE/FLEX
93612-87711,TE,John Samuel,John Samuel Shenker,Shenker,,,4000,LV@DEN,LV,DEN,,,,,,TE/FLEX
93612-178337,RB,Tyler,Tyler Hoosman,Hoosman,,,4000,MIA@LAC,LAC,MIA,,,,,,RB/FLEX
93612-103086,WR,Jadon,Jadon Haselwood,Haselwood,,,4000,PHI@NE,PHI,NE,,,,,,WR/FLEX
93612-96942,WR,Keelan,Keelan Doss,Doss,,,4000,MIA@LAC,LAC,MIA,,,,,,WR/FLEX
93612-89265,TE,Camren,Camren McDonald,McDonald,,,4000,LAR@SEA,LAR,SEA,,,,,,TE/FLEX
93612-7856,WR,Matthew,Matthew Slater,Slater,,,4000,PHI@NE,NE,PHI,,,,,,WR/FLEX
93612-157875,WR,Grant,Grant DuBose,DuBose,,,4000,GB@CHI,GB,CHI,,,,,,WR/FLEX
93612-105648,RB,Tyler,Tyler Goodson,Goodson,,,4000,GB@CHI,GB,CHI,Q,Shoulder,,,,RB/FLEX
93612-87731,WR,Dominique,Dominique Robinson,Robinson,,,4000,GB@CHI,CHI,GB,,,,,,WR/FLEX
93612-89270,WR,Pokey,Pokey Wilson,Wilson,,,4000,MIA@LAC,LAC,MIA,,,,,,WR/FLEX
93612-104124,WR,Darrius,Darrius Shepherd,Shepherd,,,4000,MIA@LAC,LAC,MIA,Q,Undisclosed,,,,WR/FLEX
93612-71372,WR,Tyrie,Tyrie Cleveland,Cleveland,1.2666666507720947,3,4000,PHI@NE,PHI,NE,Q,Concussion,,,,WR/FLEX
93612-170188,TE,Tanner,Tanner Conner,Conner,0,2,4000,MIA@LAC,MIA,LAC,,,,,,TE/FLEX
93612-167117,WR,Tyler,Tyler Hudson,Hudson,,,4000,LAR@SEA,LAR,SEA,,,,,,WR/FLEX
93612-129240,WR,Tyler,Tyler Scott,Scott,,,4000,GB@CHI,CHI,GB,,,,,,WR/FLEX
93612-91875,TE,Michael,Michael Ezeike,Ezeike,,,4000,MIA@LAC,LAC,MIA,,,,,,TE/FLEX
93612-56041,RB,Khari,Khari Blasingame,Blasingame,0,1,4000,GB@CHI,CHI,GB,,,,,,RB/FLEX
93612-92395,RB,Chris,Chris Smith,Smith,,,4000,LAR@SEA,SEA,LAR,,,,,,RB/FLEX
93612-12527,D,Chicago,Chicago Bears,Bears,3.6470588235294117,17,4000,GB@CHI,CHI,GB,,,,,,DEF
93612-12531,D,Denver,Denver Broncos,Broncos,6,17,4000,LV@DEN,DEN,LV,,,,,,DEF
93612-86781,WR,Terrell,Terrell Bynum,Bynum,,,4000,MIA@LAC,LAC,MIA,,,,,,WR/FLEX
93612-114465,TE,Christian,Christian Sims,Sims,,,4000,LAR@SEA,LAR,SEA,,,,,,TE/FLEX
93612-71459,RB,Brittain,Brittain Brown,Brown,,,4000,LV@DEN,LV,DEN,IR,Undisclosed,,,,RB/FLEX
93612-87844,TE,Brady,Brady Russell,Russell,,,4000,PHI@NE,PHI,NE,,,,,,TE/FLEX
93612-174372,WR,Nick,Nick Williams,Williams,,,4000,LV@DEN,DEN,LV,,,,,,WR/FLEX
93612-130343,WR,Jeff,Jeff Cotton Jr.,Cotton Jr.,,,4000,GB@CHI,GB,CHI,Q,Undisclosed,,,,WR/FLEX
93612-170290,TE,Dre,Dre Miller,Miller,,,4000,GB@CHI,GB,CHI,,,,,,TE/FLEX
93612-92984,WR,Justin,Justin Marshall,Marshall,,,4000,LAR@SEA,SEA,LAR,,,,,,WR/FLEX
93612-91960,WR,Chris,Chris Coleman,Coleman,,,4000,MIA@LAC,MIA,LAC,,,,,,WR/FLEX
93612-185660,WR,Malik,Malik Flowers,Flowers,,,4000,LAR@SEA,SEA,LAR,,,,,,WR/FLEX
93612-90955,WR,Tyjon,Tyjon Lindsey,Lindsey,,,4000,LAR@SEA,SEA,LAR,,,,,,WR/FLEX
93612-58189,TE,Mitchell,Mitchell Fraboni,Fraboni,,,4000,LV@DEN,DEN,LV,,,,,,TE/FLEX
93612-88915,RB,Bryant,Bryant Koback,Koback,,,4000,LAR@SEA,SEA,LAR,,,,,,RB/FLEX
93612-73046,WR,Tre,Tre Nixon,Nixon,,,4000,PHI@NE,NE,PHI,IR,Shoulder,,,,WR/FLEX
93612-90971,TE,Austin,Austin Allen,Allen,,,4000,GB@CHI,GB,CHI,,,,,,TE/FLEX
93612-91488,RB,Chris,Chris Brooks,Brooks,,,4000,MIA@LAC,MIA,LAC,,,,,,RB/FLEX
93612-66402,TE,Jack,Jack Driscoll,Driscoll,,,4000,PHI@NE,PHI,NE,,,,,,TE/FLEX
93612-119653,WR,Kayshon,Kayshon Boutte,Boutte,,,4000,PHI@NE,NE,PHI,,,,,,WR/FLEX
93612-88421,WR,Daewood,Daewood Davis,Davis,,,4000,MIA@LAC,MIA,LAC,Q,Concussion,,,,WR/FLEX
93612-86913,TE,Kris,Kris Leach,Leach,,,4000,LV@DEN,DEN,LV,,,,,,TE/FLEX
93612-185747,WR,Cody,Cody Chrest,Chrest,,,4000,GB@CHI,GB,CHI,,,,,,WR/FLEX
93612-185744,WR,Johnny,Johnny King,King,,,4000,PHI@NE,PHI,NE,,,,,,WR/FLEX
93612-94099,RB,Robert,Robert Burns,Burns,,,4000,GB@CHI,CHI,GB,,,,,,RB/FLEX
93612-141201,WR,Raleigh,Raleigh Webb,Webb,,,4000,MIA@LAC,MIA,LAC,,,,,,WR/FLEX
93612-87961,RB,Wayne,Wayne Taulapapa,Taulapapa,,,4000,LAR@SEA,SEA,LAR,,,,,,RB/FLEX
93612-64408,TE,Nick,Nick Bowers,Bowers,,,4000,MIA@LAC,MIA,LAC,,,,,,TE/FLEX
93612-93592,WR,Sam,Sam James,James,,,4000,LAR@SEA,LAR,SEA,,,,,,WR/FLEX
93612-70043,TE,Cole,Cole Fotheringham,Fotheringham,,,4000,LV@DEN,LV,DEN,,,,,,TE/FLEX
93612-28570,TE,Nick,Nick Vannett,Vannett,1.7,5,4000,MIA@LAC,LAC,MIA,,,,,,TE/FLEX
93612-185753,WR,T.J.,T.J. Luther,Luther,,,4000,PHI@NE,NE,PHI,,,,,,WR/FLEX
93612-94621,WR,Derius,Derius Davis,Davis,,,4000,MIA@LAC,LAC,MIA,,,,,,WR/FLEX
93612-64926,WR,Michael,Michael Jacquet III,Jacquet III,,,4000,MIA@LAC,LAC,MIA,,,,,,WR/FLEX
93612-34729,RB,Dwayne,Dwayne Washington,Washington,1,5,4000,LV@DEN,DEN,LV,,,,,,RB/FLEX
93612-40365,WR,Devon,Devon Allen,Allen,,,4000,PHI@NE,PHI,NE,,,,,,WR/FLEX
93612-102831,TE,Davis,Davis Allen,Allen,,,4000,LAR@SEA,LAR,SEA,,,,,,TE/FLEX
93612-60849,WR,Blake,Blake Lynch,Lynch,,,4000,MIA@LAC,LAC,MIA,Q,Undisclosed,,,,WR/FLEX
93612-185777,TE,Damien,Damien Caffrey,Caffrey,,,4000,GB@CHI,CHI,GB,,,,,,TE/FLEX
93612-185782,WR,Thyrick,Thyrick Pitts,Pitts,,,4000,PHI@NE,NE,PHI,,,,,,WR/FLEX
93612-102836,WR,Joseph,Joseph Ngata,Ngata,,,4000,PHI@NE,PHI,NE,,,,,,WR/FLEX
93612-187324,WR,Ed,Ed Lee,Lee,,,4000,PHI@NE,NE,PHI,,,,,,WR/FLEX
93612-92606,WR,Bo,Bo Melton,Melton,,,4000,GB@CHI,GB,CHI,,,,,,WR/FLEX
93612-72133,WR,Antoine,Antoine Wesley,Wesley,,,4000,LV@DEN,LV,DEN,,,,,,WR/FLEX
93612-55750,WR,Chris,Chris Lacy,Lacy,,,4000,LV@DEN,LV,DEN,Q,Undisclosed,,,,WR/FLEX
93612-113096,WR,Xavier,Xavier Smith,Smith,,,4000,LAR@SEA,LAR,SEA,,,,,,WR/FLEX
93612-86472,WR,John,John Hightower,Hightower,,,4000,MIA@LAC,LAC,MIA,,,,,,WR/FLEX
93612-26057,RB,Michael,Michael Burton,Burton,0.3999999931880406,7,4000,LV@DEN,DEN,LV,,,,,,RB/FLEX
93612-91612,WR,Matt,Matt Landers,Landers,,,4000,LAR@SEA,SEA,LAR,,,,,,WR/FLEX
93612-93150,WR,Jake,Jake Bobo,Bobo,,,4000,LAR@SEA,SEA,LAR,,,,,,WR/FLEX
93612-54239,TE,Matt,Matt Sokol,Sokol,,,4000,PHI@NE,NE,PHI,,,,,,TE/FLEX
93612-96224,TE,Lachlan,Lachlan Pitts,Pitts,,,4000,GB@CHI,CHI,GB,,,,,,TE/FLEX
93612-14820,RB,Nick,Nick Bellore,Bellore,0.30000001192092896,1,4000,LAR@SEA,SEA,LAR,,,,,,RB/FLEX
93612-129508,WR,Duece,Duece Watts,Watts,,,4000,GB@CHI,GB,CHI,,,,,,WR/FLEX
93612-71661,WR,Tino,Tino Ellis,Ellis,,,4000,MIA@LAC,MIA,LAC,Q,Undisclosed,,,,WR/FLEX
93612-71662,WR,DJ,DJ Turner,Turner,0.8666666348775228,3,4000,LV@DEN,LV,DEN,Q,Undisclosed,,,,WR/FLEX
93612-40434,WR,Greg,Greg Ward,Ward,,,4000,PHI@NE,PHI,NE,,,,,,WR/FLEX
93612-185850,TE,Julian,Julian Hill,Hill,,,4000,MIA@LAC,MIA,LAC,Q,Ankle,,,,TE/FLEX
93612-185854,WR,Dallas,Dallas Daniels,Daniels,,,4000,LV@DEN,DEN,LV,,,,,,WR/FLEX
93612-12537,D,Las Vegas,Las Vegas Raiders,Raiders,4.529411764705882,17,3700,LV@DEN,LV,DEN,,,,,,DEF
93612-12541,D,New England,New England Patriots,Patriots,11.235294117647058,17,3500,PHI@NE,NE,PHI,,,,,,DEF
93612-12548,D,Los Angeles,Los Angeles Chargers,Chargers,6.333333333333333,18,3400,MIA@LAC,LAC,MIA,,,,,,DEF
93612-12539,D,Miami,Miami Dolphins,Dolphins,6.777777777777778,18,3300,MIA@LAC,MIA,LAC,,,,,,DEF
93612-12538,D,Los Angeles,Los Angeles Rams,Rams,6.176470588235294,17,3200,LAR@SEA,LAR,SEA,,,,,,DEF