Id,Position,First Name,Nickname,Last Name,FPPG,Played,Salary,Game,Team,Opponent,Injury Indicator,Injury Details,Tier,,,Roster Position
92765-85671,WR,Justin,Justin Jefferson,Jefferson,17.376666598849827,18,9500,TB@MIN,MIN,TB,,,,,,WR/FLEX
92765-79970,WR,Cooper,Cooper Kupp,Kupp,18.211110432942707,9,9300,LAR@SEA,LAR,SEA,IR,Hamstring,,,,WR/FLEX
92765-55050,RB,Christian,Christian McCaffrey,McCaffrey,18.38800048828125,20,9200,SF@PIT,SF,PIT,,,,,,RB/FLEX
92765-80001,RB,Austin,Austin Ekeler,Ekeler,18.694444444444443,18,9000,MIA@LAC,LAC,MIA,,,,,,RB/FLEX
92765-69531,QB,Jalen,Jalen Hurts,Hurts,25.75,18,9000,PHI@NE,PHI,NE,,,,,,QB
92765-63115,QB,Lamar,Lamar Jackson,Jackson,20.25666681925456,12,8900,HOU@BAL,BAL,HOU,,,,,,QB
92765-53681,WR,Tyreek,Tyreek Hill,Hill,16.700000339084202,18,8800,MIA@LAC,MIA,LAC,,,,,,WR/FLEX
92765-53562,RB,Nick,Nick Chubb,Chubb,15.758823170381433,17,8600,CIN@CLE,CLE,CIN,,,,,,RB/FLEX
92765-39280,RB,Derrick,Derrick Henry,Henry,17.891250610351562,16,8500,TEN@NO,TEN,NO,,,,,,RB/FLEX
92765-85701,WR,Ja'Marr,Ja'Marr Chase,Chase,16.213333129882812,15,8500,CIN@CLE,CIN,CLE,,,,,,WR/FLEX
92765-72731,RB,Josh,Josh Jacobs,Jacobs,17.752940458409928,17,8400,LV@DEN,LV,DEN,,,,,,RB/FLEX
92765-91591,QB,Justin,Justin Fields,Fields,20.465334065755208,15,8300,GB@CHI,CHI,GB,,,,,,QB
92765-45889,WR,Davante,Davante Adams,Adams,16.794117647058822,17,8200,LV@DEN,LV,DEN,,,,,,WR/FLEX
92765-72846,WR,A.J.,A.J. Brown,Brown,14.135000610351563,20,8100,PHI@NE,PHI,NE,,,,,,WR/FLEX
92765-69189,QB,Justin,Justin Herbert,Herbert,17.02111138237847,18,8100,MIA@LAC,LAC,MIA,,,,,,QB
92765-29253,WR,Keenan,Keenan Allen,Allen,12.736364191228693,11,8000,MIA@LAC,LAC,MIA,,,,,,WR/FLEX
92765-52436,TE,Mark,Mark Andrews,Andrews,10.237500190734863,16,8000,HOU@BAL,BAL,HOU,Q,Quadriceps,,,,TE/FLEX
92765-89675,RB,Jonathan,Jonathan Taylor,Taylor,12.03636308149858,11,8000,JAC@IND,IND,JAC,NA,Ankle,,,,RB/FLEX
92765-89951,QB,Trevor,Trevor Lawrence,Lawrence,18.11684216951069,19,8000,JAC@IND,JAC,IND,,,,,,QB
92765-90573,WR,Jaylen,Jaylen Waddle,Waddle,12.688888549804688,18,7900,MIA@LAC,MIA,LAC,,,,,,WR/FLEX
92765-63336,QB,Joe,Joe Burrow,Burrow,21.341000366210938,20,7900,CIN@CLE,CIN,CLE,,,,,,QB
92765-136855,RB,Bijan,Bijan Robinson,Robinson,,,7800,CAR@ATL,ATL,CAR,,,,,,RB/FLEX
92765-90572,QB,Tua,Tua Tagovailoa,Tagovailoa,18.37846139761118,13,7700,MIA@LAC,MIA,LAC,,,,,,QB
92765-73048,WR,DK,DK Metcalf,Metcalf,11.799999660915798,18,7700,LAR@SEA,SEA,LAR,,,,,,WR/FLEX
92765-89956,RB,Travis,Travis Etienne Jr.,Etienne Jr.,11.352631418328537,19,7700,JAC@IND,JAC,IND,,,,,,RB/FLEX
92765-16606,WR,DeAndre,DeAndre Hopkins,Hopkins,13.299999660915798,9,7500,TEN@NO,TEN,NO,,,,,,WR/FLEX
92765-52442,RB,Joe,Joe Mixon,Mixon,13.444444444444445,18,7500,CIN@CLE,CIN,CLE,,,,,,RB/FLEX
92765-22038,QB,Kirk,Kirk Cousins,Cousins,18.38333299424913,18,7500,TB@MIN,MIN,TB,,,,,,QB
92765-54879,QB,Deshaun,Deshaun Watson,Watson,15.096666971842447,6,7400,CIN@CLE,CLE,CIN,,,,,,QB
92765-89981,WR,Tee,Tee Higgins,Higgins,11.944444444444445,18,7400,CIN@CLE,CIN,CLE,,,,,,WR/FLEX
92765-72776,RB,Alexander,Alexander Mattison,Mattison,4.533333248562283,18,7300,TB@MIN,MIN,TB,,,,,,RB/FLEX
92765-22015,QB,Russell,Russell Wilson,Wilson,15.750666300455729,15,7300,LV@DEN,DEN,LV,,,,,,QB
92765-87770,WR,Chris,Chris Olave,Olave,10.813333129882812,15,7300,TEN@NO,NO,TEN,,,,,,WR/FLEX
92765-71706,TE,T.J.,T.J. Hockenson,Hockenson,10.572222391764322,18,7200,TB@MIN,MIN,TB,,,,,,TE/FLEX
92765-90576,WR,DeVonta,DeVonta Smith,Smith,12.015000152587891,20,7200,PHI@NE,PHI,NE,,,,,,WR/FLEX
92765-40442,RB,Aaron,Aaron Jones,Jones,12.888235653147978,17,7200,GB@CHI,GB,CHI,,,,,,RB/FLEX
92765-26483,QB,Geno,Geno Smith,Smith,18.488888210720486,18,7200,LAR@SEA,SEA,LAR,,,,,,QB
92765-104576,QB,Sam,Sam Howell,Howell,19.260000228881836,1,7100,ARI@WAS,WAS,ARI,,,,,,QB
92765-39829,WR,Mike,Mike Williams,Williams,11.153846153846153,13,7100,MIA@LAC,LAC,MIA,,,,,,WR/FLEX
92765-103342,RB,Kenneth,Kenneth Walker III,Walker III,12.631250381469727,16,7100,LAR@SEA,SEA,LAR,,,,,,RB/FLEX
92765-56018,WR,Deebo,Deebo Samuel,Samuel,10.962499618530273,16,7000,SF@PIT,SF,PIT,,,,,,WR/FLEX
92765-45859,QB,Derek,Derek Carr,Carr,15.538666788736979,15,7000,TEN@NO,NO,TEN,,,,,,QB
92765-111540,RB,Rhamondre,Rhamondre Stevenson,Stevenson,12.623529770795036,17,7000,PHI@NE,NE,PHI,Q,Illness,,,,RB/FLEX
92765-64555,WR,Calvin,Calvin Ridley,Ridley,,,7000,JAC@IND,JAC,IND,,,,,,WR/FLEX
92765-42104,RB,Alvin,Alvin Kamara,Kamara,12.213333129882812,15,7000,TEN@NO,NO,TEN,IR,Suspension,,,,RB/FLEX
92765-63484,QB,Kyler,Kyler Murray,Murray,18.865454933860086,11,7000,ARI@WAS,ARI,WAS,NA,Knee - acl,,,,QB
92765-71845,RB,Miles,Miles Sanders,Sanders,11.71500015258789,20,6900,CAR@ATL,CAR,ATL,,,,,,RB/FLEX
92765-56250,WR,Terry,Terry McLaurin,McLaurin,11.205882352941176,17,6900,ARI@WAS,WAS,ARI,,,,,,WR/FLEX
92765-60858,WR,Christian,Christian Kirk,Kirk,12.326315628854852,19,6900,JAC@IND,JAC,IND,,,,,,WR/FLEX
92765-85607,QB,Brock,Brock Purdy,Purdy,12.78499984741211,12,6900,SF@PIT,SF,PIT,,,,,,QB
92765-55635,WR,Chris,Chris Godwin,Godwin,11.518750190734863,16,6800,TB@MIN,TB,MIN,,,,,,WR/FLEX
92765-27050,WR,Tyler,Tyler Lockett,Lockett,11.894117467543659,17,6800,LAR@SEA,SEA,LAR,,,,,,WR/FLEX
92765-6654,QB,Matthew,Matthew Stafford,Stafford,12.93111080593533,9,6800,LAR@SEA,LAR,SEA,,,,,,QB
92765-45631,RB,Jamaal,Jamaal Williams,Williams,12.935293758616728,17,6800,TEN@NO,NO,TEN,,,,,,RB/FLEX
92765-31001,WR,Amari,Amari Cooper,Cooper,12.235294117647058,17,6700,CIN@CLE,CLE,CIN,,,,,,WR/FLEX
92765-129315,QB,Anthony,Anthony Richardson,Richardson,,,6700,JAC@IND,IND,JAC,,,,,,QB
92765-61798,QB,Gardner,Gardner Minshew II,Minshew II,6.603333155314128,6,6700,JAC@IND,IND,JAC,,,,,,QB
92765-90561,WR,Jerry,Jerry Jeudy,Jeudy,11.379999796549479,15,6700,LV@DEN,DEN,LV,Q,Hamstring,,,,WR/FLEX
92765-90575,RB,Najee,Najee Harris,Harris,11.93882392434513,17,6700,SF@PIT,PIT,SF,,,,,,RB/FLEX
92765-40687,RB,James,James Conner,Conner,13.63076899601863,13,6700,ARI@WAS,ARI,WAS,,,,,,RB/FLEX
92765-39793,TE,George,George Kittle,Kittle,10.794444613986546,18,6600,SF@PIT,SF,PIT,Q,Groin,,,,TE/FLEX
92765-89230,RB,Cam,Cam Akers,Akers,8.986666870117187,15,6600,LAR@SEA,LAR,SEA,,,,,,RB/FLEX
92765-54604,QB,Jimmy,Jimmy Garoppolo,Garoppolo,15.343636252663352,11,6600,LV@DEN,LV,DEN,,,,,,QB
92765-69213,WR,Michael,Michael Pittman Jr.,Pittman Jr.,10.4375,16,6600,JAC@IND,IND,JAC,,,,,,WR/FLEX
92765-85798,WR,Brandon,Brandon Aiyuk,Aiyuk,10.134999847412109,20,6600,SF@PIT,SF,PIT,,,,,,WR/FLEX
92765-92020,QB,Kenny,Kenny Pickett,Pickett,12.22000004695012,13,6600,SF@PIT,PIT,SF,,,,,,QB
92765-86278,QB,Desmond,Desmond Ridder,Ridder,9.680000305175781,4,6500,CAR@ATL,ATL,CAR,,,,,,QB
92765-86687,WR,Marquise,Marquise Brown,Brown,10.208333333333334,12,6500,ARI@WAS,ARI,WAS,Q,Hamstring,,,,WR/FLEX
92765-119606,QB,Bryce,Bryce Young,Young,,,6500,CAR@ATL,CAR,ATL,,,,,,QB
92765-93541,RB,Javonte,Javonte Williams,Williams,8.5,4,6500,LV@DEN,DEN,LV,,,,,,RB/FLEX
92765-21948,QB,Ryan,Ryan Tannehill,Tannehill,13.936667124430338,12,6500,TEN@NO,TEN,NO,,,,,,QB
92765-32384,WR,Mike,Mike Evans,Evans,12.456250190734863,16,6500,TB@MIN,TB,MIN,,,,,,WR/FLEX
92765-87787,RB,J.K.,J.K. Dobbins,Dobbins,10.688888549804688,9,6500,HOU@BAL,BAL,HOU,,,,,,RB/FLEX
92765-90562,RB,Brian,Brian Robinson Jr.,Robinson Jr.,9.016666412353516,12,6400,ARI@WAS,WAS,ARI,,,,,,RB/FLEX
92765-90584,QB,Mac,Mac Jones,Jones,12.934285845075335,14,6400,PHI@NE,NE,PHI,,,,,,QB
92765-66008,WR,Diontae,Diontae Johnson,Johnson,8.099999820484834,17,6400,SF@PIT,PIT,SF,,,,,,WR/FLEX
92765-137902,RB,Rachaad,Rachaad White,White,6.877777947319879,18,6400,TB@MIN,TB,MIN,,,,,,RB/FLEX
92765-83074,TE,Dallas,Dallas Goedert,Goedert,9.453333536783854,15,6400,PHI@NE,PHI,NE,,,,,,TE/FLEX
92765-69017,QB,Jordan,Jordan Love,Love,2.924999952316284,4,6400,GB@CHI,GB,CHI,,,,,,QB
92765-129471,QB,C.J.,C.J. Stroud,Stroud,,,6300,HOU@BAL,HOU,BAL,,,,,,QB
92765-41535,QB,Baker,Baker Mayfield,Mayfield,10.78499984741211,12,6300,TB@MIN,TB,MIN,,,,,,QB
92765-91598,RB,D'Andre,D'Andre Swift,Swift,11.935714721679688,14,6300,PHI@NE,PHI,NE,,,,,,RB/FLEX
92765-63043,WR,DJ,DJ Moore,Moore,9.858823888442096,17,6300,GB@CHI,CHI,GB,,,,,,WR/FLEX
92765-169776,WR,Christian,Christian Watson,Watson,10.257143293108259,14,6300,GB@CHI,GB,CHI,O,Hamstring,,,,WR/FLEX
92765-86055,RB,Dameon,Dameon Pierce,Pierce,11.646153376652645,13,6200,HOU@BAL,HOU,BAL,,,,,,RB/FLEX
92765-53331,QB,Taylor,Taylor Heinicke,Heinicke,13.551111009385851,9,6200,CAR@ATL,ATL,CAR,,,,,,QB
92765-63589,QB,Sam,Sam Darnold,Darnold,14.886666615804037,6,6200,SF@PIT,SF,PIT,,,,,,QB
92765-112745,WR,Drake,Drake London,London,8.388235653147978,17,6200,CAR@ATL,ATL,CAR,,,,,,WR/FLEX
92765-86243,QB,Will,Will Levis,Levis,,,6200,TEN@NO,TEN,NO,,,,,,QB
92765-70051,QB,Tyler,Tyler Huntley,Huntley,12.076666514078775,6,6200,HOU@BAL,BAL,HOU,,,,,,QB
92765-31170,QB,Brandon,Brandon Allen,Allen,0.7799999713897705,1,6200,SF@PIT,SF,PIT,,,,,,QB
92765-41827,QB,P.J.,P.J. Walker,Walker,7.023333231608073,6,6200,CIN@CLE,CLE,CIN,,,,,,QB
92765-87691,QB,Malik,Malik Willis,Willis,3.1914285932268416,7,6200,TEN@NO,TEN,NO,,,,,,QB
92765-69304,QB,Kyle,Kyle Trask,Trask,0.9200000166893005,1,6200,TB@MIN,TB,MIN,,,,,,QB
92765-38628,QB,Mitch,Mitch Trubisky,Trubisky,11.268571036202568,7,6200,SF@PIT,PIT,SF,,,,,,QB
92765-28434,QB,Trevor,Trevor Siemian,Siemian,5.579999923706055,2,6200,CIN@CLE,CIN,CLE,,,,,,QB
92765-8023,QB,Josh,Josh Johnson,Johnson,0.9300000071525574,2,6200,HOU@BAL,BAL,HOU,,,,,,QB
92765-14225,QB,Andy,Andy Dalton,Dalton,13.08857182094029,14,6200,CAR@ATL,CAR,ATL,,,,,,QB
92765-30761,QB,Nathan,Nathan Peterman,Peterman,3.086666742960612,3,6100,GB@CHI,CHI,GB,,,,,,QB
92765-86200,QB,Sean,Sean Clifford,Clifford,,,6100,GB@CHI,GB,CHI,,,,,,QB
92765-45259,QB,Logan,Logan Woodside,Woodside,,,6100,CAR@ATL,ATL,CAR,,,,,,QB
92765-86229,WR,Jahan,Jahan Dotson,Dotson,9.424999872843424,12,6100,ARI@WAS,WAS,ARI,,,,,,WR/FLEX
92765-24849,QB,Jameis,Jameis Winston,Winston,16.306666056315105,3,6100,TEN@NO,NO,TEN,,,,,,QB
92765-64051,QB,Drew,Drew Lock,Lock,,,6100,LAR@SEA,SEA,LAR,,,,,,QB
92765-88630,QB,Matt,Matt Corral,Corral,,,6100,PHI@NE,NE,PHI,IR,Undisclosed,,,,QB
92765-41562,QB,Nick,Nick Mullens,Mullens,3.190000057220459,4,6100,TB@MIN,MIN,TB,,,,,,QB
92765-29358,QB,Marcus,Marcus Mariota,Mariota,15.812307504507212,13,6100,PHI@NE,PHI,NE,,,,,,QB
92765-139985,QB,Bailey,Bailey Zappe,Zappe,10.53499984741211,4,6100,PHI@NE,NE,PHI,,,,,,QB
92765-72412,RB,Khalil,Khalil Herbert,Herbert,8.715384850135216,13,6100,GB@CHI,CHI,GB,,,,,,RB/FLEX
92765-93107,RB,AJ,AJ Dillon,Dillon,9.03529447667739,17,6100,GB@CHI,GB,CHI,,,,,,RB/FLEX
92765-11500,QB,Colt,Colt McCoy,McCoy,8.949999809265137,4,6100,ARI@WAS,ARI,WAS,,,,,,QB
92765-27986,QB,C.J.,C.J. Beathard,Beathard,0,4,6100,JAC@IND,JAC,IND,,,,,,QB
92765-103824,QB,Easton,Easton Stick,Stick,,,6100,MIA@LAC,LAC,MIA,,,,,,QB
92765-91583,QB,Stetson,Stetson Bennett,Bennett,,,6100,LAR@SEA,LAR,SEA,O,Shoulder,,,,QB
92765-40407,QB,Joshua,Joshua Dobbs,Dobbs,11.420000076293945,2,6100,ARI@WAS,ARI,WAS,,,,,,QB
92765-60947,QB,Jarrett,Jarrett Stidham,Stidham,15.213333129882812,3,6100,LV@DEN,DEN,LV,,,,,,QB
92765-30231,QB,Jacoby,Jacoby Brissett,Brissett,12.472856794084821,14,6100,ARI@WAS,WAS,ARI,,,,,,QB
92765-89628,QB,Davis,Davis Mills,Mills,13.101333618164062,15,6100,HOU@BAL,HOU,BAL,,,,,,QB
92765-40534,QB,Mike,Mike White,White,15.145000457763672,4,6100,MIA@LAC,MIA,LAC,,,,,,QB
92765-7872,QB,Brian,Brian Hoyer,Hoyer,1.4800000190734863,1,6100,LV@DEN,LV,DEN,,,,,,QB
92765-85845,WR,Rashod,Rashod Bateman,Bateman,7.666666666666667,6,6100,HOU@BAL,BAL,HOU,,,,,,WR/FLEX
92765-69597,QB,Anthony,Anthony Brown,Brown,3.7899999618530273,2,6100,HOU@BAL,BAL,HOU,,,,,,QB
92765-86080,TE,Kyle,Kyle Pitts,Pitts,6.159999847412109,10,6000,CAR@ATL,ATL,CAR,,,,,,TE/FLEX
92765-45229,RB,Kareem,Kareem Hunt,Hunt,6.429411944221048,17,6000,CIN@CLE,CLE,CIN,,,,,,RB/FLEX
92765-90400,QB,Jaren,Jaren Hall,Hall,,,6000,TB@MIN,MIN,TB,,,,,,QB
92765-88440,QB,Braxton,Braxton Burmeister,Burmeister,,,6000,LAR@SEA,LAR,SEA,,,,,,QB
92765-92560,QB,Sam,Sam Ehlinger,Ehlinger,9.654999732971191,4,6000,JAC@IND,IND,JAC,,,,,,QB
92765-22994,QB,Case,Case Keenum,Keenum,0.1599999964237213,2,6000,HOU@BAL,HOU,BAL,,,,,,QB
92765-53729,QB,Mason,Mason Rudolph,Rudolph,,,6000,SF@PIT,PIT,SF,,,,,,QB
92765-45565,TE,Taysom,Taysom Hill,Hill,8.831250190734863,16,6000,TEN@NO,NO,TEN,,,,,,TE/FLEX
92765-94718,QB,Nathan,Nathan Rourke,Rourke,,,6000,JAC@IND,JAC,IND,,,,,,QB
92765-94797,QB,Kellen,Kellen Mond,Mond,,,6000,CIN@CLE,CLE,CIN,,,,,,QB
92765-8803,QB,Chase,Chase Daniel,Daniel,2.826666514078776,3,6000,MIA@LAC,LAC,MIA,,,,,,QB
92765-90813,QB,Clayton,Clayton Tune,Tune,,,6000,ARI@WAS,ARI,WAS,,,,,,QB
92765-103109,QB,Max,Max Duggan,Duggan,,,6000,MIA@LAC,LAC,MIA,,,,,,QB
92765-86793,QB,Jake,Jake Haener,Haener,,,6000,TEN@NO,NO,TEN,IR,Suspension,,,,QB
92765-39716,WR,Adam,Adam Thielen,Thielen,8.416666666666666,18,6000,CAR@ATL,CAR,ATL,Q,Ankle,,,,WR/FLEX
92765-92975,QB,Malik,Malik Cunningham,Cunningham,,,6000,PHI@NE,NE,PHI,,,,,,QB
92765-56192,QB,John,John Wolford,Wolford,8.899999618530273,2,6000,TB@MIN,TB,MIN,,,,,,QB
92765-56286,QB,Trace,Trace McSorley,McSorley,2.715999984741211,5,6000,PHI@NE,NE,PHI,,,,,,QB
92765-89236,QB,James,James Blackman,Blackman,,,6000,MIA@LAC,MIA,LAC,,,,,,QB
92765-93382,QB,Aidan,Aidan O'Connell,O'Connell,,,6000,LV@DEN,LV,DEN,,,,,,QB
92765-130269,QB,Reid,Reid Sinnett,Sinnett,,,6000,CIN@CLE,CIN,CLE,,,,,,QB
92765-52451,RB,Samaje,Samaje Perine,Perine,7.4947365208675985,19,6000,LV@DEN,DEN,LV,,,,,,RB/FLEX
92765-54507,QB,Alex,Alex McGough,McGough,,,6000,GB@CHI,GB,CHI,,,,,,QB
92765-185629,QB,Tim,Tim DeMorat,DeMorat,,,6000,ARI@WAS,WAS,ARI,,,,,,QB
92765-185640,QB,Dresser,Dresser Winn,Winn,,,6000,LAR@SEA,LAR,SEA,,,,,,QB
92765-91468,QB,Chase,Chase Garbers,Garbers,,,6000,LV@DEN,LV,DEN,,,,,,QB
92765-60787,QB,Bryce,Bryce Perkins,Perkins,3.4880001068115236,5,6000,LAR@SEA,LAR,SEA,,,,,,QB
92765-91511,QB,Holton,Holton Ahlers,Ahlers,,,6000,LAR@SEA,SEA,LAR,,,,,,QB
92765-73118,QB,Ian,Ian Book,Book,,,6000,PHI@NE,PHI,NE,,,,,,QB
92765-60840,QB,Jake,Jake Browning,Browning,,,6000,CIN@CLE,CIN,CLE,,,,,,QB
92765-185773,QB,Nolan,Nolan Henderson,Henderson,,,6000,HOU@BAL,BAL,HOU,,,,,,QB
92765-185776,QB,Tyson,Tyson Bagent,Bagent,,,6000,GB@CHI,CHI,GB,,,,,,QB
92765-91639,QB,Jake,Jake Fromm,Fromm,,,6000,ARI@WAS,WAS,ARI,,,,,,QB
92765-89607,QB,Tanner,Tanner McKee,McKee,,,6000,PHI@NE,PHI,NE,,,,,,QB
92765-30253,QB,Jeff,Jeff Driskel,Driskel,2.388571330479213,7,6000,ARI@WAS,ARI,WAS,,,,,,QB
92765-71242,QB,Jarrett,Jarrett Guarantano,Guarantano,,,6000,LV@DEN,DEN,LV,,,,,,QB
92765-69294,QB,Skylar,Skylar Thompson,Thompson,4.195000171661377,8,6000,MIA@LAC,MIA,LAC,,,,,,QB
92765-52929,QB,Jake,Jake Luton,Luton,,,6000,CAR@ATL,CAR,ATL,,,,,,QB
92765-61157,QB,Brett,Brett Rypien,Rypien,5.505000114440918,4,6000,LAR@SEA,LAR,SEA,,,,,,QB
92765-91898,QB,Dorian,Dorian Thompson-Robinson,Thompson-Robinson,,,6000,CIN@CLE,CLE,CIN,,,,,,QB
92765-85860,QB,Tanner,Tanner Morgan,Morgan,,,6000,SF@PIT,PIT,SF,,,,,,QB
92765-28573,WR,Michael,Michael Thomas,Thomas,14.366666158040365,3,6000,TEN@NO,NO,TEN,,,,,,WR/FLEX
92765-92082,QB,Austin,Austin Aune,Aune,,,6000,CAR@ATL,ATL,CAR,,,,,,QB
92765-38837,QB,Danny,Danny Etling,Etling,,,6000,GB@CHI,GB,CHI,,,,,,QB
92765-63469,QB,Ben,Ben DiNucci,DiNucci,,,6000,LV@DEN,DEN,LV,,,,,,QB
92765-57403,WR,Courtland,Courtland Sutton,Sutton,8.493333435058593,15,5900,LV@DEN,DEN,LV,,,,,,WR/FLEX
92765-28744,RB,Raheem,Raheem Mostert,Mostert,9.550000190734863,16,5900,MIA@LAC,MIA,LAC,,,,,,RB/FLEX
92765-69777,WR,Darnell,Darnell Mooney,Mooney,7.409090909090909,11,5900,GB@CHI,CHI,GB,,,,,,WR/FLEX
92765-91426,WR,Donovan,Donovan Peoples-Jones,Peoples-Jones,8.03529447667739,17,5900,CIN@CLE,CLE,CIN,,,,,,WR/FLEX
92765-55830,RB,D'Onta,D'Onta Foreman,Foreman,8.03125,16,5800,GB@CHI,CHI,GB,,,,,,RB/FLEX
92765-55987,WR,JuJu,JuJu Smith-Schuster,Smith-Schuster,8.431578786749588,19,5800,PHI@NE,NE,PHI,,,,,,WR/FLEX
92765-90933,RB,Antonio,Antonio Gibson,Gibson,9.526666259765625,15,5800,ARI@WAS,WAS,ARI,,,,,,RB/FLEX
92765-41872,TE,Evan,Evan Engram,Engram,8.673684371145148,19,5800,JAC@IND,JAC,IND,,,,,,TE/FLEX
92765-91419,WR,Nico,Nico Collins,Collins,7.8599998474121096,10,5800,HOU@BAL,HOU,BAL,,,,,,WR/FLEX
92765-110246,WR,George,George Pickens,Pickens,8.264705882352942,17,5800,SF@PIT,PIT,SF,,,,,,WR/FLEX
92765-63634,WR,Jakobi,Jakobi Meyers,Meyers,10.485714503696986,14,5700,LV@DEN,LV,DEN,,,,,,WR/FLEX
92765-86244,TE,Pat,Pat Freiermuth,Freiermuth,7.779999796549479,15,5700,SF@PIT,PIT,SF,,,,,,TE/FLEX
92765-70027,RB,Zack,Zack Moss,Moss,4.538461538461538,13,5700,JAC@IND,IND,JAC,D,Forearm,,,,RB/FLEX
92765-88575,WR,Elijah,Elijah Moore,Moore,4.971428462437221,14,5700,CIN@CLE,CLE,CIN,,,,,,WR/FLEX
92765-31360,WR,Odell,Odell Beckham Jr.,Beckham Jr.,,,5700,HOU@BAL,BAL,HOU,,,,,,WR/FLEX
92765-91578,RB,Zamir,Zamir White,White,0.6363636363636364,11,5700,LV@DEN,LV,DEN,,,,,,RB/FLEX
92765-110259,WR,Treylon,Treylon Burks,Burks,7.05454531582919,11,5700,TEN@NO,TEN,NO,,,,,,WR/FLEX
92765-55335,TE,David,David Njoku,Njoku,8.071428571428571,14,5600,CIN@CLE,CLE,CIN,,,,,,TE/FLEX
92765-41305,WR,Zay,Zay Jones,Jones,10.294444613986546,18,5600,JAC@IND,JAC,IND,,,,,,WR/FLEX
92765-57840,RB,Rashaad,Rashaad Penny,Penny,10.04000015258789,5,5600,PHI@NE,PHI,NE,,,,,,RB/FLEX
92765-93134,RB,Deon,Deon Jackson,Jackson,5.791666666666667,12,5600,JAC@IND,IND,JAC,,,,,,RB/FLEX
92765-93408,WR,Rondale,Rondale Moore,Moore,8.425000190734863,8,5600,ARI@WAS,ARI,WAS,,,,,,WR/FLEX
92765-52917,WR,DJ,DJ Chark Jr.,Chark Jr.,7.563636086203835,11,5600,CAR@ATL,CAR,ATL,O,Hamstring,,,,WR/FLEX
92765-129210,WR,Jordan,Jordan Addison,Addison,,,5500,TB@MIN,MIN,TB,,,,,,WR/FLEX
92765-92413,RB,Elijah,Elijah Mitchell,Mitchell,8.12857164655413,7,5500,SF@PIT,SF,PIT,,,,,,RB/FLEX
92765-55552,RB,Jeff,Jeff Wilson Jr.,Wilson Jr.,9.27058859432445,17,5500,MIA@LAC,MIA,LAC,IR,Abdomen,,,,RB/FLEX
92765-64581,WR,Van,Van Jefferson,Jefferson,6.69000015258789,10,5500,LAR@SEA,LAR,SEA,,,,,,WR/FLEX
92765-112295,WR,Zay,Zay Flowers,Flowers,,,5500,HOU@BAL,BAL,HOU,,,,,,WR/FLEX
92765-85672,WR,Terrace,Terrace Marshall Jr.,Marshall Jr.,5.3076923076923075,13,5500,CAR@ATL,CAR,ATL,,,,,,WR/FLEX
92765-57299,TE,Gerald,Gerald Everett,Everett,8.149999618530273,16,5500,MIA@LAC,LAC,MIA,,,,,,TE/FLEX
92765-30733,RB,Cordarrelle,Cordarrelle Patterson,Patterson,11.09230745755709,13,5400,CAR@ATL,ATL,CAR,Q,Thigh,,,,RB/FLEX
92765-170287,WR,Rashid,Rashid Shaheed,Shaheed,7.208333333333333,12,5400,TEN@NO,NO,TEN,,,,,,WR/FLEX
92765-90428,RB,Tyler,Tyler Allgeier,Allgeier,9.462499618530273,16,5400,CAR@ATL,ATL,CAR,,,,,,RB/FLEX
92765-25267,WR,Mack,Mack Hollins,Hollins,7.391764921300552,17,5400,CAR@ATL,ATL,CAR,,,,,,WR/FLEX
92765-29685,WR,Robert,Robert Woods,Woods,5.247058644014246,17,5400,HOU@BAL,HOU,BAL,,,,,,WR/FLEX
92765-40669,WR,Tyler,Tyler Boyd,Boyd,7.895999908447266,20,5400,CIN@CLE,CIN,CLE,,,,,,WR/FLEX
92765-38791,RB,Ezekiel,Ezekiel Elliott,Elliott,10.92352923224954,17,5400,PHI@NE,NE,PHI,,,,,,RB/FLEX
92765-94370,WR,Romeo,Romeo Doubs,Doubs,6.1999998826247,13,5300,GB@CHI,GB,CHI,Q,Hamstring,,,,WR/FLEX
92765-92545,RB,Keaontay,Keaontay Ingram,Ingram,1.6100000381469726,10,5300,ARI@WAS,ARI,WAS,,,,,,RB/FLEX
92765-129458,WR,Jaxon,Jaxon Smith-Njigba,Smith-Njigba,,,5300,LAR@SEA,SEA,LAR,,,,,,WR/FLEX
92765-27229,RB,Ameer,Ameer Abdullah,Abdullah,2.5999999046325684,16,5300,LV@DEN,LV,DEN,,,,,,RB/FLEX
92765-57986,WR,Hunter,Hunter Renfrow,Renfrow,6.1,10,5300,LV@DEN,LV,DEN,,,,,,WR/FLEX
92765-47870,TE,Tyler,Tyler Higbee,Higbee,7.25,16,5300,LAR@SEA,LAR,SEA,,,,,,TE/FLEX
92765-107293,RB,Tyjae,Tyjae Spears,Spears,,,5300,TEN@NO,TEN,NO,,,,,,RB/FLEX
92765-87418,WR,Joshua,Joshua Palmer,Palmer,8.08235258214614,17,5300,MIA@LAC,LAC,MIA,,,,,,WR/FLEX
92765-52613,WR,Curtis,Curtis Samuel,Samuel,8.488235473632812,17,5300,ARI@WAS,WAS,ARI,,,,,,WR/FLEX
92765-73111,WR,Chase,Chase Claypool,Claypool,5.46933339436849,15,5300,GB@CHI,CHI,GB,,,,,,WR/FLEX
92765-87467,RB,Chuba,Chuba Hubbard,Hubbard,5.764285496303013,14,5300,CAR@ATL,CAR,ATL,,,,,,RB/FLEX
92765-91931,TE,Greg,Greg Dulcich,Dulcich,6.959999847412109,10,5300,LV@DEN,DEN,LV,,,,,,TE/FLEX
92765-86312,WR,Alec,Alec Pierce,Pierce,5.737500190734863,16,5200,JAC@IND,IND,JAC,,,,,,WR/FLEX
92765-33260,WR,DeVante,DeVante Parker,Parker,7.283333460489909,12,5200,PHI@NE,NE,PHI,Q,Knee,,,,WR/FLEX
92765-160306,RB,Pierre,Pierre Strong Jr.,Strong Jr.,3.9500001271565757,6,5200,CIN@CLE,CLE,CIN,,,,,,RB/FLEX
92765-91047,TE,Cole,Cole Kmet,Kmet,7.194117826573989,17,5200,GB@CHI,CHI,GB,,,,,,TE/FLEX
92765-89220,WR,Tyquan,Tyquan Thornton,Thornton,4.608333269755046,12,5200,PHI@NE,NE,PHI,IR,Shoulder,,,,WR/FLEX
92765-40167,RB,Gus,Gus Edwards,Edwards,6.5,10,5200,HOU@BAL,BAL,HOU,,,,,,RB/FLEX
92765-38264,WR,Demarcus,Demarcus Robinson,Robinson,5.3941174675436585,17,5200,LAR@SEA,LAR,SEA,,,,,,WR/FLEX
92765-52916,WR,Russell,Russell Gage,Gage,7.149999891008649,14,5200,TB@MIN,TB,MIN,IR,Knee,,,,WR/FLEX
92765-91872,RB,Joshua,Joshua Kelley,Kelley,4.6999998826247,13,5200,MIA@LAC,LAC,MIA,,,,,,RB/FLEX
92765-55042,TE,Dalton,Dalton Schultz,Schultz,8.847058464499082,17,5200,HOU@BAL,HOU,BAL,,,,,,TE/FLEX
92765-57091,WR,Tim,Tim Patrick,Patrick,,,5200,LV@DEN,DEN,LV,IR,Achilles,,,,WR/FLEX
92765-120657,RB,Kendre,Kendre Miller,Miller,,,5200,TEN@NO,NO,TEN,Q,Hamstring,,,,RB/FLEX
92765-88297,TE,Chig,Chig Okonkwo,Okonkwo,5.413333129882813,15,5100,TEN@NO,TEN,NO,,,,,,TE/FLEX
92765-102696,WR,John,John Metchie III,Metchie III,,,5100,HOU@BAL,HOU,BAL,O,Hamstring,,,,WR/FLEX
92765-63855,WR,K.J.,K.J. Osborn,Osborn,7.4777781168619795,18,5100,TB@MIN,MIN,TB,,,,,,WR/FLEX
92765-110978,RB,Evan,Evan Hull,Hull,,,5100,JAC@IND,IND,JAC,,,,,,RB/FLEX
92765-90533,RB,Jerome,Jerome Ford,Ford,0.09230769597567044,13,5100,CIN@CLE,CLE,CIN,,,,,,RB/FLEX
92765-70603,RB,Devin,Devin Singletary,Singletary,9.089473523591694,19,5100,HOU@BAL,HOU,BAL,,,,,,RB/FLEX
92765-64808,TE,Juwan,Juwan Johnson,Johnson,7.112500190734863,16,5100,TEN@NO,NO,TEN,,,,,,TE/FLEX
92765-112057,RB,Jaylen,Jaylen Warren,Warren,4.956250190734863,16,5100,SF@PIT,PIT,SF,,,,,,RB/FLEX
92765-71105,WR,Ben,Ben Skowronek,Skowronek,4.628571646554129,14,5100,LAR@SEA,LAR,SEA,,,,,,WR/FLEX
92765-120639,WR,Quentin,Quentin Johnston,Johnston,,,5100,MIA@LAC,LAC,MIA,,,,,,WR/FLEX
92765-40845,TE,Hunter,Hunter Henry,Henry,5.212500095367432,16,5100,PHI@NE,NE,PHI,,,,,,TE/FLEX
92765-73687,WR,Quez,Quez Watkins,Watkins,3.6473685816714636,19,5100,PHI@NE,PHI,NE,,,,,,WR/FLEX
92765-28643,WR,Allen,Allen Robinson II,Robinson II,6.840000152587891,10,5100,SF@PIT,PIT,SF,,,,,,WR/FLEX
92765-71705,TE,Noah,Noah Fant,Fant,5.511110941569011,18,5000,LAR@SEA,SEA,LAR,,,,,,TE/FLEX
92765-12555,D,Baltimore,Baltimore Ravens,Ravens,7.833333333333333,18,5000,HOU@BAL,BAL,HOU,,,,,,DEF
92765-53639,WR,Isaiah,Isaiah McKenzie,McKenzie,5.929411944221048,17,5000,JAC@IND,IND,JAC,,,,,,WR/FLEX
92765-64031,TE,Hayden,Hayden Hurst,Hurst,6.323529411764706,17,5000,CAR@ATL,CAR,ATL,,,,,,TE/FLEX
92765-31394,WR,Jarvis,Jarvis Landry,Landry,5.3000000847710504,9,5000,TEN@NO,NO,TEN,Q,Ankle,,,,WR/FLEX
92765-92976,WR,Tutu,Tutu Atwell,Atwell,4.516666730244954,12,5000,LAR@SEA,LAR,SEA,,,,,,WR/FLEX
92765-29780,TE,Zach,Zach Ertz,Ertz,9.20999984741211,10,5000,ARI@WAS,ARI,WAS,Q,Knee - acl + mcl,,,,TE/FLEX
92765-89455,WR,Jayden,Jayden Reed,Reed,,,5000,GB@CHI,GB,CHI,,,,,,WR/FLEX
92765-71032,WR,Devin,Devin Duvernay,Duvernay,6.971428462437221,14,5000,HOU@BAL,BAL,HOU,,,,,,WR/FLEX
92765-73247,RB,Kene,Kene Nwangwu,Nwangwu,0.8076923076923077,13,5000,TB@MIN,MIN,TB,IR,Back,,,,RB/FLEX
92765-128693,RB,Tank,Tank Bigsby,Bigsby,,,5000,JAC@IND,JAC,IND,,,,,,RB/FLEX
92765-87859,WR,Laviska,Laviska Shenault Jr.,Shenault Jr.,4.553846212533804,13,5000,CAR@ATL,CAR,ATL,,,,,,WR/FLEX
92765-69558,WR,Greg,Greg Dortch,Dortch,5.443749904632568,16,5000,ARI@WAS,ARI,WAS,,,,,,WR/FLEX
92765-104433,RB,Kyren,Kyren Williams,Williams,3.25,8,5000,LAR@SEA,LAR,SEA,,,,,,RB/FLEX
92765-53390,WR,Zach,Zach Pascal,Pascal,2.1,15,4900,ARI@WAS,ARI,WAS,,,,,,WR/FLEX
92765-12552,D,Washington,Washington Commanders,Commanders,7.0588235294117645,17,4900,ARI@WAS,WAS,ARI,,,,,,DEF
92765-129291,WR,Tank,Tank Dell,Dell,,,4900,HOU@BAL,HOU,BAL,,,,,,WR/FLEX
92765-129305,WR,Josh,Josh Downs,Downs,,,4900,JAC@IND,IND,JAC,,,,,,WR/FLEX
92765-80289,WR,Kendrick,Kendrick Bourne,Bourne,4.425000190734863,16,4900,PHI@NE,NE,PHI,,,,,,WR/FLEX
92765-86811,TE,Cade,Cade Otton,Otton,5.326666768391927,15,4900,TB@MIN,TB,MIN,,,,,,TE/FLEX
92765-90912,RB,Kenneth,Kenneth Gainwell,Gainwell,5.475,20,4900,PHI@NE,PHI,NE,,,,,,RB/FLEX
92765-64389,WR,Nick,Nick Westbrook-Ikhine,Westbrook-Ikhine,4.679999796549479,15,4900,TEN@NO,TEN,NO,,,,,,WR/FLEX
92765-29683,WR,Nelson,Nelson Agholor,Agholor,4.26428576878139,14,4900,HOU@BAL,BAL,HOU,,,,,,WR/FLEX
92765-72725,TE,Irv,Irv Smith Jr.,Smith Jr.,5.5,9,4900,CIN@CLE,CIN,CLE,,,,,,TE/FLEX
92765-83081,RB,Chase,Chase Edmonds,Edmonds,5.092307457557092,13,4900,TB@MIN,TB,MIN,,,,,,RB/FLEX
92765-87371,RB,Ty,Ty Chandler,Chandler,2,1,4900,TB@MIN,MIN,TB,,,,,,RB/FLEX
92765-26355,TE,Logan,Logan Thomas,Thomas,4.446153787466196,13,4900,ARI@WAS,WAS,ARI,,,,,,TE/FLEX
92765-14211,RB,Mark,Mark Ingram II,Ingram II,4.209999847412109,10,4900,TEN@NO,NO,TEN,Q,Knee - mcl,,,,RB/FLEX
92765-79979,WR,Jamal,Jamal Agnew,Agnew,3.482352986055262,17,4800,JAC@IND,JAC,IND,,,,,,WR/FLEX
92765-69860,RB,Trayveon,Trayveon Williams,Williams,0.6363636363636364,11,4800,CIN@CLE,CIN,CLE,,,,,,RB/FLEX
92765-12540,D,Minnesota,Minnesota Vikings,Vikings,6.166666666666667,18,4800,TB@MIN,MIN,TB,,,,,,DEF
92765-41806,WR,Laquon,Laquon Treadwell,Treadwell,2.3999999364217124,3,4800,HOU@BAL,BAL,HOU,,,,,,WR/FLEX
92765-56265,TE,Mike,Mike Gesicki,Gesicki,5.038888719346788,18,4800,PHI@NE,NE,PHI,,,,,,TE/FLEX
92765-103376,RB,Zach,Zach Charbonnet,Charbonnet,,,4800,LAR@SEA,SEA,LAR,,,,,,RB/FLEX
92765-40126,TE,Austin,Austin Hooper,Hooper,4.5235295015222885,17,4800,LV@DEN,LV,DEN,,,,,,TE/FLEX
92765-52495,WR,Braxton,Braxton Berrios,Berrios,2.8635294297162224,17,4800,MIA@LAC,MIA,LAC,,,,,,WR/FLEX
92765-87469,TE,Jelani,Jelani Woods,Woods,5.141666730244954,12,4800,JAC@IND,IND,JAC,IR,Hamstring,,,,TE/FLEX
92765-69168,WR,N'Keal,N'Keal Harry,Harry,3.5166667302449546,6,4800,TB@MIN,MIN,TB,,,,,,WR/FLEX
92765-63078,RB,Ke'Shawn,Ke'Shawn Vaughn,Vaughn,1.7399999618530273,5,4800,TB@MIN,TB,MIN,,,,,,RB/FLEX
92765-61042,WR,Kendall,Kendall Hinton,Hinton,4.0363637750799,11,4800,LV@DEN,DEN,LV,,,,,,WR/FLEX
92765-26251,WR,Robbie,Robbie Chosen,Chosen,3.5166667302449546,12,4800,MIA@LAC,MIA,LAC,,,,,,WR/FLEX
92765-61593,WR,Jauan,Jauan Jennings,Jennings,4.100000169542101,18,4700,SF@PIT,SF,PIT,,,,,,WR/FLEX
92765-12549,D,San Francisco,San Francisco 49ers,49ers,9.05,20,4700,SF@PIT,SF,PIT,,,,,,DEF
92765-92859,WR,Jalen,Jalen Nailor,Nailor,5.679999923706054,5,4700,TB@MIN,MIN,TB,,,,,,WR/FLEX
92765-29734,RB,Ty,Ty Montgomery II,Montgomery II,8.800000190734863,1,4700,PHI@NE,NE,PHI,,,,,,RB/FLEX
92765-62628,WR,DeAndre,DeAndre Carter,Carter,5.111111111111111,18,4700,LV@DEN,LV,DEN,Q,Knee,,,,WR/FLEX
92765-87260,TE,Isaiah,Isaiah Likely,Likely,5.235714503696987,14,4700,HOU@BAL,BAL,HOU,,,,,,TE/FLEX
92765-120093,WR,Marvin,Marvin Mims Jr.,Mims Jr.,,,4700,LV@DEN,DEN,LV,,,,,,WR/FLEX
92765-85306,WR,KhaDarel,KhaDarel Hodge,Hodge,3.855555640326606,9,4700,CAR@ATL,ATL,CAR,Q,Ankle,,,,WR/FLEX
92765-64841,WR,Equanimeous,Equanimeous St. Brown,St. Brown,3.387500047683716,16,4700,GB@CHI,CHI,GB,,,,,,WR/FLEX
92765-93538,WR,Dyami,Dyami Brown,Brown,4.328571319580078,7,4700,ARI@WAS,WAS,ARI,,,,,,WR/FLEX
92765-89493,RB,Chase,Chase Brown,Brown,,,4700,CIN@CLE,CIN,CLE,,,,,,RB/FLEX
92765-114100,RB,Isaiah,Isaiah Spiller,Spiller,1.3800000190734862,5,4700,MIA@LAC,LAC,MIA,,,,,,RB/FLEX
92765-91677,WR,Shi,Shi Smith,Smith,3.1624999046325684,16,4700,CAR@ATL,CAR,ATL,,,,,,WR/FLEX
92765-91750,TE,Trey,Trey McBride,McBride,4.7,10,4700,ARI@WAS,ARI,WAS,,,,,,TE/FLEX
92765-138998,TE,Michael,Michael Mayer,Mayer,,,4700,LV@DEN,LV,DEN,,,,,,TE/FLEX
92765-40758,RB,Corey,Corey Clement,Clement,4.849999904632568,4,4700,ARI@WAS,ARI,WAS,,,,,,RB/FLEX
92765-61273,WR,Scotty,Scotty Miller,Miller,2.7999999306418677,11,4700,CAR@ATL,ATL,CAR,,,,,,WR/FLEX
92765-24641,WR,Sammy,Sammy Watkins,Watkins,4.020000076293945,10,4600,HOU@BAL,BAL,HOU,,,,,,WR/FLEX
92765-12545,D,Philadelphia,Philadelphia Eagles,Eagles,8.85,20,4600,PHI@NE,PHI,NE,,,,,,DEF
92765-80353,TE,Robert,Robert Tonyan,Tonyan,5.029411764705882,17,4600,GB@CHI,CHI,GB,Q,Back,,,,TE/FLEX
92765-62042,WR,Deon,Deon Cain,Cain,,,4600,PHI@NE,PHI,NE,,,,,,WR/FLEX
92765-27338,RB,Rex,Rex Burkhead,Burkhead,3.926666768391927,15,4600,HOU@BAL,HOU,BAL,,,,,,RB/FLEX
92765-94936,RB,Larry,Larry Rountree III,Rountree III,2.1500000953674316,2,4600,HOU@BAL,HOU,BAL,,,,,,RB/FLEX
92765-56248,WR,Noah,Noah Brown,Brown,5.817647148581112,17,4600,HOU@BAL,HOU,BAL,,,,,,WR/FLEX
92765-64496,WR,Olamide,Olamide Zaccheaus,Zaccheaus,5.625,16,4600,PHI@NE,PHI,NE,,,,,,WR/FLEX
92765-48116,TE,Jonnu,Jonnu Smith,Smith,3.2083333333333335,12,4600,CAR@ATL,ATL,CAR,,,,,,TE/FLEX
92765-42046,TE,Durham,Durham Smythe,Smythe,2.6923076923076925,13,4600,MIA@LAC,MIA,LAC,,,,,,TE/FLEX
92765-52345,WR,Brandon,Brandon Powell,Powell,2.094117557301241,17,4600,TB@MIN,MIN,TB,,,,,,WR/FLEX
92765-56698,WR,Dante,Dante Pettis,Pettis,3.7133333841959635,15,4600,GB@CHI,CHI,GB,Q,Undisclosed,,,,WR/FLEX
92765-64905,WR,Trenton,Trenton Irwin,Irwin,5.327272588556463,11,4600,CIN@CLE,CIN,CLE,,,,,,WR/FLEX
92765-136663,RB,DeWayne,DeWayne McBride,McBride,,,4600,TB@MIN,MIN,TB,,,,,,RB/FLEX
92765-32243,WR,Marquise,Marquise Goodwin,Goodwin,6.391666412353516,12,4600,CIN@CLE,CLE,CIN,,,,,,WR/FLEX
92765-60930,RB,Myles,Myles Gaskin,Gaskin,3.700000047683716,2,4600,TB@MIN,MIN,TB,,,,,,RB/FLEX
92765-138820,RB,De'Von,De'Von Achane,Achane,,,4600,MIA@LAC,MIA,LAC,,,,,,RB/FLEX
92765-104012,WR,Ashton,Ashton Dulin,Dulin,5,7,4600,JAC@IND,IND,JAC,IR,Knee - acl,,,,WR/FLEX
92765-71246,WR,Marquez,Marquez Callaway,Callaway,2.9799999237060546,10,4600,LV@DEN,LV,DEN,,,,,,WR/FLEX
92765-63186,WR,James,James Proche II,Proche II,0.9199999809265137,10,4600,HOU@BAL,BAL,HOU,,,,,,WR/FLEX
92765-71521,RB,Justice,Justice Hill,Hill,2.375,16,4600,HOU@BAL,BAL,HOU,,,,,,RB/FLEX
92765-69581,WR,Cedrick,Cedrick Wilson Jr.,Wilson Jr.,1.7153845566969652,13,4600,MIA@LAC,MIA,LAC,,,,,,WR/FLEX
92765-24533,TE,Mo,Mo Alie-Cox,Alie-Cox,3.171428680419922,14,4600,JAC@IND,IND,JAC,,,,,,TE/FLEX
92765-79980,TE,Eric,Eric Saubert,Saubert,2.176923018235427,13,4500,MIA@LAC,MIA,LAC,Q,Undisclosed,,,,TE/FLEX
92765-86192,WR,KJ,KJ Hamler,Hamler,3.7166665395100913,6,4500,LV@DEN,DEN,LV,Q,Pectoral,,,,WR/FLEX
92765-65724,RB,JaMycal,JaMycal Hasty,Hasty,4.320000203450521,15,4500,JAC@IND,JAC,IND,,,,,,RB/FLEX
92765-28900,RB,Melvin,Melvin Gordon III,Gordon III,7.459999847412109,10,4500,HOU@BAL,BAL,HOU,,,,,,RB/FLEX
92765-12525,D,Atlanta,Atlanta Falcons,Falcons,4.882352941176471,17,4500,CAR@ATL,ATL,CAR,,,,,,DEF
92765-30989,RB,Kenyan,Kenyan Drake,Drake,7.966666539510091,12,4500,JAC@IND,IND,JAC,,,,,,RB/FLEX
92765-33047,WR,Chris,Chris Moore,Moore,6.073333231608073,15,4500,TEN@NO,TEN,NO,,,,,,WR/FLEX
92765-94625,WR,Jalen,Jalen Reagor,Reagor,1.2722222010294597,18,4500,PHI@NE,NE,PHI,,,,,,WR/FLEX
92765-92590,RB,Raheem,Raheem Blackshear,Blackshear,2.923076923076923,13,4500,CAR@ATL,CAR,ATL,,,,,,RB/FLEX
92765-31184,RB,Jonathan,Jonathan Williams,Williams,2.8375000953674316,8,4500,ARI@WAS,WAS,ARI,Q,Undisclosed,,,,RB/FLEX
92765-72182,WR,Dee,Dee Eskridge,Eskridge,1.144444465637207,9,4500,LAR@SEA,SEA,LAR,IR,Suspension,,,,WR/FLEX
92765-113228,TE,Luke,Luke Musgrave,Musgrave,,,4500,GB@CHI,GB,CHI,,,,,,TE/FLEX
92765-58041,RB,Mike,Mike Boone,Boone,3.0374999046325684,8,4500,HOU@BAL,HOU,BAL,,,,,,RB/FLEX
92765-72515,TE,Ian,Ian Thomas,Thomas,2.323076981764573,13,4500,CAR@ATL,CAR,ATL,,,,,,TE/FLEX
92765-70601,TE,Harrison,Harrison Bryant,Bryant,3.3000000544956754,14,4500,CIN@CLE,CLE,CIN,,,,,,TE/FLEX
92765-56356,WR,Isaiah,Isaiah Ford,Ford,,,4500,GB@CHI,CHI,GB,Q,Undisclosed,,,,WR/FLEX
92765-64575,RB,Derrick,Derrick Gore,Gore,,,4500,ARI@WAS,WAS,ARI,,,,,,RB/FLEX
92765-25813,WR,Phillip,Phillip Dorsett II,Dorsett II,2.9785714830671037,14,4500,LV@DEN,DEN,LV,,,,,,WR/FLEX
92765-91361,RB,Hassan,Hassan Haskins,Haskins,1.7083333333333333,12,4500,TEN@NO,TEN,NO,IR,Undisclosed,,,,RB/FLEX
92765-60712,TE,Foster,Foster Moreau,Moreau,4.907142639160156,14,4500,TEN@NO,NO,TEN,,,,,,TE/FLEX
92765-64843,WR,Jalen,Jalen Guyton,Guyton,3.700000047683716,2,4500,MIA@LAC,LAC,MIA,NA,Knee - acl,,,,WR/FLEX
92765-56708,TE,Will,Will Dissly,Dissly,4.66000010172526,15,4500,LAR@SEA,SEA,LAR,,,,,,TE/FLEX
92765-73121,RB,Tony,Tony Jones Jr.,Jones Jr.,2.633333365122477,3,4500,TEN@NO,NO,TEN,,,,,,RB/FLEX
92765-32234,RB,Malcolm,Malcolm Brown,Brown,2.8999998910086497,7,4500,LAR@SEA,LAR,SEA,,,,,,RB/FLEX
92765-89588,TE,Colby,Colby Parkinson,Parkinson,3.973333231608073,15,4500,LAR@SEA,SEA,LAR,,,,,,TE/FLEX
92765-62994,WR,Steven,Steven Sims Jr.,Sims Jr.,2.0333333015441895,12,4500,HOU@BAL,HOU,BAL,,,,,,WR/FLEX
92765-112192,WR,Jonathan,Jonathan Mingo,Mingo,,,4500,CAR@ATL,CAR,ATL,,,,,,WR/FLEX
92765-71444,RB,Travis,Travis Homer,Homer,4.387499809265137,8,4500,GB@CHI,CHI,GB,,,,,,RB/FLEX
92765-170184,RB,Julius,Julius Chestnut,Chestnut,1.1333333651224773,6,4400,TEN@NO,TEN,NO,,,,,,RB/FLEX
92765-88277,RB,Anthony,Anthony McFarland Jr.,McFarland Jr.,5.099999904632568,1,4400,SF@PIT,PIT,SF,,,,,,RB/FLEX
92765-131328,RB,Zach,Zach Evans,Evans,,,4400,LAR@SEA,LAR,SEA,,,,,,RB/FLEX
92765-12554,D,Jacksonville,Jacksonville Jaguars,Jaguars,7.421052631578948,19,4400,JAC@IND,JAC,IND,,,,,,DEF
92765-102762,RB,Kevin,Kevin Harris,Harris,2.2399999618530275,5,4400,PHI@NE,NE,PHI,,,,,,RB/FLEX
92765-22898,RB,Brandon,Brandon Bolden,Bolden,2.8499999046325684,8,4400,LV@DEN,LV,DEN,,,,,,RB/FLEX
92765-43433,RB,Boston,Boston Scott,Scott,3.5111111534966364,18,4400,PHI@NE,PHI,NE,,,,,,RB/FLEX
92765-55748,WR,James,James Washington,Washington,0,1,4400,JAC@IND,IND,JAC,,,,,,WR/FLEX
92765-102902,WR,Trey,Trey Palmer,Palmer,,,4400,TB@MIN,TB,MIN,,,,,,WR/FLEX
92765-55970,RB,Royce,Royce Freeman,Freeman,4,4,4400,LAR@SEA,LAR,SEA,,,,,,RB/FLEX
92765-92882,TE,Connor,Connor Heyward,Heyward,3.7249999046325684,8,4400,SF@PIT,PIT,SF,,,,,,TE/FLEX
92765-93026,TE,Teagan,Teagan Quitoriano,Quitoriano,3.828571319580078,7,4400,HOU@BAL,HOU,BAL,,,,,,TE/FLEX
92765-72627,RB,Patrick,Patrick Taylor,Taylor,1.3250000476837158,4,4400,GB@CHI,GB,CHI,,,,,,RB/FLEX
92765-91101,TE,Tommy,Tommy Tremble,Tremble,3.0642858232770647,14,4400,CAR@ATL,CAR,ATL,,,,,,TE/FLEX
92765-89214,RB,Abram,Abram Smith,Smith,,,4400,TB@MIN,MIN,TB,,,,,,RB/FLEX
92765-130270,TE,Adam,Adam Trautman,Trautman,2.9750000635782876,12,4400,LV@DEN,DEN,LV,,,,,,TE/FLEX
92765-87432,WR,Cedric,Cedric Tillman,Tillman,,,4400,CIN@CLE,CLE,CIN,,,,,,WR/FLEX
92765-60977,RB,Ty'Son,Ty'Son Williams,Williams,1,1,4400,ARI@WAS,ARI,WAS,,,,,,RB/FLEX
92765-61112,TE,Josiah,Josiah Deguara,Deguara,1.9888888465033636,9,4400,GB@CHI,GB,CHI,,,,,,TE/FLEX
92765-104278,TE,Donald,Donald Parham Jr.,Parham Jr.,4.0428570338657925,7,4400,MIA@LAC,LAC,MIA,,,,,,TE/FLEX
92765-14190,WR,Julio,Julio Jones,Jones,6.845454822887074,11,4400,TB@MIN,TB,MIN,,,,,,WR/FLEX
92765-94087,RB,DeeJay,DeeJay Dallas,Dallas,2.5,16,4400,LAR@SEA,SEA,LAR,,,,,,RB/FLEX
92765-30678,WR,Damiere,Damiere Byrd,Byrd,3.7749999364217124,12,4400,CAR@ATL,CAR,ATL,Q,Hamstring,,,,WR/FLEX
92765-63479,RB,John,John Kelly Jr.,Kelly Jr.,,,4400,CIN@CLE,CLE,CIN,,,,,,RB/FLEX
92765-57342,WR,Tre'Quan,Tre'Quan Smith,Smith,4.811111026340061,9,4400,TEN@NO,NO,TEN,IR,Groin,,,,WR/FLEX
92765-28827,RB,Dare,Dare Ogunbowale,Ogunbowale,3.51818188753995,11,4300,HOU@BAL,HOU,BAL,Q,Hamstring,,,,RB/FLEX
92765-32957,TE,Eric,Eric Tomlinson,Tomlinson,3.049999952316284,8,4300,HOU@BAL,HOU,BAL,,,,,,TE/FLEX
92765-86255,TE,Josh,Josh Whyle,Whyle,,,4300,TEN@NO,TEN,NO,,,,,,TE/FLEX
92765-12542,D,New Orleans,New Orleans Saints,Saints,6.588235294117647,17,4300,TEN@NO,NO,TEN,,,,,,DEF
92765-94481,WR,Deven,Deven Thompkins,Thompkins,1.6600000381469726,5,4300,TB@MIN,TB,MIN,,,,,,WR/FLEX
92765-102729,RB,Snoop,Snoop Conner,Conner,2.0399999618530273,5,4300,JAC@IND,JAC,IND,,,,,,RB/FLEX
92765-39286,TE,O.J.,O.J. Howard,Howard,2.8636363636363638,11,4300,LV@DEN,LV,DEN,,,,,,TE/FLEX
92765-90522,TE,Cameron,Cameron Latu,Latu,,,4300,SF@PIT,SF,PIT,IR,Knee - meniscus,,,,TE/FLEX
92765-63907,TE,Josh,Josh Oliver,Oliver,2.8846153846153846,13,4300,TB@MIN,MIN,TB,,,,,,TE/FLEX
92765-57909,RB,Marlon,Marlon Mack,Mack,4.899999891008649,7,4300,ARI@WAS,ARI,WAS,IR,Achilles,,,,RB/FLEX
92765-62055,WR,Ray-Ray,Ray-Ray McCloud III,McCloud III,2.4549999237060547,20,4300,SF@PIT,SF,PIT,,,,,,WR/FLEX
92765-94887,RB,Tyler,Tyler Badie,Badie,8.899999618530273,1,4300,LV@DEN,DEN,LV,,,,,,RB/FLEX
92765-90870,WR,Calvin,Calvin Austin III,Austin III,,,4300,SF@PIT,PIT,SF,,,,,,WR/FLEX
92765-86875,RB,Jordan,Jordan Mason,Mason,3.6666666666666665,9,4300,SF@PIT,SF,PIT,,,,,,RB/FLEX
92765-93075,TE,Hunter,Hunter Long,Long,0,1,4300,LAR@SEA,LAR,SEA,IR,Thigh,,,,TE/FLEX
92765-72705,TE,John,John Bates,Bates,2.644444359673394,9,4300,ARI@WAS,WAS,ARI,,,,,,TE/FLEX
92765-70661,WR,Velus,Velus Jones Jr.,Jones Jr.,2.772727272727273,11,4300,GB@CHI,CHI,GB,,,,,,WR/FLEX
92765-41997,WR,River,River Cracraft,Cracraft,2.966666751437717,9,4300,MIA@LAC,MIA,LAC,,,,,,WR/FLEX
92765-152631,WR,Samori,Samori Toure,Toure,4.175000190734863,4,4300,GB@CHI,GB,CHI,,,,,,WR/FLEX
92765-89157,RB,Caleb,Caleb Huntley,Huntley,3.6583334604899087,12,4300,CAR@ATL,ATL,CAR,Q,Achilles,,,,RB/FLEX
92765-68712,WR,Tyler,Tyler Johnson,Johnson,,,4300,LAR@SEA,LAR,SEA,,,,,,WR/FLEX
92765-68714,TE,Ko,Ko Kieft,Kieft,1.9444444444444444,9,4300,TB@MIN,TB,MIN,,,,,,TE/FLEX
92765-89209,RB,Trestan,Trestan Ebner,Ebner,0.5199999809265137,10,4300,GB@CHI,CHI,GB,Q,Concussion,,,,RB/FLEX
92765-103619,WR,Tre,Tre Tucker,Tucker,,,4300,LV@DEN,LV,DEN,,,,,,WR/FLEX
92765-111876,WR,Demario,Demario Douglas,Douglas,,,4300,PHI@NE,NE,PHI,,,,,,WR/FLEX
92765-56711,TE,Drew,Drew Sample,Sample,0.4000000059604645,2,4300,CIN@CLE,CIN,CLE,,,,,,TE/FLEX
92765-60838,WR,Andre,Andre Baccellia,Baccellia,1.6,5,4300,ARI@WAS,ARI,WAS,,,,,,WR/FLEX
92765-26038,TE,Tyler,Tyler Kroft,Kroft,1.9249999523162842,4,4300,MIA@LAC,MIA,LAC,,,,,,TE/FLEX
92765-87515,WR,Tylan,Tylan Wallace,Wallace,1.0600000381469727,5,4300,HOU@BAL,BAL,HOU,,,,,,WR/FLEX
92765-114180,WR,David,David Bell,Bell,2.3857143947056363,14,4300,CIN@CLE,CLE,CIN,,,,,,WR/FLEX
92765-38523,TE,Geoff,Geoff Swaim,Swaim,1.618181748823686,11,4300,ARI@WAS,ARI,WAS,,,,,,TE/FLEX
92765-85635,TE,Charlie,Charlie Kolar,Kolar,6.900000095367432,1,4300,HOU@BAL,BAL,HOU,,,,,,TE/FLEX
92765-52897,RB,Darrel,Darrel Williams,Williams,3.8200000762939452,5,4300,TEN@NO,NO,TEN,,,,,,RB/FLEX
92765-69295,WR,Byron,Byron Pringle,Pringle,3.8125,8,4300,ARI@WAS,WAS,ARI,,,,,,WR/FLEX
92765-69303,WR,Freddie,Freddie Swain,Swain,3.133333206176758,3,4300,PHI@NE,PHI,NE,,,,,,WR/FLEX
92765-89785,RB,Spencer,Spencer Brown,Brown,3.1500000953674316,2,4300,CAR@ATL,CAR,ATL,,,,,,RB/FLEX
92765-85762,RB,Eno,Eno Benjamin,Benjamin,5.93076911339393,13,4300,TEN@NO,NO,TEN,IR,Achilles,,,,RB/FLEX
92765-89970,WR,Amari,Amari Rodgers,Rodgers,2.0733333587646485,15,4300,JAC@IND,IND,JAC,,,,,,WR/FLEX
92765-110457,WR,Dontayvion,Dontayvion Wicks,Wicks,,,4300,GB@CHI,GB,CHI,,,,,,WR/FLEX
92765-94116,TE,Will,Will Mallory,Mallory,,,4300,JAC@IND,IND,JAC,,,,,,TE/FLEX
92765-63447,WR,Penny,Penny Hart,Hart,1.1666666666666667,3,4300,CAR@ATL,ATL,CAR,IR,Concussion,,,,WR/FLEX
92765-40932,WR,Pharoh,Pharoh Cooper,Cooper,0.6199999809265136,5,4300,ARI@WAS,ARI,WAS,,,,,,WR/FLEX
92765-57338,TE,Jordan,Jordan Akins,Akins,6.533333333333333,15,4300,CIN@CLE,CLE,CIN,,,,,,TE/FLEX
92765-92166,WR,Marcus,Marcus Jones,Jones,1.5571428026471819,14,4200,PHI@NE,NE,PHI,,,,,,WR/FLEX
92765-79987,WR,David,David Moore,Moore,,,4200,TB@MIN,TB,MIN,,,,,,WR/FLEX
92765-79998,WR,Keelan,Keelan Cole Sr.,Cole Sr.,2.281818216497248,11,4200,LV@DEN,LV,DEN,,,,,,WR/FLEX
92765-104577,WR,Gunner,Gunner Olszewski,Olszewski,0.7461538314819336,13,4200,SF@PIT,PIT,SF,,,,,,WR/FLEX
92765-63697,TE,Brycen,Brycen Hopkins,Hopkins,2.057142802647182,7,4200,LAR@SEA,LAR,SEA,,,,,,TE/FLEX
92765-57565,RB,Austin,Austin Walter,Walter,,,4200,LV@DEN,LV,DEN,IR,Undisclosed,,,,RB/FLEX
92765-63717,RB,Alec,Alec Ingold,Ingold,2.566666603088379,12,4200,MIA@LAC,MIA,LAC,,,,,,RB/FLEX
92765-12550,D,Seattle,Seattle Seahawks,Seahawks,6.333333333333333,18,4200,LAR@SEA,SEA,LAR,,,,,,DEF
92765-90408,WR,Dax,Dax Milne,Milne,0.8466666539510092,15,4200,ARI@WAS,WAS,ARI,IR,Groin,,,,WR/FLEX
92765-137516,WR,Parker,Parker Washington,Washington,,,4200,JAC@IND,JAC,IND,,,,,,WR/FLEX
92765-133477,TE,Darnell,Darnell Washington,Washington,,,4200,SF@PIT,PIT,SF,,,,,,TE/FLEX
92765-80294,TE,Anthony,Anthony Firkser,Firkser,1.8125,8,4200,PHI@NE,NE,PHI,,,,,,TE/FLEX
92765-70133,RB,Jake,Jake Funk,Funk,,,4200,JAC@IND,IND,JAC,,,,,,RB/FLEX
92765-39428,RB,Kyle,Kyle Juszczyk,Juszczyk,3.066666666666667,15,4200,SF@PIT,SF,PIT,,,,,,RB/FLEX
92765-86543,WR,Erik,Erik Ezukanma,Ezukanma,0.800000011920929,1,4200,MIA@LAC,MIA,LAC,,,,,,WR/FLEX
92765-70206,RB,Jason,Jason Huntley,Huntley,,,4200,JAC@IND,IND,JAC,,,,,,RB/FLEX
92765-88685,WR,Austin,Austin Trammell,Trammell,1.149999976158142,2,4200,LAR@SEA,LAR,SEA,,,,,,WR/FLEX
92765-70282,WR,Demetric,Demetric Felton,Felton,0.27999999523162844,5,4200,CIN@CLE,CIN,CLE,,,,,,WR/FLEX
92765-64147,WR,Britain,Britain Covey,Covey,0,16,4200,PHI@NE,PHI,NE,,,,,,WR/FLEX
92765-80546,TE,Dan,Dan Arnold,Arnold,1.8,10,4200,PHI@NE,PHI,NE,,,,,,TE/FLEX
92765-88752,WR,Charlie,Charlie Jones,Jones,,,4200,CIN@CLE,CIN,CLE,,,,,,WR/FLEX
92765-45791,WR,Rashard,Rashard Higgins,Higgins,,,4200,CAR@ATL,CAR,ATL,,,,,,WR/FLEX
92765-86780,RB,Salvon,Salvon Ahmed,Ahmed,2.857142857142857,7,4200,MIA@LAC,MIA,LAC,,,,,,RB/FLEX
92765-103187,RB,Roschon,Roschon Johnson,Johnson,,,4200,GB@CHI,CHI,GB,,,,,,RB/FLEX
92765-62505,TE,MyCole,MyCole Pruitt,Pruitt,4.7,10,4200,CAR@ATL,ATL,CAR,,,,,,TE/FLEX
92765-87127,RB,Chris,Chris Rodriguez Jr.,Rodriguez Jr.,,,4200,ARI@WAS,WAS,ARI,,,,,,RB/FLEX
92765-46177,TE,David,David Wells,Wells,,,4200,TB@MIN,TB,MIN,,,,,,TE/FLEX
92765-58499,TE,Parker,Parker Hesse,Hesse,1.4888888465033636,9,4200,CAR@ATL,ATL,CAR,,,,,,TE/FLEX
92765-103587,TE,Brenton,Brenton Strange,Strange,,,4200,JAC@IND,JAC,IND,,,,,,TE/FLEX
92765-89283,TE,Tre',Tre' McKitty,McKitty,1.4800000190734863,10,4200,MIA@LAC,LAC,MIA,,,,,,TE/FLEX
92765-83138,TE,Ross,Ross Dwelley,Dwelley,4.5,4,4200,SF@PIT,SF,PIT,,,,,,TE/FLEX
92765-93391,TE,Payne,Payne Durham,Durham,,,4200,TB@MIN,TB,MIN,,,,,,TE/FLEX
92765-93404,RB,Zander,Zander Horvath,Horvath,2.012500047683716,8,4200,SF@PIT,PIT,SF,,,,,,RB/FLEX
92765-91467,TE,Jake,Jake Tonges,Tonges,0,1,4200,GB@CHI,CHI,GB,Q,Undisclosed,,,,TE/FLEX
92765-64864,TE,Noah,Noah Togiai,Togiai,0,1,4200,ARI@WAS,ARI,WAS,,,,,,TE/FLEX
92765-64907,WR,J.J.,J.J. Arcega-Whiteside,Arcega-Whiteside,,,4200,CAR@ATL,ATL,CAR,,,,,,WR/FLEX
92765-73130,RB,Chris,Chris Evans,Evans,1.412500023841858,8,4200,CIN@CLE,CIN,CLE,,,,,,RB/FLEX
92765-40371,TE,Johnny,Johnny Mundt,Mundt,2.2285714830671037,14,4200,TB@MIN,MIN,TB,,,,,,TE/FLEX
92765-71143,TE,Kylen,Kylen Granson,Granson,3.5153846740722656,13,4200,JAC@IND,IND,JAC,,,,,,TE/FLEX
92765-34295,WR,Breshad,Breshad Perriman,Perriman,2.3499999046325684,8,4200,JAC@IND,IND,JAC,,,,,,WR/FLEX
92765-71241,WR,Brandon,Brandon Johnson,Johnson,2.2399999618530275,5,4200,LV@DEN,DEN,LV,,,,,,WR/FLEX
92765-52808,RB,Dontrell,Dontrell Hilliard,Hilliard,5.558333079020183,12,4200,TEN@NO,TEN,NO,Q,Neck,,,,RB/FLEX
92765-18009,TE,Chris,Chris Manhertz,Manhertz,1.028571401323591,7,4200,LV@DEN,DEN,LV,,,,,,TE/FLEX
92765-110230,RB,Kenny,Kenny McIntosh,McIntosh,,,4200,LAR@SEA,SEA,LAR,IR,Knee,,,,RB/FLEX
92765-65182,TE,Mitchell,Mitchell Wilcox,Wilcox,2.8454544760964136,11,4200,CIN@CLE,CIN,CLE,,,,,,TE/FLEX
92765-89817,WR,Austin,Austin Watkins Jr.,Watkins Jr.,,,4200,CIN@CLE,CLE,CIN,,,,,,WR/FLEX
92765-104165,RB,Lew,Lew Nichols III,Nichols III,,,4200,GB@CHI,GB,CHI,Q,Shoulder,,,,RB/FLEX
92765-136970,WR,Danny,Danny Gray,Gray,0.48000001907348633,5,4200,SF@PIT,SF,PIT,IR,Shoulder - ac joint,,,,WR/FLEX
92765-137059,RB,Sean,Sean Tucker,Tucker,,,4200,TB@MIN,TB,MIN,,,,,,RB/FLEX
92765-169834,WR,Dareke,Dareke Young,Young,2.5,2,4200,LAR@SEA,SEA,LAR,IR,Groin,,,,WR/FLEX
92765-94094,TE,Brevin,Brevin Jordan,Jordan,2.1999999152289496,9,4200,HOU@BAL,HOU,BAL,,,,,,TE/FLEX
92765-32703,WR,Jakeem,Jakeem Grant Sr.,Grant Sr.,,,4200,CIN@CLE,CLE,CIN,IR,Kneecap,,,,WR/FLEX
92765-110603,RB,Titus,Titus Swen,Swen,,,4100,JAC@IND,IND,JAC,,,,,,RB/FLEX
92765-40977,TE,Ricky,Ricky Seals-Jones,Seals-Jones,,,4100,JAC@IND,IND,JAC,Q,Foot,,,,TE/FLEX
92765-79982,RB,Alex,Alex Armah,Armah,,,4100,ARI@WAS,WAS,ARI,,,,,,RB/FLEX
92765-63603,WR,Jared,Jared Pinkney,Pinkney,,,4100,GB@CHI,CHI,GB,Q,Undisclosed,,,,WR/FLEX
92765-69752,WR,Jalen,Jalen Virgil,Virgil,3.125,4,4100,LV@DEN,DEN,LV,IR,Knee - meniscus,,,,WR/FLEX
92765-94345,TE,Cole,Cole Turner,Turner,0.6599999904632569,5,4100,ARI@WAS,WAS,ARI,,,,,,TE/FLEX
92765-57543,RB,D'Ernest,D'Ernest Johnson,Johnson,0.9750000238418579,4,4100,JAC@IND,JAC,IND,,,,,,RB/FLEX
92765-149710,WR,Mike,Mike Strachan,Strachan,1.4800000190734863,5,4100,JAC@IND,IND,JAC,,,,,,WR/FLEX
92765-28890,RB,Derek,Derek Watt,Watt,1.7700000762939454,10,4100,SF@PIT,PIT,SF,,,,,,RB/FLEX
92765-149742,RB,Nate,Nate McCrary,McCrary,,,4100,GB@CHI,GB,CHI,,,,,,RB/FLEX
92765-12533,D,Green Bay,Green Bay Packers,Packers,6.882352941176471,17,4100,GB@CHI,GB,CHI,,,,,,DEF
92765-12553,D,Carolina,Carolina Panthers,Panthers,6.588235294117647,17,4100,CAR@ATL,CAR,ATL,,,,,,DEF
92765-63839,TE,Tyler,Tyler Mabry,Mabry,7.199999809265137,1,4100,LAR@SEA,SEA,LAR,,,,,,TE/FLEX
92765-43416,WR,Trent,Trent Taylor,Taylor,0.5117646946626551,17,4100,GB@CHI,CHI,GB,,,,,,WR/FLEX
92765-80299,RB,Patrick,Patrick Ricard,Ricard,1.1153846153846154,13,4100,HOU@BAL,BAL,HOU,,,,,,RB/FLEX
92765-102893,RB,Tyrion,Tyrion Davis-Price,Davis-Price,1.9799999237060546,5,4100,SF@PIT,SF,PIT,,,,,,RB/FLEX
92765-6672,TE,Marcedes,Marcedes Lewis,Lewis,3.933333396911621,6,4100,GB@CHI,CHI,GB,,,,,,TE/FLEX
92765-88607,WR,Braylon,Braylon Sanders,Sanders,0.3499999940395355,2,4100,MIA@LAC,MIA,LAC,,,,,,WR/FLEX
92765-150090,WR,Cade,Cade Johnson,Johnson,2.8333333333333335,3,4100,LAR@SEA,SEA,LAR,,,,,,WR/FLEX
92765-86646,RB,Trey,Trey Sermon,Sermon,1.899999976158142,1,4100,PHI@NE,PHI,NE,IR,Undisclosed,,,,RB/FLEX
92765-55941,RB,Patrick,Patrick Laird,Laird,,,4100,TB@MIN,TB,MIN,,,,,,RB/FLEX
92765-72370,RB,J.J.,J.J. Taylor,Taylor,2.200000047683716,1,4100,PHI@NE,NE,PHI,,,,,,RB/FLEX
92765-64221,TE,Zach,Zach Gentry,Gentry,1.6214286259242467,14,4100,CIN@CLE,CIN,CLE,,,,,,TE/FLEX
92765-29411,TE,Pharaoh,Pharaoh Brown,Brown,2.528571537562779,7,4100,PHI@NE,NE,PHI,,,,,,TE/FLEX
92765-64242,WR,Keke,Keke Coutee,Coutee,0.07142857142857142,7,4100,MIA@LAC,MIA,LAC,,,,,,WR/FLEX
92765-54007,TE,Jacob,Jacob Hollister,Hollister,,,4100,LV@DEN,LV,DEN,Q,Undisclosed,,,,TE/FLEX
92765-136031,WR,Rakim,Rakim Jarrett,Jarrett,,,4100,TB@MIN,TB,MIN,,,,,,WR/FLEX
92765-70501,RB,C.J.,C.J. Ham,Ham,2.922222137451172,9,4100,TB@MIN,MIN,TB,,,,,,RB/FLEX
92765-134023,RB,Keaton,Keaton Mitchell,Mitchell,,,4100,HOU@BAL,BAL,HOU,IR,Shoulder,,,,RB/FLEX
92765-45997,WR,Keith,Keith Kirkwood,Kirkwood,0.9333333174387614,3,4100,TEN@NO,NO,TEN,,,,,,WR/FLEX
92765-89029,TE,Chris,Chris Pierce Jr.,Pierce Jr.,,,4100,ARI@WAS,ARI,WAS,,,,,,TE/FLEX
92765-70663,WR,Frank,Frank Darby,Darby,2,1,4100,CAR@ATL,ATL,CAR,Q,Undisclosed,,,,WR/FLEX
92765-62497,RB,David,David Johnson,Johnson,1.774999976158142,4,4100,TEN@NO,NO,TEN,,,,,,RB/FLEX
92765-154661,WR,Michael,Michael Bandy,Bandy,1.5444444020589192,9,4100,LV@DEN,DEN,LV,,,,,,WR/FLEX
92765-70705,TE,Trevon,Trevon Wesco,Wesco,1.399999976158142,4,4100,TEN@NO,TEN,NO,,,,,,TE/FLEX
92765-72772,RB,Avery,Avery Williams,Williams,1.6176470588235294,17,4100,CAR@ATL,ATL,CAR,IR,Knee - acl,,,,RB/FLEX
92765-68686,WR,C.J.,C.J. Saunders,Saunders,,,4100,CAR@ATL,ATL,CAR,,,,,,WR/FLEX
92765-54426,TE,Andrew,Andrew Beck,Beck,1.1749999523162842,8,4100,HOU@BAL,HOU,BAL,,,,,,TE/FLEX
92765-83117,TE,Tanner,Tanner Hudson,Hudson,3.0333334604899087,6,4100,CIN@CLE,CIN,CLE,,,,,,TE/FLEX
92765-52409,RB,Jakob,Jakob Johnson,Johnson,0.5,7,4100,LV@DEN,LV,DEN,,,,,,RB/FLEX
92765-70859,TE,Albert,Albert Okwuegbunam,Okwuegbunam,3.4166666666666665,6,4100,PHI@NE,PHI,NE,,,,,,TE/FLEX
92765-130275,WR,Kristian,Kristian Wilkerson,Wilkerson,,,4100,LV@DEN,LV,DEN,,,,,,WR/FLEX
92765-71031,WR,Lil'Jordan,Lil'Jordan Humphrey,Humphrey,1,3,4100,LV@DEN,DEN,LV,,,,,,WR/FLEX
92765-73089,TE,Devin,Devin Asiasi,Asiasi,0.375,4,4100,CIN@CLE,CIN,CLE,,,,,,TE/FLEX
92765-73161,TE,Chase,Chase Allen,Allen,,,4100,GB@CHI,CHI,GB,Q,Undisclosed,,,,TE/FLEX
92765-69068,RB,Jonathan,Jonathan Ward,Ward,2.0999999046325684,2,4100,TEN@NO,TEN,NO,Q,Knee,,,,RB/FLEX
92765-103896,WR,Nsimba,Nsimba Webster,Webster,2.4000000953674316,1,4100,GB@CHI,CHI,GB,,,,,,WR/FLEX
92765-73176,TE,Luke,Luke Farrell,Farrell,1.5,4,4100,JAC@IND,JAC,IND,,,,,,TE/FLEX
92765-103901,WR,Davion,Davion Davis,Davis,,,4100,ARI@WAS,ARI,WAS,,,,,,WR/FLEX
92765-103930,WR,Derek,Derek Wright,Wright,,,4100,CAR@ATL,CAR,ATL,,,,,,WR/FLEX
92765-89612,WR,Michael,Michael Wilson,Wilson,,,4100,ARI@WAS,ARI,WAS,,,,,,WR/FLEX
92765-103966,TE,Stone,Stone Smartt,Smartt,1.2333333492279053,3,4100,MIA@LAC,LAC,MIA,,,,,,TE/FLEX
92765-138786,WR,Malik,Malik Heath,Heath,,,4100,GB@CHI,GB,CHI,,,,,,WR/FLEX
92765-87657,WR,Seth,Seth Williams,Williams,,,4100,JAC@IND,JAC,IND,,,,,,WR/FLEX
92765-87662,WR,Anthony,Anthony Schwartz,Schwartz,2.7999998728434243,6,4100,CIN@CLE,CLE,CIN,IR,Hamstring,,,,WR/FLEX
92765-61072,WR,Stanley,Stanley Morgan,Morgan,0,1,4100,CIN@CLE,CIN,CLE,,,,,,WR/FLEX
92765-69276,WR,Bryan,Bryan Edwards,Edwards,0.75,4,4100,TEN@NO,NO,TEN,,,,,,WR/FLEX
92765-85687,WR,Jontre,Jontre Kirklin,Kirklin,,,4100,TEN@NO,NO,TEN,,,,,,WR/FLEX
92765-71351,TE,Charlie,Charlie Woerner,Woerner,0,2,4100,SF@PIT,SF,PIT,,,,,,TE/FLEX
92765-69302,TE,Feleipe,Feleipe Franks,Franks,0,2,4100,CAR@ATL,ATL,CAR,IR,Undisclosed,,,,TE/FLEX
92765-30403,WR,Chris,Chris Conley,Conley,1.649999976158142,4,4100,SF@PIT,SF,PIT,,,,,,WR/FLEX
92765-85731,WR,Racey,Racey McMath,McMath,1.350000023841858,4,4100,JAC@IND,IND,JAC,,,,,,WR/FLEX
92765-61172,TE,Tyler,Tyler Davis,Davis,0.9199999809265137,5,4100,GB@CHI,GB,CHI,IR,Knee,,,,TE/FLEX
92765-91902,WR,Kyle,Kyle Philips,Philips,1.9500000476837158,4,4100,TEN@NO,TEN,NO,IR,Knee - mcl,,,,WR/FLEX
92765-55088,WR,Malik,Malik Turner,Turner,,,4100,JAC@IND,IND,JAC,Q,Undisclosed,,,,WR/FLEX
92765-91971,RB,Ronnie,Ronnie Rivers,Rivers,3.75,2,4100,LAR@SEA,LAR,SEA,,,,,,RB/FLEX
92765-69451,TE,Jack,Jack Stoll,Stoll,1.709090839732777,11,4100,PHI@NE,PHI,NE,,,,,,TE/FLEX
92765-14237,TE,Kyle,Kyle Rudolph,Rudolph,2.0600000381469727,5,4100,TB@MIN,TB,MIN,,,,,,TE/FLEX
92765-65477,TE,Giovanni,Giovanni Ricci,Ricci,2,7,4100,CAR@ATL,CAR,ATL,,,,,,TE/FLEX
92765-169937,WR,Lance,Lance McCutcheon,McCutcheon,0,2,4100,HOU@BAL,HOU,BAL,,,,,,WR/FLEX
92765-104421,TE,Jesper,Jesper Horsted,Horsted,1.7000000476837158,2,4100,LV@DEN,LV,DEN,,,,,,TE/FLEX
92765-96269,RB,Owen,Owen Wright,Wright,,,4000,HOU@BAL,BAL,HOU,,,,,,RB/FLEX
92765-170000,WR,Shemar,Shemar Bridges,Bridges,,,4000,HOU@BAL,BAL,HOU,Q,Knee,,,,WR/FLEX
92765-69655,TE,Stephen,Stephen Sullivan,Sullivan,0.9333333174387614,6,4000,CAR@ATL,CAR,ATL,IR,Undisclosed,,,,TE/FLEX
92765-28694,TE,Jesse,Jesse James,James,,,4000,TEN@NO,NO,TEN,,,,,,TE/FLEX
92765-110624,WR,C.J.,C.J. Johnson,Johnson,,,4000,LAR@SEA,SEA,LAR,,,,,,WR/FLEX
92765-55336,TE,Chris,Chris Herndon,Herndon,,,4000,TEN@NO,NO,TEN,,,,,,TE/FLEX
92765-133163,WR,Ra'Shaun,Ra'Shaun Henry,Henry,,,4000,LAR@SEA,SEA,LAR,IR,Undisclosed,,,,WR/FLEX
92765-71723,WR,Dez,Dez Fitzpatrick,Fitzpatrick,,,4000,SF@PIT,PIT,SF,,,,,,WR/FLEX
92765-86068,WR,Jacob,Jacob Copeland,Copeland,,,4000,TB@MIN,MIN,TB,,,,,,WR/FLEX
92765-86075,TE,Lucas,Lucas Krull,Krull,,,4000,LV@DEN,DEN,LV,,,,,,TE/FLEX
92765-94269,RB,Henry,Henry Pearson,Pearson,,,4000,GB@CHI,GB,CHI,,,,,,RB/FLEX
92765-59455,TE,Sammis,Sammis Reyes,Reyes,,,4000,JAC@IND,JAC,IND,IR,Concussion,,,,TE/FLEX
92765-174148,RB,Carlos,Carlos Washington Jr.,Washington Jr.,,,4000,CAR@ATL,ATL,CAR,,,,,,RB/FLEX
92765-65607,TE,Jacob,Jacob Harris,Harris,1.100000023841858,1,4000,JAC@IND,JAC,IND,,,,,,TE/FLEX
92765-55366,RB,Qadree,Qadree Ollison,Ollison,,,4000,SF@PIT,PIT,SF,,,,,,RB/FLEX
92765-165962,TE,Nikola,Nikola Kalinic,Kalinic,0,1,4000,LAR@SEA,LAR,SEA,,,,,,TE/FLEX
92765-63576,WR,Kirk,Kirk Merritt,Merritt,,,4000,TEN@NO,NO,TEN,,,,,,WR/FLEX
92765-86108,RB,Monte,Monte Pottebaum,Pottebaum,,,4000,SF@PIT,PIT,SF,IR,Undisclosed,,,,RB/FLEX
92765-79967,TE,Adam,Adam Shaheen,Shaheen,,,4000,MIA@LAC,MIA,LAC,Q,Knee,,,,TE/FLEX
92765-92256,WR,Malik,Malik Knowles,Knowles,,,4000,TB@MIN,MIN,TB,IR,Undisclosed,,,,WR/FLEX
92765-94314,RB,Camerun,Camerun Peoples,Peoples,,,4000,CAR@ATL,CAR,ATL,,,,,,RB/FLEX
92765-86125,WR,Brandon,Brandon Smith,Smith,,,4000,ARI@WAS,ARI,WAS,,,,,,WR/FLEX
92765-30837,WR,Jordan,Jordan Matthews,Matthews,,,4000,SF@PIT,SF,PIT,,,,,,WR/FLEX
92765-55414,WR,Cody,Cody Thompson,Thompson,,,4000,LAR@SEA,SEA,LAR,,,,,,WR/FLEX
92765-71806,TE,Kaden,Kaden Smith,Smith,,,4000,ARI@WAS,WAS,ARI,IR,Undisclosed,,,,TE/FLEX
92765-84101,WR,Vyncint,Vyncint Smith,Smith,,,4000,JAC@IND,IND,JAC,,,,,,WR/FLEX
92765-71821,WR,Joe,Joe Reed,Reed,,,4000,GB@CHI,CHI,GB,IR,Undisclosed,,,,WR/FLEX
92765-94363,WR,Elijah,Elijah Cooks,Cooks,,,4000,JAC@IND,JAC,IND,,,,,,WR/FLEX
92765-178337,RB,Tyler,Tyler Hoosman,Hoosman,,,4000,MIA@LAC,LAC,MIA,,,,,,RB/FLEX
92765-86178,TE,Dominique,Dominique Dafney,Dafney,,,4000,TB@MIN,TB,MIN,Q,Undisclosed,,,,TE/FLEX
92765-92331,TE,Johnny,Johnny Lumpkin,Lumpkin,,,4000,JAC@IND,IND,JAC,,,,,,TE/FLEX
92765-61610,RB,Jacques,Jacques Patrick,Patrick,,,4000,TEN@NO,TEN,NO,,,,,,RB/FLEX
92765-157875,WR,Grant,Grant DuBose,DuBose,,,4000,GB@CHI,GB,CHI,,,,,,WR/FLEX
92765-86205,WR,Mac,Mac Hippenhammer,Hippenhammer,,,4000,CIN@CLE,CIN,CLE,,,,,,WR/FLEX
92765-61631,WR,Bisi,Bisi Johnson,Johnson,,,4000,TB@MIN,MIN,TB,Q,Knee - acl,,,,WR/FLEX
92765-65737,TE,Sam,Sam Tecklenburg,Tecklenburg,,,4000,CAR@ATL,CAR,ATL,,,,,,TE/FLEX
92765-170188,TE,Tanner,Tanner Conner,Conner,0,2,4000,MIA@LAC,MIA,LAC,,,,,,TE/FLEX
92765-129240,WR,Tyler,Tyler Scott,Scott,,,4000,GB@CHI,CHI,GB,,,,,,WR/FLEX
92765-170206,TE,Rodney,Rodney Williams II,Williams II,,,4000,SF@PIT,PIT,SF,,,,,,TE/FLEX
92765-149727,TE,Bernhard,Bernhard Seikovits,Seikovits,,,4000,ARI@WAS,ARI,WAS,,,,,,TE/FLEX
92765-137439,WR,Zion,Zion Bowens,Bowens,,,4000,ARI@WAS,WAS,ARI,,,,,,WR/FLEX
92765-170208,WR,Kaden,Kaden Davis,Davis,,,4000,ARI@WAS,ARI,WAS,,,,,,WR/FLEX
92765-90343,WR,Jordan,Jordan Byrd,Byrd,,,4000,SF@PIT,PIT,SF,,,,,,WR/FLEX
92765-88294,WR,Dontay,Dontay Demus Jr.,Demus Jr.,,,4000,HOU@BAL,BAL,HOU,,,,,,WR/FLEX
92765-92395,RB,Chris,Chris Smith,Smith,,,4000,LAR@SEA,SEA,LAR,,,,,,RB/FLEX
92765-86254,TE,Leonard,Leonard Taylor,Taylor,,,4000,JAC@IND,JAC,IND,IR,Undisclosed,,,,TE/FLEX
92765-12527,D,Chicago,Chicago Bears,Bears,3.6470588235294117,17,4000,GB@CHI,CHI,GB,,,,,,DEF
92765-90353,WR,Jesse,Jesse Matthews,Matthews,,,4000,HOU@BAL,HOU,BAL,IR,Knee - acl,,,,WR/FLEX
92765-12531,D,Denver,Denver Broncos,Broncos,6,17,4000,LV@DEN,DEN,LV,,,,,,DEF
92765-88313,WR,Brian,Brian Cobbs,Cobbs,,,4000,ARI@WAS,ARI,WAS,,,,,,WR/FLEX
92765-69884,RB,Darius,Darius Anderson,Anderson,,,4000,HOU@BAL,HOU,BAL,Q,Knee,,,,RB/FLEX
92765-61693,TE,Danny,Danny Pinter,Pinter,,,4000,JAC@IND,IND,JAC,IR,Ankle,,,,TE/FLEX
92765-71935,WR,Kendric,Kendric Pryor,Pryor,,,4000,JAC@IND,JAC,IND,,,,,,WR/FLEX
92765-174372,WR,Nick,Nick Williams,Williams,,,4000,LV@DEN,DEN,LV,,,,,,WR/FLEX
92765-86316,RB,Chuck,Chuck McClelland,McClelland,,,4000,TEN@NO,TEN,NO,,,,,,RB/FLEX
92765-170290,TE,Dre,Dre Miller,Miller,,,4000,GB@CHI,GB,CHI,,,,,,TE/FLEX
92765-92465,WR,Sean,Sean Ryan,Ryan,,,4000,HOU@BAL,BAL,HOU,,,,,,WR/FLEX
92765-45371,WR,Darius,Darius Phillips,Phillips,,,4000,HOU@BAL,HOU,BAL,,,,,,WR/FLEX
92765-90458,RB,Troy,Troy Hairston,Hairston,0.6285714421953473,7,4000,HOU@BAL,HOU,BAL,IR,Back,,,,RB/FLEX
92765-88421,WR,Daewood,Daewood Davis,Davis,,,4000,MIA@LAC,MIA,LAC,Q,Concussion,,,,WR/FLEX
92765-153957,TE,Zaire,Zaire Mitchell-Paden,Mitchell-Paden,,,4000,CIN@CLE,CLE,CIN,,,,,,TE/FLEX
92765-94579,RB,Emari,Emari Demercado,Demercado,,,4000,ARI@WAS,ARI,WAS,,,,,,RB/FLEX
92765-90483,TE,Bernhard,Bernhard Raimann,Raimann,,,4000,JAC@IND,IND,JAC,,,,,,TE/FLEX
92765-156039,WR,Shae,Shae Wyatt,Wyatt,,,4000,SF@PIT,SF,PIT,,,,,,WR/FLEX
92765-88463,WR,Johnny,Johnny Johnson III,Johnson III,,,4000,HOU@BAL,HOU,BAL,,,,,,WR/FLEX
92765-55694,WR,Mike,Mike Thomas,Thomas,1.7000000476837158,4,4000,HOU@BAL,BAL,HOU,Q,Shoulder - labrum,,,,WR/FLEX
92765-94606,WR,Taye,Taye Barber,Barber,,,4000,TB@MIN,TB,MIN,,,,,,WR/FLEX
92765-102802,WR,Makai,Makai Polk,Polk,,,4000,HOU@BAL,BAL,HOU,Q,Undisclosed,,,,WR/FLEX
92765-90518,WR,Slade,Slade Bolden,Bolden,,,4000,CAR@ATL,ATL,CAR,,,,,,WR/FLEX
92765-80281,WR,C.J.,C.J. Board,Board,0.2750000059604645,4,4000,TEN@NO,TEN,NO,Q,Ribs,,,,WR/FLEX
92765-70043,TE,Cole,Cole Fotheringham,Fotheringham,,,4000,LV@DEN,LV,DEN,,,,,,TE/FLEX
92765-94621,WR,Derius,Derius Davis,Davis,,,4000,MIA@LAC,LAC,MIA,,,,,,WR/FLEX
92765-92573,TE,Travis,Travis Vokolek,Vokolek,,,4000,HOU@BAL,BAL,HOU,,,,,,TE/FLEX
92765-96673,WR,Garett,Garett Maag,Maag,,,4000,TB@MIN,MIN,TB,,,,,,WR/FLEX
92765-111012,WR,Kaylon,Kaylon Geiger Sr.,Geiger Sr.,,,4000,TB@MIN,TB,MIN,,,,,,WR/FLEX
92765-102831,TE,Davis,Davis Allen,Allen,,,4000,LAR@SEA,LAR,SEA,,,,,,TE/FLEX
92765-102836,WR,Joseph,Joseph Ngata,Ngata,,,4000,PHI@NE,PHI,NE,,,,,,WR/FLEX
92765-92606,WR,Bo,Bo Melton,Melton,,,4000,GB@CHI,GB,CHI,,,,,,WR/FLEX
92765-47551,TE,Mason,Mason Schreck,Schreck,0.800000011920929,2,4000,HOU@BAL,HOU,BAL,,,,,,TE/FLEX
92765-72133,WR,Antoine,Antoine Wesley,Wesley,,,4000,LV@DEN,LV,DEN,,,,,,WR/FLEX
92765-55750,WR,Chris,Chris Lacy,Lacy,,,4000,LV@DEN,LV,DEN,Q,Undisclosed,,,,WR/FLEX
92765-113096,WR,Xavier,Xavier Smith,Smith,,,4000,LAR@SEA,LAR,SEA,,,,,,WR/FLEX
92765-86472,WR,John,John Hightower,Hightower,,,4000,MIA@LAC,LAC,MIA,,,,,,WR/FLEX
92765-88525,WR,Kawaan,Kawaan Baker,Baker,,,4000,TEN@NO,NO,TEN,,,,,,WR/FLEX
92765-117201,WR,Isaiah,Isaiah Winstead,Winstead,,,4000,SF@PIT,SF,PIT,,,,,,WR/FLEX
92765-88536,WR,Cephus,Cephus Johnson III,Johnson III,,,4000,TB@MIN,TB,MIN,,,,,,WR/FLEX
92765-63967,WR,Lucky,Lucky Jackson,Jackson,,,4000,TB@MIN,MIN,TB,,,,,,WR/FLEX
92765-88547,WR,Jalen,Jalen Wayne,Wayne,,,4000,CIN@CLE,CLE,CIN,,,,,,WR/FLEX
92765-14820,RB,Nick,Nick Bellore,Bellore,0.30000001192092896,1,4000,LAR@SEA,SEA,LAR,,,,,,RB/FLEX
92765-129508,WR,Duece,Duece Watts,Watts,,,4000,GB@CHI,GB,CHI,,,,,,WR/FLEX
92765-92677,WR,Zavier,Zavier Scott,Scott,,,4000,JAC@IND,IND,JAC,Q,Knee - meniscus,,,,WR/FLEX
92765-90628,TE,Griffin,Griffin Hebert,Hebert,,,4000,LAR@SEA,SEA,LAR,,,,,,TE/FLEX
92765-154139,RB,Clint,Clint Ratkovich,Ratkovich,,,4000,CAR@ATL,ATL,CAR,,,,,,RB/FLEX
92765-160303,TE,Tucker,Tucker Kraft,Kraft,,,4000,GB@CHI,GB,CHI,,,,,,TE/FLEX
92765-14895,TE,Patrick,Patrick Scales,Scales,,,4000,GB@CHI,CHI,GB,,,,,,TE/FLEX
92765-86601,RB,SaRodorick,SaRodorick Thompson Jr.,Thompson Jr.,,,4000,LAR@SEA,SEA,LAR,,,,,,RB/FLEX
92765-102986,WR,Elijah,Elijah Higgins,Higgins,,,4000,ARI@WAS,ARI,WAS,,,,,,WR/FLEX
92765-86612,TE,Brayden,Brayden Willis,Willis,,,4000,SF@PIT,SF,PIT,,,,,,TE/FLEX
92765-29277,TE,Stephen,Stephen Anderson,Anderson,0.48000001907348633,5,4000,ARI@WAS,ARI,WAS,,,,,,TE/FLEX
92765-64097,TE,La'Michael,La'Michael Pettway,Pettway,,,4000,JAC@IND,IND,JAC,Q,Undisclosed,,,,TE/FLEX
92765-186983,WR,Jadakis,Jadakis Bonds,Bonds,,,4000,GB@CHI,GB,CHI,,,,,,WR/FLEX
92765-86635,WR,Charleston,Charleston Rambo,Rambo,,,4000,PHI@NE,PHI,NE,IR,Undisclosed,,,,WR/FLEX
92765-66155,TE,Michael,Michael Jacobson,Jacobson,,,4000,JAC@IND,IND,JAC,,,,,,TE/FLEX
92765-103020,WR,Puka,Puka Nacua,Nacua,,,4000,LAR@SEA,LAR,SEA,,,,,,WR/FLEX
92765-139884,TE,Jordan,Jordan Murray,Murray,,,4000,HOU@BAL,HOU,BAL,,,,,,TE/FLEX
92765-88699,RB,Jaret,Jaret Patterson,Patterson,3.9000000953674316,2,4000,ARI@WAS,WAS,ARI,,,,,,RB/FLEX
92765-86657,RB,Kennedy,Kennedy Brooks,Brooks,,,4000,PHI@NE,PHI,NE,,,,,,RB/FLEX
92765-29314,TE,Richard,Richard Rodgers,Rodgers,0.29999999205271405,3,4000,MIA@LAC,LAC,MIA,Q,Knee,,,,TE/FLEX
92765-53913,WR,Cody,Cody Hollister,Hollister,1.725000023841858,4,4000,TEN@NO,TEN,NO,Q,Neck,,,,WR/FLEX
92765-86682,TE,Grant,Grant Calcaterra,Calcaterra,2.1200000762939455,5,4000,PHI@NE,PHI,NE,,,,,,TE/FLEX
92765-86692,TE,Thomas,Thomas Odukoya,Odukoya,,,4000,TEN@NO,TEN,NO,,,,,,TE/FLEX
92765-103086,WR,Jadon,Jadon Haselwood,Haselwood,,,4000,PHI@NE,PHI,NE,,,,,,WR/FLEX
92765-96942,WR,Keelan,Keelan Doss,Doss,,,4000,MIA@LAC,LAC,MIA,,,,,,WR/FLEX
92765-64175,WR,Hakeem,Hakeem Butler,Butler,,,4000,SF@PIT,PIT,SF,Q,Undisclosed,,,,WR/FLEX
92765-92890,WR,Cody,Cody White,White,0.699999988079071,1,4000,SF@PIT,PIT,SF,Q,Undisclosed,,,,WR/FLEX
92765-90844,TE,Christian,Christian Trahan,Trahan,,,4000,CIN@CLE,CIN,CLE,,,,,,TE/FLEX
92765-56041,RB,Khari,Khari Blasingame,Blasingame,0,1,4000,GB@CHI,CHI,GB,,,,,,RB/FLEX
92765-72427,WR,Kwamie,Kwamie Lassiter II,Lassiter II,,,4000,CIN@CLE,CIN,CLE,,,,,,WR/FLEX
92765-90861,RB,Derek,Derek Parish,Parish,,,4000,JAC@IND,JAC,IND,,,,,,RB/FLEX
92765-86781,WR,Terrell,Terrell Bynum,Bynum,,,4000,MIA@LAC,LAC,MIA,,,,,,WR/FLEX
92765-152320,RB,Tiyon,Tiyon Evans,Evans,,,4000,CAR@ATL,CAR,ATL,,,,,,RB/FLEX
92765-174853,WR,Kody,Kody Case,Case,,,4000,JAC@IND,IND,JAC,,,,,,WR/FLEX
92765-56099,RB,Cullen,Cullen Gillaspia,Gillaspia,,,4000,LAR@SEA,SEA,LAR,Q,Knee,,,,RB/FLEX
92765-86826,WR,Malachi,Malachi Carter,Carter,,,4000,CIN@CLE,CIN,CLE,,,,,,WR/FLEX
92765-72493,WR,Trishton,Trishton Jackson,Jackson,,,4000,TB@MIN,MIN,TB,,,,,,WR/FLEX
92765-86839,TE,Jack,Jack Coco,Coco,,,4000,ARI@WAS,ARI,WAS,,,,,,TE/FLEX
92765-174907,WR,Sy,Sy Barnett,Barnett,,,4000,TEN@NO,NO,TEN,,,,,,WR/FLEX
92765-92984,WR,Justin,Justin Marshall,Marshall,,,4000,LAR@SEA,SEA,LAR,,,,,,WR/FLEX
92765-158520,WR,Daylen,Daylen Baldwin,Baldwin,3.5,1,4000,CIN@CLE,CLE,CIN,Q,Hamstring,,,,WR/FLEX
92765-92990,RB,Hassan,Hassan Hall,Hall,,,4000,CIN@CLE,CLE,CIN,,,,,,RB/FLEX
92765-90952,WR,Kade,Kade Warner,Warner,,,4000,TB@MIN,TB,MIN,,,,,,WR/FLEX
92765-90955,WR,Tyjon,Tyjon Lindsey,Lindsey,,,4000,LAR@SEA,SEA,LAR,,,,,,WR/FLEX
92765-93002,RB,Calvin,Calvin Tyler Jr.,Tyler Jr.,,,4000,CIN@CLE,CIN,CLE,,,,,,RB/FLEX
92765-58189,TE,Mitchell,Mitchell Fraboni,Fraboni,,,4000,LV@DEN,DEN,LV,,,,,,TE/FLEX
92765-56142,WR,Juwann,Juwann Winfree,Winfree,0.7333333492279053,3,4000,JAC@IND,IND,JAC,,,,,,WR/FLEX
92765-88915,RB,Bryant,Bryant Koback,Koback,,,4000,LAR@SEA,SEA,LAR,,,,,,RB/FLEX
92765-64339,WR,Auden,Auden Tate,Tate,,,4000,ARI@WAS,ARI,WAS,,,,,,WR/FLEX
92765-93016,RB,B.J.,B.J. Baylor,Baylor,,,4000,CAR@ATL,ATL,CAR,,,,,,RB/FLEX
92765-93019,RB,Jack,Jack Colletto,Colletto,,,4000,SF@PIT,SF,PIT,,,,,,RB/FLEX
92765-90971,TE,Austin,Austin Allen,Allen,,,4000,GB@CHI,GB,CHI,,,,,,TE/FLEX
92765-66402,TE,Jack,Jack Driscoll,Driscoll,,,4000,PHI@NE,PHI,NE,,,,,,TE/FLEX
92765-119653,WR,Kayshon,Kayshon Boutte,Boutte,,,4000,PHI@NE,NE,PHI,,,,,,WR/FLEX
92765-86913,TE,Kris,Kris Leach,Leach,,,4000,LV@DEN,DEN,LV,,,,,,TE/FLEX
92765-91012,RB,Greg,Greg Bell,Bell,,,4000,SF@PIT,PIT,SF,,,,,,RB/FLEX
92765-23435,TE,Andrew,Andrew DePaola,DePaola,,,4000,TB@MIN,MIN,TB,,,,,,TE/FLEX
92765-45964,WR,Marcus,Marcus Kemp,Kemp,1.7999999523162842,1,4000,ARI@WAS,WAS,ARI,,,,,,WR/FLEX
92765-64405,WR,Dan,Dan Chisena,Chisena,,,4000,SF@PIT,PIT,SF,,,,,,WR/FLEX
92765-64408,TE,Nick,Nick Bowers,Bowers,,,4000,MIA@LAC,MIA,LAC,,,,,,TE/FLEX
92765-88995,WR,Reggie,Reggie Roberson Jr.,Roberson Jr.,,,4000,TEN@NO,TEN,NO,,,,,,WR/FLEX
92765-91055,WR,Kevin,Kevin Austin Jr.,Austin Jr.,,,4000,JAC@IND,JAC,IND,,,,,,WR/FLEX
92765-187324,WR,Ed,Ed Lee,Lee,,,4000,PHI@NE,NE,PHI,,,,,,WR/FLEX
92765-43973,RB,Keith,Keith Smith,Smith,0.3,5,4000,CAR@ATL,ATL,CAR,,,,,,RB/FLEX
92765-41936,WR,Anthony,Anthony Miller,Miller,,,4000,SF@PIT,SF,PIT,,,,,,WR/FLEX
92765-93150,WR,Jake,Jake Bobo,Bobo,,,4000,LAR@SEA,SEA,LAR,,,,,,WR/FLEX
92765-54239,TE,Matt,Matt Sokol,Sokol,,,4000,PHI@NE,NE,PHI,,,,,,TE/FLEX
92765-119788,WR,Xavier,Xavier Hutchinson,Hutchinson,,,4000,HOU@BAL,HOU,BAL,,,,,,WR/FLEX
92765-70680,WR,Jalen,Jalen Camp,Camp,1.2000000476837158,1,4000,HOU@BAL,HOU,BAL,,,,,,WR/FLEX
92765-87112,WR,Josh,Josh Ali,Ali,0,1,4000,CAR@ATL,ATL,CAR,,,,,,WR/FLEX
92765-89167,WR,Gavin,Gavin Holmes,Holmes,,,4000,TEN@NO,TEN,NO,,,,,,WR/FLEX
92765-87122,WR,Lynn,Lynn Bowden Jr.,Bowden Jr.,,,4000,TEN@NO,NO,TEN,,,,,,WR/FLEX
92765-89172,RB,John,John Lovett,Lovett,,,4000,SF@PIT,PIT,SF,,,,,,RB/FLEX
92765-89185,TE,Ben,Ben Sims,Sims,,,4000,GB@CHI,GB,CHI,,,,,,TE/FLEX
92765-64627,WR,Scotty,Scotty Washington,Washington,,,4000,PHI@NE,NE,PHI,,,,,,WR/FLEX
92765-46200,TE,Daniel,Daniel Brunskill,Brunskill,,,4000,TEN@NO,TEN,NO,,,,,,TE/FLEX
92765-64634,WR,Alex,Alex Bachman,Bachman,,,4000,HOU@BAL,HOU,BAL,Q,Oblique,,,,WR/FLEX
92765-95370,TE,Ryan,Ryan Miller,Miller,,,4000,TB@MIN,TB,MIN,,,,,,TE/FLEX
92765-83091,RB,Trenton,Trenton Cannon,Cannon,0,1,4000,TEN@NO,TEN,NO,Q,Knee,,,,RB/FLEX
92765-89243,WR,Tre'Shaun,Tre'Shaun Harrison,Harrison,,,4000,TEN@NO,TEN,NO,,,,,,WR/FLEX
92765-72863,TE,Armani,Armani Rogers,Rogers,2.3,5,4000,ARI@WAS,WAS,ARI,IR,Achilles,,,,TE/FLEX
92765-89249,RB,Khalan,Khalan Laborn,Laborn,,,4000,SF@PIT,SF,PIT,,,,,,RB/FLEX
92765-89265,TE,Camren,Camren McDonald,McDonald,,,4000,LAR@SEA,LAR,SEA,,,,,,TE/FLEX
92765-105648,RB,Tyler,Tyler Goodson,Goodson,,,4000,GB@CHI,GB,CHI,Q,Shoulder,,,,RB/FLEX
92765-89270,WR,Pokey,Pokey Wilson,Wilson,,,4000,MIA@LAC,LAC,MIA,,,,,,WR/FLEX
92765-9409,TE,Clark,Clark Harris,Harris,,,4000,CIN@CLE,CIN,CLE,Q,Biceps,,,,TE/FLEX
92765-167117,WR,Tyler,Tyler Hudson,Hudson,,,4000,LAR@SEA,LAR,SEA,,,,,,WR/FLEX
92765-91358,WR,Oliver,Oliver Martin,Martin,,,4000,JAC@IND,JAC,IND,,,,,,WR/FLEX
92765-70881,TE,Justin,Justin Rigg,Rigg,,,4000,TEN@NO,TEN,NO,,,,,,TE/FLEX
92765-130276,WR,Mason,Mason Kinsey,Kinsey,0.4000000059604645,2,4000,TEN@NO,TEN,NO,,,,,,WR/FLEX
92765-91373,TE,Joel,Joel Honigford,Honigford,,,4000,ARI@WAS,ARI,WAS,,,,,,TE/FLEX
92765-11504,WR,Andre,Andre Roberts,Roberts,0,3,4000,CAR@ATL,CAR,ATL,,,,,,WR/FLEX
92765-11512,TE,Jimmy,Jimmy Graham,Graham,,,4000,TEN@NO,NO,TEN,,,,,,TE/FLEX
92765-185593,WR,Andrei,Andrei Iosivas,Iosivas,,,4000,CIN@CLE,CIN,CLE,,,,,,WR/FLEX
92765-185599,WR,Colton,Colton Dowell,Dowell,,,4000,TEN@NO,TEN,NO,,,,,,WR/FLEX
92765-115971,WR,Shaq,Shaq Davis,Davis,,,4000,TEN@NO,NO,TEN,,,,,,WR/FLEX
92765-91401,WR,Ronnie,Ronnie Bell,Bell,,,4000,SF@PIT,SF,PIT,,,,,,WR/FLEX
92765-191760,RB,Toriano,Toriano Clinton,Clinton,,,4000,JAC@IND,IND,JAC,,,,,,RB/FLEX
92765-185627,WR,Jalen,Jalen Sample,Sample,,,4000,ARI@WAS,WAS,ARI,,,,,,WR/FLEX
92765-34073,TE,Ryan,Ryan Griffin,Griffin,0.6571428435189384,7,4000,GB@CHI,CHI,GB,,,,,,TE/FLEX
92765-83226,TE,Kevin,Kevin Rader,Rader,,,4000,TEN@NO,TEN,NO,,,,,,TE/FLEX
92765-68901,RB,Gerrid,Gerrid Doaks,Doaks,,,4000,HOU@BAL,HOU,BAL,,,,,,RB/FLEX
92765-185639,WR,Keilahn,Keilahn Harris,Harris,,,4000,CAR@ATL,ATL,CAR,,,,,,WR/FLEX
92765-91428,WR,Tarik,Tarik Black,Black,,,4000,HOU@BAL,BAL,HOU,,,,,,WR/FLEX
92765-130343,WR,Jeff,Jeff Cotton Jr.,Cotton Jr.,,,4000,GB@CHI,GB,CHI,Q,Undisclosed,,,,WR/FLEX
92765-91431,RB,Ben,Ben Mason,Mason,,,4000,HOU@BAL,BAL,HOU,,,,,,RB/FLEX
92765-185646,WR,Zay,Zay Malone,Malone,,,4000,CAR@ATL,ATL,CAR,,,,,,WR/FLEX
92765-130350,WR,Jaylon,Jaylon Moore,Moore,,,4000,JAC@IND,JAC,IND,IR,Undisclosed,,,,WR/FLEX
92765-64827,WR,Miles,Miles Boykin,Boykin,0.6999999682108561,3,4000,SF@PIT,PIT,SF,,,,,,WR/FLEX
92765-185660,WR,Malik,Malik Flowers,Flowers,,,4000,LAR@SEA,SEA,LAR,,,,,,WR/FLEX
92765-64833,TE,Alize,Alize Mack,Mack,,,4000,TEN@NO,TEN,NO,Q,Undisclosed,,,,TE/FLEX
92765-56648,RB,Jeremy,Jeremy McNichols,McNichols,,,4000,SF@PIT,SF,PIT,Q,Hamstring,,,,RB/FLEX
92765-73046,WR,Tre,Tre Nixon,Nixon,,,4000,PHI@NE,NE,PHI,IR,Shoulder,,,,WR/FLEX
92765-89437,WR,Tim,Tim Jones,Jones,1.125,4,4000,JAC@IND,JAC,IND,,,,,,WR/FLEX
92765-91488,RB,Chris,Chris Brooks,Brooks,,,4000,MIA@LAC,MIA,LAC,,,,,,RB/FLEX
92765-68975,TE,Josh,Josh Pederson,Pederson,,,4000,JAC@IND,JAC,IND,,,,,,TE/FLEX
92765-91504,WR,Blake,Blake Proehl,Proehl,,,4000,TB@MIN,MIN,TB,,,,,,WR/FLEX
92765-60791,TE,Tommy,Tommy Hudson,Hudson,,,4000,TEN@NO,NO,TEN,,,,,,TE/FLEX
92765-93577,WR,Dazz,Dazz Newsome,Newsome,,,4000,SF@PIT,SF,PIT,,,,,,WR/FLEX
92765-185742,WR,Braxton,Braxton Westfield,Westfield,,,4000,JAC@IND,IND,JAC,,,,,,WR/FLEX
92765-185743,RB,Darius,Darius Hagans,Hagans,,,4000,SF@PIT,PIT,SF,,,,,,RB/FLEX
92765-185747,WR,Cody,Cody Chrest,Chrest,,,4000,GB@CHI,GB,CHI,,,,,,WR/FLEX
92765-185744,WR,Johnny,Johnny King,King,,,4000,PHI@NE,PHI,NE,,,,,,WR/FLEX
92765-93592,WR,Sam,Sam James,James,,,4000,LAR@SEA,LAR,SEA,,,,,,WR/FLEX
92765-64926,WR,Michael,Michael Jacquet III,Jacquet III,,,4000,MIA@LAC,LAC,MIA,,,,,,WR/FLEX
92765-44449,WR,Willie,Willie Snead IV,Snead IV,,,4000,SF@PIT,SF,PIT,,,,,,WR/FLEX
92765-185775,TE,Brian,Brian Walker,Walker,,,4000,HOU@BAL,BAL,HOU,,,,,,TE/FLEX
92765-40365,WR,Devon,Devon Allen,Allen,,,4000,PHI@NE,PHI,NE,,,,,,WR/FLEX
92765-60849,WR,Blake,Blake Lynch,Lynch,,,4000,MIA@LAC,LAC,MIA,Q,Undisclosed,,,,WR/FLEX
92765-185777,TE,Damien,Damien Caffrey,Caffrey,,,4000,GB@CHI,CHI,GB,,,,,,TE/FLEX
92765-185782,WR,Thyrick,Thyrick Pitts,Pitts,,,4000,PHI@NE,NE,PHI,,,,,,WR/FLEX
92765-64949,WR,Ja'Marcus,Ja'Marcus Bradley,Bradley,,,4000,SF@PIT,PIT,SF,Q,Undisclosed,,,,WR/FLEX
92765-73147,TE,Nick,Nick Eubanks,Eubanks,,,4000,JAC@IND,IND,JAC,,,,,,TE/FLEX
92765-69056,WR,Mathew,Mathew Sexton,Sexton,,,4000,CAR@ATL,ATL,CAR,,,,,,WR/FLEX
92765-185792,WR,Tyler,Tyler Adams,Adams,,,4000,JAC@IND,IND,JAC,,,,,,WR/FLEX
92765-26057,RB,Michael,Michael Burton,Burton,0.3999999931880406,7,4000,LV@DEN,DEN,LV,,,,,,RB/FLEX
92765-54746,TE,Tyler,Tyler Ott,Ott,,,4000,HOU@BAL,BAL,HOU,,,,,,TE/FLEX
92765-185822,TE,Thomas,Thomas Greaney,Greaney,,,4000,CIN@CLE,CLE,CIN,,,,,,TE/FLEX
92765-103900,TE,Brandon,Brandon Dillon,Dillon,,,4000,ARI@WAS,WAS,ARI,IR,Undisclosed,,,,TE/FLEX
92765-91612,WR,Matt,Matt Landers,Landers,,,4000,LAR@SEA,SEA,LAR,,,,,,WR/FLEX
92765-185827,RB,Jacob,Jacob Saylors,Saylors,,,4000,CIN@CLE,CIN,CLE,,,,,,RB/FLEX
92765-91618,TE,John,John FitzPatrick,FitzPatrick,,,4000,CAR@ATL,ATL,CAR,,,,,,TE/FLEX
92765-112101,WR,Jared,Jared Wayne,Wayne,,,4000,HOU@BAL,HOU,BAL,,,,,,WR/FLEX
92765-91635,WR,Kearis,Kearis Jackson,Jackson,,,4000,TEN@NO,TEN,NO,,,,,,WR/FLEX
92765-40434,WR,Greg,Greg Ward,Ward,,,4000,PHI@NE,PHI,NE,,,,,,WR/FLEX
92765-89586,TE,Tucker,Tucker Fisk,Fisk,,,4000,CAR@ATL,ATL,CAR,,,,,,TE/FLEX
92765-185850,TE,Julian,Julian Hill,Hill,,,4000,MIA@LAC,MIA,LAC,Q,Ankle,,,,TE/FLEX
92765-185854,WR,Dallas,Dallas Daniels,Daniels,,,4000,LV@DEN,DEN,LV,,,,,,WR/FLEX
92765-114177,WR,Milton,Milton Wright,Wright,,,4000,MIA@LAC,LAC,MIA,Q,Undisclosed,,,,WR/FLEX
92765-185856,WR,Taylor,Taylor Grimes,Grimes,,,4000,LV@DEN,DEN,LV,,,,,,WR/FLEX
92765-128515,RB,Ellis,Ellis Merriweather,Merriweather,,,4000,TEN@NO,NO,TEN,,,,,,RB/FLEX
92765-185861,RB,Emanuel,Emanuel Wilson,Wilson,,,4000,GB@CHI,GB,CHI,,,,,,RB/FLEX
92765-185875,TE,Noah,Noah Gindorff,Gindorff,,,4000,LAR@SEA,SEA,LAR,,,,,,TE/FLEX
92765-185878,RB,Elijah,Elijah Dotson,Dotson,,,4000,MIA@LAC,LAC,MIA,,,,,,RB/FLEX
92765-89627,WR,Brycen,Brycen Tremayne,Tremayne,,,4000,ARI@WAS,WAS,ARI,,,,,,WR/FLEX
92765-185887,RB,Ronnie,Ronnie Brown,Brown,,,4000,TB@MIN,TB,MIN,,,,,,RB/FLEX
92765-185884,WR,John,John Hall,Hall,,,4000,LAR@SEA,SEA,LAR,,,,,,WR/FLEX
92765-91679,WR,Josh,Josh Vann,Vann,,,4000,CAR@ATL,CAR,ATL,,,,,,WR/FLEX
92765-185889,TE,Tanner,Tanner Taula,Taula,,,4000,TB@MIN,TB,MIN,,,,,,TE/FLEX
92765-185893,RB,Alfonzo,Alfonzo Graham,Graham,,,4000,SF@PIT,PIT,SF,IR,Undisclosed,,,,RB/FLEX
92765-185907,RB,Zach,Zach Ojile,Ojile,,,4000,TB@MIN,MIN,TB,,,,,,RB/FLEX
92765-69173,TE,Hunter,Hunter Kampmoyer,Kampmoyer,,,4000,MIA@LAC,LAC,MIA,,,,,,TE/FLEX
92765-60981,TE,Charlie,Charlie Heck,Heck,,,4000,HOU@BAL,HOU,BAL,NA,Foot,,,,TE/FLEX
92765-173626,TE,Nate,Nate Adkins,Adkins,,,4000,LV@DEN,DEN,LV,,,,,,TE/FLEX
92765-60984,TE,Jake,Jake Bargas,Bargas,,,4000,TEN@NO,NO,TEN,,,,,,TE/FLEX
92765-89656,WR,Aron,Aron Cruickshank,Cruickshank,,,4000,SF@PIT,PIT,SF,,,,,,WR/FLEX
92765-71228,WR,Marquez,Marquez Stevenson,Stevenson,,,4000,CAR@ATL,CAR,ATL,Q,Undisclosed,,,,WR/FLEX
92765-30272,TE,Colin,Colin Thompson,Thompson,,,4000,TB@MIN,MIN,TB,,,,,,TE/FLEX
92765-87621,WR,A.T.,A.T. Perry,Perry,,,4000,TEN@NO,NO,TEN,,,,,,WR/FLEX
92765-104008,TE,Stephen,Stephen Carlson,Carlson,,,4000,GB@CHI,CHI,GB,,,,,,TE/FLEX
92765-104019,TE,Matt,Matt Orzech,Orzech,,,4000,GB@CHI,GB,CHI,,,,,,TE/FLEX
92765-87634,TE,Blake,Blake Whiteheart,Whiteheart,,,4000,ARI@WAS,ARI,WAS,,,,,,TE/FLEX
92765-63061,WR,Gary,Gary Jennings,Jennings,,,4000,CAR@ATL,CAR,ATL,,,,,,WR/FLEX
92765-104025,RB,John,John Lovett,Lovett,,,4000,MIA@LAC,MIA,LAC,Q,Undisclosed,,,,RB/FLEX
92765-147051,RB,Jaleel,Jaleel McLaughlin,McLaughlin,,,4000,LV@DEN,DEN,LV,,,,,,RB/FLEX
92765-147049,TE,Drew,Drew Ogletree,Ogletree,,,4000,JAC@IND,IND,JAC,,,,,,TE/FLEX
92765-87668,WR,Shedrick,Shedrick Jackson,Jackson,,,4000,CIN@CLE,CIN,CLE,,,,,,WR/FLEX
92765-104054,RB,Sincere,Sincere McCormick,McCormick,,,4000,LV@DEN,LV,DEN,,,,,,RB/FLEX
92765-93824,WR,Easop,Easop Winston Jr.,Winston Jr.,,,4000,LAR@SEA,SEA,LAR,,,,,,WR/FLEX
92765-93845,WR,Tay,Tay Martin,Martin,,,4000,SF@PIT,SF,PIT,,,,,,WR/FLEX
92765-93853,WR,Thayer,Thayer Thomas,Thomas,,,4000,TB@MIN,MIN,TB,,,,,,WR/FLEX
92765-87711,TE,John Samuel,John Samuel Shenker,Shenker,,,4000,LV@DEN,LV,DEN,,,,,,TE/FLEX
92765-104102,TE,Leroy,Leroy Watson IV,Watson IV,,,4000,SF@PIT,SF,PIT,,,,,,TE/FLEX
92765-91823,RB,Ronald,Ronald Awatt,Awatt,,,4000,SF@PIT,SF,PIT,,,,,,RB/FLEX
92765-7856,WR,Matthew,Matthew Slater,Slater,,,4000,PHI@NE,NE,PHI,,,,,,WR/FLEX
92765-87731,WR,Dominique,Dominique Robinson,Robinson,,,4000,GB@CHI,CHI,GB,,,,,,WR/FLEX
92765-71355,RB,Elijah,Elijah Holyfield,Holyfield,,,4000,CIN@CLE,CIN,CLE,Q,Knee,,,,RB/FLEX
92765-28346,TE,Maxx,Maxx Williams,Williams,1.649999976158142,2,4000,ARI@WAS,ARI,WAS,,,,,,TE/FLEX
92765-104124,WR,Darrius,Darrius Shepherd,Shepherd,,,4000,MIA@LAC,LAC,MIA,Q,Undisclosed,,,,WR/FLEX
92765-71359,WR,Javon,Javon Wims,Wims,,,4000,CAR@ATL,CAR,ATL,,,,,,WR/FLEX
92765-71372,WR,Tyrie,Tyrie Cleveland,Cleveland,1.2666666507720947,3,4000,PHI@NE,PHI,NE,Q,Concussion,,,,WR/FLEX
92765-65231,RB,Adam,Adam Prentice,Prentice,0.6599999904632569,5,4000,TEN@NO,NO,TEN,,,,,,RB/FLEX
92765-63189,TE,Hunter,Hunter Thedford,Thedford,,,4000,CIN@CLE,CLE,CIN,,,,,,TE/FLEX
92765-85720,WR,Jaray,Jaray Jenkins,Jenkins,,,4000,JAC@IND,JAC,IND,Q,Undisclosed,,,,WR/FLEX
92765-71386,TE,Jordan,Jordan Thomas,Thomas,,,4000,CAR@ATL,CAR,ATL,,,,,,TE/FLEX
92765-147168,WR,Chris,Chris Blair,Blair,,,4000,CAR@ATL,ATL,CAR,Q,Undisclosed,,,,WR/FLEX
92765-91875,TE,Michael,Michael Ezeike,Ezeike,,,4000,MIA@LAC,LAC,MIA,,,,,,TE/FLEX
92765-91897,WR,Ethan,Ethan Fernea,Fernea,,,4000,JAC@IND,IND,JAC,Q,Undisclosed,,,,WR/FLEX
92765-85759,TE,Curtis,Curtis Hodges,Hodges,,,4000,ARI@WAS,WAS,ARI,,,,,,TE/FLEX
92765-91923,WR,Kazmeir,Kazmeir Allen,Allen,,,4000,ARI@WAS,WAS,ARI,,,,,,WR/FLEX
92765-40726,RB,Godwin,Godwin Igwebuike,Igwebuike,0.20000000794728598,6,4000,CAR@ATL,ATL,CAR,,,,,,RB/FLEX
92765-114465,TE,Christian,Christian Sims,Sims,,,4000,LAR@SEA,LAR,SEA,,,,,,TE/FLEX
92765-71459,RB,Brittain,Brittain Brown,Brown,,,4000,LV@DEN,LV,DEN,IR,Undisclosed,,,,RB/FLEX
92765-87844,TE,Brady,Brady Russell,Russell,,,4000,PHI@NE,PHI,NE,,,,,,TE/FLEX
92765-40746,TE,Troy,Troy Fumagalli,Fumagalli,,,4000,SF@PIT,SF,PIT,,,,,,TE/FLEX
92765-91960,WR,Chris,Chris Coleman,Coleman,,,4000,MIA@LAC,MIA,LAC,,,,,,WR/FLEX
92765-87882,WR,Daniel,Daniel Arias,Arias,,,4000,ARI@WAS,ARI,WAS,,,,,,WR/FLEX
92765-73551,WR,Stantley,Stantley Thomas-Oliver III,Thomas-Oliver III,,,4000,CAR@ATL,CAR,ATL,,,,,,WR/FLEX
92765-63321,TE,Rashod,Rashod Berry,Berry,,,4000,JAC@IND,IND,JAC,IR,Suspension,,,,TE/FLEX
92765-89997,WR,Michael,Michael Woods II,Woods II,1.0833333333333333,6,4000,CIN@CLE,CLE,CIN,IR,Achilles,,,,WR/FLEX
92765-69516,TE,Miller,Miller Forristall,Forristall,0,1,4000,CIN@CLE,CLE,CIN,,,,,,TE/FLEX
92765-128912,WR,Mitchell,Mitchell Tinsley,Tinsley,,,4000,ARI@WAS,WAS,ARI,,,,,,WR/FLEX
92765-94099,RB,Robert,Robert Burns,Burns,,,4000,GB@CHI,CHI,GB,,,,,,RB/FLEX
92765-141201,WR,Raleigh,Raleigh Webb,Webb,,,4000,MIA@LAC,MIA,LAC,,,,,,WR/FLEX
92765-87961,RB,Wayne,Wayne Taulapapa,Taulapapa,,,4000,LAR@SEA,SEA,LAR,,,,,,RB/FLEX
92765-92056,TE,Cal,Cal Adomitis,Adomitis,,,4000,CIN@CLE,CIN,CLE,,,,,,TE/FLEX
92765-28570,TE,Nick,Nick Vannett,Vannett,1.7,5,4000,MIA@LAC,LAC,MIA,,,,,,TE/FLEX
92765-94118,WR,Mike,Mike Harley Jr.,Harley Jr.,,,4000,CIN@CLE,CLE,CIN,,,,,,WR/FLEX
92765-34729,RB,Dwayne,Dwayne Washington,Washington,1,5,4000,LV@DEN,DEN,LV,,,,,,RB/FLEX
92765-85944,WR,Kyric,Kyric McGowan,McGowan,,,4000,ARI@WAS,WAS,ARI,Q,Undisclosed,,,,WR/FLEX
92765-92093,WR,Jaelon,Jaelon Darden,Darden,0.2923076886397142,13,4000,CIN@CLE,CLE,CIN,,,,,,WR/FLEX
92765-85994,TE,Dalton,Dalton Keene,Keene,,,4000,HOU@BAL,HOU,BAL,,,,,,TE/FLEX
92765-71661,WR,Tino,Tino Ellis,Ellis,,,4000,MIA@LAC,MIA,LAC,Q,Undisclosed,,,,WR/FLEX
92765-71662,WR,DJ,DJ Turner,Turner,0.8666666348775228,3,4000,LV@DEN,LV,DEN,Q,Undisclosed,,,,WR/FLEX
92765-96254,TE,Nick,Nick Muse,Muse,,,4000,TB@MIN,MIN,TB,,,,,,TE/FLEX
92765-12528,D,Cincinnati,Cincinnati Bengals,Bengals,6.85,20,3900,CIN@CLE,CIN,CLE,,,,,,DEF
92765-12529,D,Cleveland,Cleveland Browns,Browns,6.470588235294118,17,3900,CIN@CLE,CLE,CIN,,,,,,DEF
92765-12534,D,Tennessee,Tennessee Titans,Titans,5.588235294117647,17,3800,TEN@NO,TEN,NO,,,,,,DEF
92765-12547,D,Pittsburgh,Pittsburgh Steelers,Steelers,6.294117647058823,17,3800,SF@PIT,PIT,SF,,,,,,DEF
92765-12537,D,Las Vegas,Las Vegas Raiders,Raiders,4.529411764705882,17,3700,LV@DEN,LV,DEN,,,,,,DEF
92765-12546,D,Arizona,Arizona Cardinals,Cardinals,6.0588235294117645,17,3700,ARI@WAS,ARI,WAS,,,,,,DEF
92765-12535,D,Indianapolis,Indianapolis Colts,Colts,6.823529411764706,17,3600,JAC@IND,IND,JAC,,,,,,DEF
92765-12541,D,New England,New England Patriots,Patriots,11.235294117647058,17,3500,PHI@NE,NE,PHI,,,,,,DEF
92765-12548,D,Los Angeles,Los Angeles Chargers,Chargers,6.333333333333333,18,3400,MIA@LAC,LAC,MIA,,,,,,DEF
92765-12539,D,Miami,Miami Dolphins,Dolphins,6.777777777777778,18,3300,MIA@LAC,MIA,LAC,,,,,,DEF
92765-12538,D,Los Angeles,Los Angeles Rams,Rams,6.176470588235294,17,3200,LAR@SEA,LAR,SEA,,,,,,DEF
92765-12551,D,Tampa Bay,Tampa Bay Buccaneers,Buccaneers,5.777777777777778,18,3100,TB@MIN,TB,MIN,,,,,,DEF
92765-12556,D,Houston,Houston Texans,Texans,6.647058823529412,17,3000,HOU@BAL,HOU,BAL,,,,,,DEF