Id,Position,First Name,Nickname,Last Name,FPPG,Played,Salary,Game,Team,Opponent,Injury Indicator,Injury Details,Tier,,,Roster Position
94274-55050,RB,Christian,Christian McCaffrey,McCaffrey,21.933334350585938,3,9700,ARI@SF,SF,ARI,,,,,,RB/FLEX
94274-80001,RB,Austin,Austin Ekeler,Ekeler,24.399999618530273,1,9600,LV@LAC,LAC,LV,D,Ankle,,,,RB/FLEX
94274-53681,WR,Tyreek,Tyreek Hill,Hill,25.899998982747395,3,9600,MIA@BUF,MIA,BUF,,,,,,WR/FLEX
94274-29253,WR,Keenan,Keenan Allen,Allen,24.920000712076824,3,9500,LV@LAC,LAC,LV,,,,,,WR/FLEX
94274-85671,WR,Justin,Justin Jefferson,Jefferson,21.099999745686848,3,9400,MIN@CAR,MIN,CAR,,,,,,WR/FLEX
94274-62239,QB,Josh,Josh Allen,Allen,19.34000015258789,3,9000,MIA@BUF,BUF,MIA,,,,,,QB
94274-69531,QB,Jalen,Jalen Hurts,Hurts,20.1999994913737,3,8800,WAS@PHI,PHI,WAS,,,,,,QB
94274-25079,WR,Stefon,Stefon Diggs,Diggs,15.466667175292969,3,8700,MIA@BUF,BUF,MIA,,,,,,WR/FLEX
94274-69189,QB,Justin,Justin Herbert,Herbert,24.12000020345052,3,8600,LV@LAC,LAC,LV,,,,,,QB
94274-63759,RB,Tony,Tony Pollard,Pollard,17.066666920979817,3,8400,NE@DAL,DAL,NE,,,,,,RB/FLEX
94274-72731,RB,Josh,Josh Jacobs,Jacobs,8.333333333333334,3,8200,LV@LAC,LV,LAC,,,,,,RB/FLEX
94274-63115,QB,Lamar,Lamar Jackson,Jackson,19.53999964396159,3,8200,BAL@CLE,BAL,CLE,,,,,,QB
94274-85701,WR,Ja'Marr,Ja'Marr Chase,Chase,10.766666412353516,3,8200,CIN@TEN,CIN,TEN,,,,,,WR/FLEX
94274-45889,WR,Davante,Davante Adams,Adams,20.900000254313152,3,8100,LV@LAC,LV,LAC,,,,,,WR/FLEX
94274-39280,RB,Derrick,Derrick Henry,Henry,10.633333206176758,3,8000,CIN@TEN,TEN,CIN,,,,,,RB/FLEX
94274-90572,QB,Tua,Tua Tagovailoa,Tagovailoa,23.253334045410156,3,8000,MIA@BUF,MIA,BUF,,,,,,QB
94274-56018,WR,Deebo,Deebo Samuel,Samuel,16.666666666666668,3,8000,ARI@SF,SF,ARI,Q,Knee,,,,WR/FLEX
94274-32384,WR,Mike,Mike Evans,Evans,18.733333587646484,3,8000,TB@NO,TB,NO,,,,,,WR/FLEX
94274-28744,RB,Raheem,Raheem Mostert,Mostert,26.3000005086263,3,7900,MIA@BUF,MIA,BUF,,,,,,RB/FLEX
94274-22038,QB,Kirk,Kirk Cousins,Cousins,24.23333231608073,3,7900,MIN@CAR,MIN,CAR,,,,,,QB
94274-87770,WR,Chris,Chris Olave,Olave,13.733333587646484,3,7900,TB@NO,NO,TB,,,,,,WR/FLEX
94274-90576,WR,DeVonta,DeVonta Smith,Smith,13.366666158040365,3,7800,WAS@PHI,PHI,WAS,,,,,,WR/FLEX
94274-91598,RB,D'Andre,D'Andre Swift,Swift,13.566666920979818,3,7800,WAS@PHI,PHI,WAS,,,,,,RB/FLEX
94274-72846,WR,A.J.,A.J. Brown,Brown,11.300000508626303,3,7700,WAS@PHI,PHI,WAS,,,,,,WR/FLEX
94274-129315,QB,Anthony,Anthony Richardson,Richardson,19.829999923706055,2,7600,LAR@IND,IND,LAR,,,,,,QB
94274-85798,WR,Brandon,Brandon Aiyuk,Aiyuk,17.350000381469727,2,7600,ARI@SF,SF,ARI,,,,,,WR/FLEX
94274-104433,RB,Kyren,Kyren Williams,Williams,16.633333841959637,3,7600,LAR@IND,LAR,IND,,,,,,RB/FLEX
94274-86631,WR,CeeDee,CeeDee Lamb,Lamb,12.566666920979818,3,7500,NE@DAL,DAL,NE,,,,,,WR/FLEX
94274-103020,WR,Puka,Puka Nacua,Nacua,16.400000254313152,3,7500,LAR@IND,LAR,IND,,,,,,WR/FLEX
94274-22015,QB,Russell,Russell Wilson,Wilson,19.113333384195965,3,7500,DEN@CHI,DEN,CHI,,,,,,QB
94274-90573,WR,Jaylen,Jaylen Waddle,Waddle,10.100000381469727,2,7400,MIA@BUF,MIA,BUF,,,,,,WR/FLEX
94274-52442,RB,Joe,Joe Mixon,Mixon,11.266666412353516,3,7400,CIN@TEN,CIN,TEN,,,,,,RB/FLEX
94274-70027,RB,Zack,Zack Moss,Moss,20.100000381469727,2,7300,LAR@IND,IND,LAR,,,,,,RB/FLEX
94274-89981,WR,Tee,Tee Higgins,Higgins,9.333333333333334,3,7300,CIN@TEN,CIN,TEN,,,,,,WR/FLEX
94274-71706,TE,T.J.,T.J. Hockenson,Hockenson,13.133333841959635,3,7200,MIN@CAR,MIN,CAR,,,,,,TE/FLEX
94274-72776,RB,Alexander,Alexander Mattison,Mattison,10.09999974568685,3,7200,MIN@CAR,MIN,CAR,,,,,,RB/FLEX
94274-91591,QB,Justin,Justin Fields,Fields,14.646666208902994,3,7200,DEN@CHI,CHI,DEN,,,,,,QB
94274-69213,WR,Michael,Michael Pittman Jr.,Pittman Jr.,13.833333333333334,3,7200,LAR@IND,IND,LAR,,,,,,WR/FLEX
94274-63336,QB,Joe,Joe Burrow,Burrow,9.573333104451498,3,7200,CIN@TEN,CIN,TEN,,,,,,QB
94274-57403,WR,Courtland,Courtland Sutton,Sutton,11.800000508626303,3,7100,DEN@CHI,DEN,CHI,,,,,,WR/FLEX
94274-54879,QB,Deshaun,Deshaun Watson,Watson,18.47333272298177,3,7100,BAL@CLE,CLE,BAL,Q,Shoulder,,,,QB
94274-85607,QB,Brock,Brock Purdy,Purdy,17.28000005086263,3,7100,ARI@SF,SF,ARI,,,,,,QB
94274-110246,WR,George,George Pickens,Pickens,12.09999974568685,3,7100,PIT@HOU,PIT,HOU,,,,,,WR/FLEX
94274-79970,WR,Cooper,Cooper Kupp,Kupp,18.211110432942707,9,7000,LAR@IND,LAR,IND,IR,Hamstring,,,,WR/FLEX
94274-31001,WR,Amari,Amari Cooper,Cooper,12.933333079020182,3,7000,BAL@CLE,CLE,BAL,,,,,,WR/FLEX
94274-41535,QB,Baker,Baker Mayfield,Mayfield,15.146666208902994,3,7000,TB@NO,TB,NO,,,,,,QB
94274-39829,WR,Mike,Mike Williams,Williams,13.566666920979818,3,7000,LV@LAC,LAC,LV,IR,Knee - acl,,,,WR/FLEX
94274-31716,QB,Dak,Dak Prescott,Prescott,13.759999593098959,3,7000,NE@DAL,DAL,NE,,,,,,QB
94274-89675,RB,Jonathan,Jonathan Taylor,Taylor,12.03636308149858,11,7000,LAR@IND,IND,LAR,NA,Ankle,,,,RB/FLEX
94274-104576,QB,Sam,Sam Howell,Howell,14.013333638509115,3,6900,WAS@PHI,WAS,PHI,,,,,,QB
94274-63634,WR,Jakobi,Jakobi Meyers,Meyers,18.299999237060547,2,6900,LV@LAC,LV,LAC,,,,,,WR/FLEX
94274-137902,RB,Rachaad,Rachaad White,White,10.133333206176758,3,6900,TB@NO,TB,NO,,,,,,RB/FLEX
94274-54604,QB,Jimmy,Jimmy Garoppolo,Garoppolo,15.419999440511068,3,6900,LV@LAC,LV,LAC,Q,Concussion,,,,QB
94274-90584,QB,Mac,Mac Jones,Jones,17.740000406901043,3,6800,NE@DAL,NE,DAL,,,,,,QB
94274-39716,WR,Adam,Adam Thielen,Thielen,15.033332824707031,3,6800,MIN@CAR,CAR,MIN,,,,,,WR/FLEX
94274-119606,QB,Bryce,Bryce Young,Young,11.529999732971191,2,6800,MIN@CAR,CAR,MIN,,,,,,QB
94274-91626,RB,James,James Cook,Cook,12.800000508626303,3,6800,MIA@BUF,BUF,MIA,,,,,,RB/FLEX
94274-92020,QB,Kenny,Kenny Pickett,Pickett,13.819999694824219,3,6800,PIT@HOU,PIT,HOU,,,,,,QB
94274-14225,QB,Andy,Andy Dalton,Dalton,23.540000915527344,1,6800,MIN@CAR,CAR,MIN,,,,,,QB
94274-129471,QB,C.J.,C.J. Stroud,Stroud,17.413333892822266,3,6700,PIT@HOU,HOU,PIT,,,,,,QB
94274-90562,RB,Brian,Brian Robinson Jr.,Robinson Jr.,16,3,6700,WAS@PHI,WAS,PHI,,,,,,RB/FLEX
94274-56250,WR,Terry,Terry McLaurin,McLaurin,8.366666793823242,3,6700,WAS@PHI,WAS,PHI,,,,,,WR/FLEX
94274-52436,TE,Mark,Mark Andrews,Andrews,9.25,2,6700,BAL@CLE,BAL,CLE,,,,,,TE/FLEX
94274-71845,RB,Miles,Miles Sanders,Sanders,10.233333587646484,3,6600,MIN@CAR,CAR,MIN,Q,Groin,,,,RB/FLEX
94274-90561,WR,Jerry,Jerry Jeudy,Jeudy,7.300000190734863,2,6600,DEN@CHI,DEN,CHI,,,,,,WR/FLEX
94274-6654,QB,Matthew,Matthew Stafford,Stafford,14.633333841959635,3,6600,LAR@IND,LAR,IND,,,,,,QB
94274-24849,QB,Jameis,Jameis Winston,Winston,4.039999961853027,1,6500,TB@NO,NO,TB,,,,,,QB
94274-94534,WR,Gabe,Gabe Davis,Davis,10.733333587646484,3,6500,MIA@BUF,BUF,MIA,,,,,,WR/FLEX
94274-55635,WR,Chris,Chris Godwin,Godwin,7.533333460489909,3,6500,TB@NO,TB,NO,,,,,,WR/FLEX
94274-45859,QB,Derek,Derek Carr,Carr,10.480000178019205,3,6500,TB@NO,NO,TB,Q,Shoulder - ac joint,,,,QB
94274-42104,RB,Alvin,Alvin Kamara,Kamara,12.213333129882812,15,6500,TB@NO,NO,TB,,,,,,RB/FLEX
94274-129210,WR,Jordan,Jordan Addison,Addison,12.333333333333334,3,6400,MIN@CAR,MIN,CAR,,,,,,WR/FLEX
94274-61798,QB,Gardner,Gardner Minshew II,Minshew II,8.073333104451498,3,6400,LAR@IND,IND,LAR,,,,,,QB
94274-90533,RB,Jerome,Jerome Ford,Ford,14.09999974568685,3,6400,BAL@CLE,CLE,BAL,,,,,,RB/FLEX
94274-111540,RB,Rhamondre,Rhamondre Stevenson,Stevenson,10.699999491373697,3,6400,NE@DAL,NE,DAL,,,,,,RB/FLEX
94274-91419,WR,Nico,Nico Collins,Collins,13.166666666666666,3,6400,PIT@HOU,HOU,PIT,,,,,,WR/FLEX
94274-40407,QB,Joshua,Joshua Dobbs,Dobbs,14.419999440511068,3,6400,ARI@SF,ARI,SF,,,,,,QB
94274-138820,RB,De'Von,De'Von Achane,Achane,25.350000381469727,2,6400,MIA@BUF,MIA,BUF,,,,,,RB/FLEX
94274-86055,RB,Dameon,Dameon Pierce,Pierce,7.866666793823242,3,6300,PIT@HOU,HOU,PIT,,,,,,RB/FLEX
94274-16606,WR,DeAndre,DeAndre Hopkins,Hopkins,7.433333079020183,3,6300,CIN@TEN,TEN,CIN,,,,,,WR/FLEX
94274-86243,QB,Will,Will Levis,Levis,,,6300,CIN@TEN,TEN,CIN,,,,,,QB
94274-90575,RB,Najee,Najee Harris,Harris,5.200000127156575,3,6300,PIT@HOU,PIT,HOU,,,,,,RB/FLEX
94274-92976,WR,Tutu,Tutu Atwell,Atwell,13.933333079020182,3,6300,LAR@IND,LAR,IND,,,,,,WR/FLEX
94274-39793,TE,George,George Kittle,Kittle,6.799999872843425,3,6300,ARI@SF,SF,ARI,,,,,,TE/FLEX
94274-60840,QB,Jake,Jake Browning,Browning,-0.10000000149011612,1,6300,CIN@TEN,CIN,TEN,,,,,,QB
94274-21948,QB,Ryan,Ryan Tannehill,Tannehill,10.206666946411133,3,6300,CIN@TEN,TEN,CIN,,,,,,QB
94274-87691,QB,Malik,Malik Willis,Willis,3.1914285932268416,7,6300,CIN@TEN,TEN,CIN,,,,,,QB
94274-40687,RB,James,James Conner,Conner,14.90000025431315,3,6300,ARI@SF,ARI,SF,,,,,,RB/FLEX
94274-129291,WR,Tank,Tank Dell,Dell,14.866666158040365,3,6200,PIT@HOU,HOU,PIT,,,,,,WR/FLEX
94274-30231,QB,Jacoby,Jacoby Brissett,Brissett,12.472856794084821,14,6200,WAS@PHI,WAS,PHI,,,,,,QB
94274-38628,QB,Mitch,Mitch Trubisky,Trubisky,11.268571036202568,7,6200,PIT@HOU,PIT,HOU,,,,,,QB
94274-30761,QB,Nathan,Nathan Peterman,Peterman,3.086666742960612,3,6100,DEN@CHI,CHI,DEN,,,,,,QB
94274-63589,QB,Sam,Sam Darnold,Darnold,-0.15000000596046448,2,6100,ARI@SF,SF,ARI,,,,,,QB
94274-41562,QB,Nick,Nick Mullens,Mullens,3.190000057220459,4,6100,MIN@CAR,MIN,CAR,,,,,,QB
94274-29358,QB,Marcus,Marcus Mariota,Mariota,15.812307504507212,13,6100,WAS@PHI,PHI,WAS,,,,,,QB
94274-90813,QB,Clayton,Clayton Tune,Tune,,,6100,ARI@SF,ARI,SF,,,,,,QB
94274-139985,QB,Bailey,Bailey Zappe,Zappe,10.53499984741211,4,6100,NE@DAL,NE,DAL,,,,,,QB
94274-41827,QB,P.J.,P.J. Walker,Walker,7.023333231608073,6,6100,BAL@CLE,CLE,BAL,,,,,,QB
94274-87418,WR,Joshua,Joshua Palmer,Palmer,5.433333079020183,3,6100,LV@LAC,LAC,LV,,,,,,WR/FLEX
94274-103824,QB,Easton,Easton Stick,Stick,,,6100,LV@LAC,LAC,LV,,,,,,QB
94274-112057,RB,Jaylen,Jaylen Warren,Warren,7.200000127156575,3,6100,PIT@HOU,PIT,HOU,,,,,,RB/FLEX
94274-91583,QB,Stetson,Stetson Bennett,Bennett,,,6100,LAR@IND,LAR,IND,IR,Illness,,,,QB
94274-60947,QB,Jarrett,Jarrett Stidham,Stidham,15.213333129882812,3,6100,DEN@CHI,DEN,CHI,,,,,,QB
94274-89628,QB,Davis,Davis Mills,Mills,13.101333618164062,15,6100,PIT@HOU,HOU,PIT,,,,,,QB
94274-63043,WR,DJ,DJ Moore,Moore,9.5,3,6100,DEN@CHI,CHI,DEN,,,,,,WR/FLEX
94274-40534,QB,Mike,Mike White,White,6.579999923706055,1,6100,MIA@BUF,MIA,BUF,,,,,,QB
94274-112295,WR,Zay,Zay Flowers,Flowers,10.333333333333334,3,6100,BAL@CLE,BAL,CLE,,,,,,WR/FLEX
94274-44715,QB,Cooper,Cooper Rush,Rush,0,1,6100,NE@DAL,DAL,NE,,,,,,QB
94274-69304,QB,Kyle,Kyle Trask,Trask,0.9200000166893005,1,6100,TB@NO,TB,NO,,,,,,QB
94274-7872,QB,Brian,Brian Hoyer,Hoyer,1.4800000190734863,1,6100,LV@LAC,LV,LAC,,,,,,QB
94274-91898,QB,Dorian,Dorian Thompson-Robinson,Thompson-Robinson,,,6100,BAL@CLE,CLE,BAL,,,,,,QB
94274-8023,QB,Josh,Josh Johnson,Johnson,0.9300000071525574,2,6100,BAL@CLE,BAL,CLE,,,,,,QB
94274-53095,QB,Kyle,Kyle Allen,Allen,-0.20000000298023224,2,6100,MIA@BUF,BUF,MIA,,,,,,QB
94274-149696,QB,Trey,Trey Lance,Lance,6.730000019073486,2,6000,NE@DAL,DAL,NE,,,,,,QB
94274-69833,QB,Shane,Shane Buechele,Buechele,,,6000,MIA@BUF,BUF,MIA,,,,,,QB
94274-90400,QB,Jaren,Jaren Hall,Hall,,,6000,MIN@CAR,MIN,CAR,Q,Personal,,,,QB
94274-31047,QB,AJ,AJ McCarron,McCarron,,,6000,CIN@TEN,CIN,TEN,,,,,,QB
94274-88440,QB,Braxton,Braxton Burmeister,Burmeister,,,6000,LAR@IND,LAR,IND,,,,,,QB
94274-92560,QB,Sam,Sam Ehlinger,Ehlinger,9.654999732971191,4,6000,LAR@IND,IND,LAR,Q,Shoulder,,,,QB
94274-70051,QB,Tyler,Tyler Huntley,Huntley,12.076666514078775,6,6000,BAL@CLE,BAL,CLE,,,,,,QB
94274-31170,QB,Brandon,Brandon Allen,Allen,0.7799999713897705,1,6000,ARI@SF,SF,ARI,,,,,,QB
94274-22994,QB,Case,Case Keenum,Keenum,0.1599999964237213,2,6000,PIT@HOU,HOU,PIT,,,,,,QB
94274-66008,WR,Diontae,Diontae Johnson,Johnson,6.300000190734863,1,6000,PIT@HOU,PIT,HOU,IR,Hamstring,,,,WR/FLEX
94274-53729,QB,Mason,Mason Rudolph,Rudolph,,,6000,PIT@HOU,PIT,HOU,,,,,,QB
94274-88602,QB,Jordan,Jordan Ta'amu,Ta'amu,,,6000,MIN@CAR,MIN,CAR,,,,,,QB
94274-88630,QB,Matt,Matt Corral,Corral,,,6000,NE@DAL,NE,DAL,,,,,,QB
94274-45631,RB,Jamaal,Jamaal Williams,Williams,4.550000190734863,2,6000,TB@NO,NO,TB,IR,Hamstring,,,,RB/FLEX
94274-94797,QB,Kellen,Kellen Mond,Mond,,,6000,BAL@CLE,CLE,BAL,,,,,,QB
94274-86687,WR,Marquise,Marquise Brown,Brown,12.066666920979818,3,6000,ARI@SF,ARI,SF,Q,Thumb,,,,WR/FLEX
94274-103109,QB,Max,Max Duggan,Duggan,,,6000,LV@LAC,LAC,LV,,,,,,QB
94274-86793,QB,Jake,Jake Haener,Haener,,,6000,TB@NO,NO,TB,IR,Suspension,,,,QB
94274-90912,RB,Kenneth,Kenneth Gainwell,Gainwell,7.349999904632568,2,6000,WAS@PHI,PHI,WAS,,,,,,RB/FLEX
94274-92975,QB,Malik,Malik Cunningham,Cunningham,,,6000,NE@DAL,NE,DAL,,,,,,QB
94274-56192,QB,John,John Wolford,Wolford,8.899999618530273,2,6000,TB@NO,TB,NO,,,,,,QB
94274-29605,QB,Matt,Matt Barkley,Barkley,,,6000,MIA@BUF,BUF,MIA,Q,Elbow,,,,QB
94274-93103,QB,E.J.,E.J. Perry,Perry,,,6000,PIT@HOU,HOU,PIT,,,,,,QB
94274-56286,QB,Trace,Trace McSorley,McSorley,2.715999984741211,5,6000,NE@DAL,NE,DAL,,,,,,QB
94274-52342,QB,Will,Will Grier,Grier,,,6000,NE@DAL,NE,DAL,,,,,,QB
94274-89236,QB,James,James Blackman,Blackman,,,6000,MIA@BUF,MIA,BUF,,,,,,QB
94274-93382,QB,Aidan,Aidan O'Connell,O'Connell,,,6000,LV@LAC,LV,LAC,,,,,,QB
94274-130269,QB,Reid,Reid Sinnett,Sinnett,,,6000,CIN@TEN,CIN,TEN,,,,,,QB
94274-11500,QB,Colt,Colt McCoy,McCoy,8.949999809265137,4,6000,ARI@SF,ARI,SF,,,,,,QB
94274-185629,QB,Tim,Tim DeMorat,DeMorat,,,6000,WAS@PHI,WAS,PHI,,,,,,QB
94274-185640,QB,Dresser,Dresser Winn,Winn,,,6000,LAR@IND,LAR,IND,,,,,,QB
94274-91468,QB,Chase,Chase Garbers,Garbers,,,6000,LV@LAC,LV,LAC,,,,,,QB
94274-73118,QB,Ian,Ian Book,Book,,,6000,NE@DAL,NE,DAL,,,,,,QB
94274-185773,QB,Nolan,Nolan Henderson,Henderson,,,6000,BAL@CLE,BAL,CLE,,,,,,QB
94274-185776,QB,Tyson,Tyson Bagent,Bagent,,,6000,DEN@CHI,CHI,DEN,,,,,,QB
94274-91639,QB,Jake,Jake Fromm,Fromm,,,6000,WAS@PHI,WAS,PHI,,,,,,QB
94274-89607,QB,Tanner,Tanner McKee,McKee,,,6000,WAS@PHI,PHI,WAS,,,,,,QB
94274-30253,QB,Jeff,Jeff Driskel,Driskel,2.388571330479213,7,6000,ARI@SF,ARI,SF,,,,,,QB
94274-71242,QB,Jarrett,Jarrett Guarantano,Guarantano,,,6000,DEN@CHI,DEN,CHI,,,,,,QB
94274-69294,QB,Skylar,Skylar Thompson,Thompson,4.195000171661377,8,6000,MIA@BUF,MIA,BUF,,,,,,QB
94274-52917,WR,DJ,DJ Chark Jr.,Chark Jr.,9.300000190734863,2,6000,MIN@CAR,CAR,MIN,,,,,,WR/FLEX
94274-52929,QB,Jake,Jake Luton,Luton,,,6000,TB@NO,NO,TB,,,,,,QB
94274-91872,RB,Joshua,Joshua Kelley,Kelley,7.066666920979817,3,6000,LV@LAC,LAC,LV,,,,,,RB/FLEX
94274-61157,QB,Brett,Brett Rypien,Rypien,5.505000114440918,4,6000,LAR@IND,LAR,IND,,,,,,QB
94274-85860,QB,Tanner,Tanner Morgan,Morgan,,,6000,PIT@HOU,PIT,HOU,,,,,,QB
94274-40845,TE,Hunter,Hunter Henry,Henry,10.333333333333334,3,6000,NE@DAL,NE,DAL,,,,,,TE/FLEX
94274-69597,QB,Anthony,Anthony Brown,Brown,3.7899999618530273,2,6000,BAL@CLE,BAL,CLE,,,,,,QB
94274-63469,QB,Ben,Ben DiNucci,DiNucci,,,6000,DEN@CHI,DEN,CHI,,,,,,QB
94274-63484,QB,Kyler,Kyler Murray,Murray,18.865454933860086,11,6000,ARI@SF,ARI,SF,NA,Knee - acl,,,,QB
94274-88575,WR,Elijah,Elijah Moore,Moore,6.866666793823242,3,5900,BAL@CLE,CLE,BAL,,,,,,WR/FLEX
94274-83074,TE,Dallas,Dallas Goedert,Goedert,3.933333396911621,3,5900,WAS@PHI,PHI,WAS,,,,,,TE/FLEX
94274-40167,RB,Gus,Gus Edwards,Edwards,7.5,3,5900,BAL@CLE,BAL,CLE,,,,,,RB/FLEX
94274-28573,WR,Michael,Michael Thomas,Thomas,8.533333460489908,3,5900,TB@NO,NO,TB,,,,,,WR/FLEX
94274-170287,WR,Rashid,Rashid Shaheed,Shaheed,10.266666412353516,3,5800,TB@NO,NO,TB,,,,,,WR/FLEX
94274-72412,RB,Khalil,Khalil Herbert,Herbert,6.233333587646484,3,5800,DEN@CHI,CHI,DEN,,,,,,RB/FLEX
94274-93541,RB,Javonte,Javonte Williams,Williams,7.333333333333333,3,5800,DEN@CHI,DEN,CHI,,,,,,RB/FLEX
94274-28900,RB,Melvin,Melvin Gordon III,Gordon III,6.5,1,5700,BAL@CLE,BAL,CLE,,,,,,RB/FLEX
94274-63855,WR,K.J.,K.J. Osborn,Osborn,8.533333460489908,3,5700,MIN@CAR,MIN,CAR,,,,,,WR/FLEX
94274-80289,WR,Kendrick,Kendrick Bourne,Bourne,10.966667175292969,3,5700,NE@DAL,NE,DAL,,,,,,WR/FLEX
94274-91578,RB,Zamir,Zamir White,White,0.699999988079071,2,5700,LV@LAC,LV,LAC,,,,,,RB/FLEX
94274-57840,RB,Rashaad,Rashaad Penny,Penny,1.899999976158142,1,5600,WAS@PHI,PHI,WAS,,,,,,RB/FLEX
94274-52613,WR,Curtis,Curtis Samuel,Samuel,6.533333460489909,3,5600,WAS@PHI,WAS,PHI,,,,,,WR/FLEX
94274-40669,WR,Tyler,Tyler Boyd,Boyd,5.533333460489909,3,5600,CIN@TEN,CIN,TEN,,,,,,WR/FLEX
94274-38791,RB,Ezekiel,Ezekiel Elliott,Elliott,5.100000063578288,3,5600,NE@DAL,NE,DAL,,,,,,RB/FLEX
94274-28643,WR,Allen,Allen Robinson II,Robinson II,5.166666666666667,3,5600,PIT@HOU,PIT,HOU,,,,,,WR/FLEX
94274-69777,WR,Darnell,Darnell Mooney,Mooney,6.650000095367432,2,5500,DEN@CHI,CHI,DEN,,,,,,WR/FLEX
94274-86229,WR,Jahan,Jahan Dotson,Dotson,4.433333396911621,3,5500,WAS@PHI,WAS,PHI,,,,,,WR/FLEX
94274-86244,TE,Pat,Pat Freiermuth,Freiermuth,6.366666793823242,3,5500,PIT@HOU,PIT,HOU,,,,,,TE/FLEX
94274-69956,WR,Michael,Michael Gallup,Gallup,4.833333333333333,3,5500,NE@DAL,DAL,NE,,,,,,WR/FLEX
94274-45565,TE,Taysom,Taysom Hill,Hill,3.740000089009603,3,5500,TB@NO,NO,TB,,,,,,TE/FLEX
94274-89230,RB,Cam,Cam Akers,Akers,8.899999618530273,1,5500,MIN@CAR,MIN,CAR,,,,,,RB/FLEX
94274-91426,WR,Donovan,Donovan Peoples-Jones,Peoples-Jones,3.1000000635782876,3,5500,BAL@CLE,CLE,BAL,,,,,,WR/FLEX
94274-71521,RB,Justice,Justice Hill,Hill,9.850000381469727,2,5500,BAL@CLE,BAL,CLE,Q,Foot,,,,RB/FLEX
94274-69860,RB,Trayveon,Trayveon Williams,Williams,0.8333333333333334,3,5400,CIN@TEN,CIN,TEN,,,,,,RB/FLEX
94274-129305,WR,Josh,Josh Downs,Downs,6.633333206176758,3,5400,LAR@IND,IND,LAR,,,,,,WR/FLEX
94274-64031,TE,Hayden,Hayden Hurst,Hurst,5.900000254313151,3,5400,MIN@CAR,CAR,MIN,,,,,,TE/FLEX
94274-55987,WR,JuJu,JuJu Smith-Schuster,Smith-Schuster,3.866666793823242,3,5400,NE@DAL,NE,DAL,,,,,,WR/FLEX
94274-29501,WR,Brandin,Brandin Cooks,Cooks,2.950000047683716,2,5400,NE@DAL,DAL,NE,,,,,,WR/FLEX
94274-29683,WR,Nelson,Nelson Agholor,Agholor,10.350000381469727,2,5400,BAL@CLE,BAL,CLE,,,,,,WR/FLEX
94274-64581,WR,Van,Van Jefferson,Jefferson,3.7666667302449546,3,5400,LAR@IND,LAR,IND,,,,,,WR/FLEX
94274-120093,WR,Marvin,Marvin Mims Jr.,Mims Jr.,12.09999974568685,3,5400,DEN@CHI,DEN,CHI,,,,,,WR/FLEX
94274-110259,WR,Treylon,Treylon Burks,Burks,4.600000063578288,3,5400,CIN@TEN,TEN,CIN,O,Knee,,,,WR/FLEX
94274-137059,RB,Sean,Sean Tucker,Tucker,1.3999999364217122,3,5400,TB@NO,TB,NO,,,,,,RB/FLEX
94274-55335,TE,David,David Njoku,Njoku,4.066666603088379,3,5300,BAL@CLE,CLE,BAL,Q,Arm,,,,TE/FLEX
94274-86312,WR,Alec,Alec Pierce,Pierce,3.5333334604899087,3,5300,LAR@IND,IND,LAR,,,,,,WR/FLEX
94274-33260,WR,DeVante,DeVante Parker,Parker,5.800000190734863,2,5300,NE@DAL,NE,DAL,,,,,,WR/FLEX
94274-102902,WR,Trey,Trey Palmer,Palmer,3.866666793823242,3,5300,TB@NO,TB,NO,,,,,,WR/FLEX
94274-103187,RB,Roschon,Roschon Johnson,Johnson,8.533333460489908,3,5300,DEN@CHI,CHI,DEN,,,,,,RB/FLEX
94274-70603,RB,Devin,Devin Singletary,Singletary,3.2999998728434243,3,5300,PIT@HOU,HOU,PIT,,,,,,RB/FLEX
94274-29685,WR,Robert,Robert Woods,Woods,8,3,5300,PIT@HOU,HOU,PIT,,,,,,WR/FLEX
94274-93408,WR,Rondale,Rondale Moore,Moore,7.366666793823242,3,5300,ARI@SF,ARI,SF,,,,,,WR/FLEX
94274-73111,WR,Chase,Chase Claypool,Claypool,4.366666793823242,3,5300,DEN@CHI,CHI,DEN,,,,,,WR/FLEX
94274-87467,RB,Chuba,Chuba Hubbard,Hubbard,5.599999745686849,3,5300,MIN@CAR,CAR,MIN,,,,,,RB/FLEX
94274-61593,WR,Jauan,Jauan Jennings,Jennings,3.3999999364217124,3,5200,ARI@SF,SF,ARI,D,Shin,,,,WR/FLEX
94274-45229,RB,Kareem,Kareem Hunt,Hunt,4.5,1,5200,BAL@CLE,CLE,BAL,,,,,,RB/FLEX
94274-31360,WR,Odell,Odell Beckham Jr.,Beckham Jr.,4.550000190734863,2,5200,BAL@CLE,BAL,CLE,O,Ankle,,,,WR/FLEX
94274-55970,RB,Royce,Royce Freeman,Freeman,4,4,5200,LAR@IND,LAR,IND,,,,,,RB/FLEX
94274-64389,WR,Nick,Nick Westbrook-Ikhine,Westbrook-Ikhine,8.899999618530273,2,5200,CIN@TEN,TEN,CIN,,,,,,WR/FLEX
94274-64496,WR,Olamide,Olamide Zaccheaus,Zaccheaus,12.800000190734863,1,5200,WAS@PHI,PHI,WAS,,,,,,WR/FLEX
94274-64585,TE,Dawson,Dawson Knox,Knox,4.700000127156575,3,5200,MIA@BUF,BUF,MIA,,,,,,TE/FLEX
94274-73130,RB,Chris,Chris Evans,Evans,1.600000023841858,1,5200,CIN@TEN,CIN,TEN,,,,,,RB/FLEX
94274-63078,RB,Ke'Shawn,Ke'Shawn Vaughn,Vaughn,1.7399999618530273,5,5200,TB@NO,TB,NO,,,,,,RB/FLEX
94274-120639,WR,Quentin,Quentin Johnston,Johnston,1.6999999682108562,3,5200,LV@LAC,LAC,LV,,,,,,WR/FLEX
94274-27229,RB,Ameer,Ameer Abdullah,Abdullah,1.1999999682108562,3,5100,LV@LAC,LV,LAC,,,,,,RB/FLEX
94274-57986,WR,Hunter,Hunter Renfrow,Renfrow,2.75,2,5100,LV@LAC,LV,LAC,,,,,,WR/FLEX
94274-47870,TE,Tyler,Tyler Higbee,Higbee,6.233333587646484,3,5100,LAR@IND,LAR,IND,Q,Achilles,,,,TE/FLEX
94274-52451,RB,Samaje,Samaje Perine,Perine,5.700000127156575,3,5100,DEN@CHI,DEN,CHI,,,,,,RB/FLEX
94274-89680,TE,Jake,Jake Ferguson,Ferguson,6,3,5100,NE@DAL,DAL,NE,,,,,,TE/FLEX
94274-85672,WR,Terrace,Terrace Marshall Jr.,Marshall Jr.,4.650000095367432,2,5100,MIN@CAR,CAR,MIN,,,,,,WR/FLEX
94274-91971,RB,Ronnie,Ronnie Rivers,Rivers,0.44999998807907104,2,5100,LAR@IND,LAR,IND,,,,,,RB/FLEX
94274-85845,WR,Rashod,Rashod Bateman,Bateman,3.133333206176758,3,5100,BAL@CLE,BAL,CLE,O,Hamstring,,,,WR/FLEX
94274-92413,RB,Elijah,Elijah Mitchell,Mitchell,3.450000047683716,2,5000,ARI@SF,SF,ARI,Q,Knee,,,,RB/FLEX
94274-55552,RB,Jeff,Jeff Wilson Jr.,Wilson Jr.,9.27058859432445,17,5000,MIA@BUF,MIA,BUF,IR,Ribs,,,,RB/FLEX
94274-12545,D,Philadelphia,Philadelphia Eagles,Eagles,11.333333333333334,3,5000,WAS@PHI,PHI,WAS,,,,,,DEF
94274-43433,RB,Boston,Boston Scott,Scott,2.75,2,5000,WAS@PHI,PHI,WAS,,,,,,RB/FLEX
94274-72297,RB,Rico,Rico Dowdle,Dowdle,6.433333079020183,3,5000,NE@DAL,DAL,NE,,,,,,RB/FLEX
94274-90870,WR,Calvin,Calvin Austin III,Austin III,7.400000254313151,3,5000,PIT@HOU,PIT,HOU,,,,,,WR/FLEX
94274-41997,WR,River,River Cracraft,Cracraft,5.900000254313151,3,5000,MIA@BUF,MIA,BUF,IR,Shoulder,,,,WR/FLEX
94274-29780,TE,Zach,Zach Ertz,Ertz,5.100000063578288,3,5000,ARI@SF,ARI,SF,,,,,,TE/FLEX
94274-71105,WR,Ben,Ben Skowronek,Skowronek,1.1333333651224773,3,5000,LAR@IND,LAR,IND,Q,Achilles,,,,WR/FLEX
94274-34331,RB,Latavius,Latavius Murray,Murray,6.966666539510091,3,5000,MIA@BUF,BUF,MIA,,,,,,RB/FLEX
94274-26355,TE,Logan,Logan Thomas,Thomas,7.75,2,5000,WAS@PHI,WAS,PHI,,,,,,TE/FLEX
94274-57299,TE,Gerald,Gerald Everett,Everett,5.166666666666667,3,5000,LV@LAC,LAC,LV,,,,,,TE/FLEX
94274-73687,WR,Quez,Quez Watkins,Watkins,2.700000047683716,1,5000,WAS@PHI,PHI,WAS,O,Hamstring,,,,WR/FLEX
94274-12551,D,Tampa Bay,Tampa Bay Buccaneers,Buccaneers,10.333333333333334,3,4900,TB@NO,TB,NO,,,,,,DEF
94274-30989,RB,Kenyan,Kenyan Drake,Drake,2.0999999046325684,1,4900,BAL@CLE,BAL,CLE,,,,,,RB/FLEX
94274-22898,RB,Brandon,Brandon Bolden,Bolden,2.8499999046325684,8,4900,LV@LAC,LV,LAC,,,,,,RB/FLEX
94274-90933,RB,Antonio,Antonio Gibson,Gibson,3.0333334604899087,3,4900,WAS@PHI,WAS,PHI,,,,,,RB/FLEX
94274-91047,TE,Cole,Cole Kmet,Kmet,5.299999872843425,3,4900,DEN@CHI,CHI,DEN,,,,,,TE/FLEX
94274-91401,WR,Ronnie,Ronnie Bell,Bell,9.399999618530273,1,4900,ARI@SF,SF,ARI,,,,,,WR/FLEX
94274-73121,RB,Tony,Tony Jones Jr.,Jones Jr.,7.700000127156575,3,4900,TB@NO,NO,TB,,,,,,RB/FLEX
94274-89612,WR,Michael,Michael Wilson,Wilson,6.533333460489909,3,4900,ARI@SF,ARI,SF,,,,,,WR/FLEX
94274-185878,RB,Elijah,Elijah Dotson,Dotson,2.9000000953674316,1,4900,LV@LAC,LAC,LV,,,,,,RB/FLEX
94274-71241,WR,Brandon,Brandon Johnson,Johnson,8.633333206176758,3,4900,DEN@CHI,DEN,CHI,,,,,,WR/FLEX
94274-104278,TE,Donald,Donald Parham Jr.,Parham Jr.,8.09999974568685,3,4900,LV@LAC,LAC,LV,,,,,,TE/FLEX
94274-145558,TE,Dalton,Dalton Kincaid,Kincaid,4.233333269755046,3,4800,MIA@BUF,BUF,MIA,,,,,,TE/FLEX
94274-12530,D,Dallas,Dallas Cowboys,Cowboys,17.666666666666668,3,4800,NE@DAL,DAL,NE,,,,,,DEF
94274-86811,TE,Cade,Cade Otton,Otton,4.033333460489909,3,4800,TB@NO,TB,NO,,,,,,TE/FLEX
94274-107293,RB,Tyjae,Tyjae Spears,Spears,4.233333269755046,3,4800,CIN@TEN,TEN,CIN,,,,,,RB/FLEX
94274-72725,TE,Irv,Irv Smith Jr.,Smith Jr.,2.5999999046325684,2,4800,CIN@TEN,CIN,TEN,O,Hamstring,,,,TE/FLEX
94274-64576,RB,Damien,Damien Harris,Harris,4.566666603088379,3,4800,MIA@BUF,BUF,MIA,,,,,,RB/FLEX
94274-40126,TE,Austin,Austin Hooper,Hooper,2.75,2,4800,LV@LAC,LV,LAC,,,,,,TE/FLEX
94274-103619,WR,Tre,Tre Tucker,Tucker,3.4000000953674316,1,4800,LV@LAC,LV,LAC,,,,,,WR/FLEX
94274-52495,WR,Braxton,Braxton Berrios,Berrios,4.600000063578288,3,4800,MIA@BUF,MIA,BUF,,,,,,WR/FLEX
94274-89493,RB,Chase,Chase Brown,Brown,0.20000000298023224,1,4800,CIN@TEN,CIN,TEN,,,,,,RB/FLEX
94274-114100,RB,Isaiah,Isaiah Spiller,Spiller,0.5,2,4800,LV@LAC,LAC,LV,,,,,,RB/FLEX
94274-112192,WR,Jonathan,Jonathan Mingo,Mingo,3.4666665395100913,3,4800,MIN@CAR,CAR,MIN,Q,Concussion,,,,WR/FLEX
94274-88297,TE,Chig,Chig Okonkwo,Okonkwo,2.566666603088379,3,4700,CIN@TEN,TEN,CIN,,,,,,TE/FLEX
94274-12549,D,San Francisco,San Francisco 49ers,49ers,8.666666666666666,3,4700,ARI@SF,SF,ARI,,,,,,DEF
94274-92545,RB,Keaontay,Keaontay Ingram,Ingram,0.9333333174387614,3,4700,ARI@SF,ARI,SF,Q,Neck,,,,RB/FLEX
94274-63907,TE,Josh,Josh Oliver,Oliver,4.799999872843425,3,4700,MIN@CAR,MIN,CAR,,,,,,TE/FLEX
94274-160306,RB,Pierre,Pierre Strong Jr.,Strong Jr.,4.400000095367432,2,4700,BAL@CLE,CLE,BAL,,,,,,RB/FLEX
94274-86646,RB,Trey,Trey Sermon,Sermon,2.5999999046325684,1,4700,LAR@IND,IND,LAR,,,,,,RB/FLEX
94274-62628,WR,DeAndre,DeAndre Carter,Carter,1.0333333015441895,3,4700,LV@LAC,LV,LAC,,,,,,WR/FLEX
94274-111876,WR,Demario,Demario Douglas,Douglas,3.133333206176758,3,4700,NE@DAL,NE,DAL,,,,,,WR/FLEX
94274-64808,TE,Juwan,Juwan Johnson,Johnson,3.2000001271565757,3,4700,TB@NO,NO,TB,,,,,,TE/FLEX
94274-71143,TE,Kylen,Kylen Granson,Granson,5.633333206176758,3,4700,LAR@IND,IND,LAR,,,,,,TE/FLEX
94274-129240,WR,Tyler,Tyler Scott,Scott,1.75,2,4600,DEN@CHI,CHI,DEN,,,,,,WR/FLEX
94274-12547,D,Pittsburgh,Pittsburgh Steelers,Steelers,13.666666666666666,3,4600,PIT@HOU,PIT,HOU,,,,,,DEF
94274-33047,WR,Chris,Chris Moore,Moore,3.5,3,4600,CIN@TEN,TEN,CIN,,,,,,WR/FLEX
94274-102696,WR,John,John Metchie III,Metchie III,2.25,2,4600,PIT@HOU,HOU,PIT,,,,,,WR/FLEX
94274-94579,RB,Emari,Emari Demercado,Demercado,0.8500000238418579,2,4600,ARI@SF,ARI,SF,,,,,,RB/FLEX
94274-92590,RB,Raheem,Raheem Blackshear,Blackshear,2.923076923076923,13,4600,MIN@CAR,CAR,MIN,,,,,,RB/FLEX
94274-86518,WR,Khalil,Khalil Shakir,Shakir,4.300000190734863,2,4600,MIA@BUF,BUF,MIA,,,,,,WR/FLEX
94274-92882,TE,Connor,Connor Heyward,Heyward,1.4500000476837158,2,4600,PIT@HOU,PIT,HOU,,,,,,TE/FLEX
94274-29411,TE,Pharaoh,Pharaoh Brown,Brown,14.100000381469727,1,4600,NE@DAL,NE,DAL,,,,,,TE/FLEX
94274-86780,RB,Salvon,Salvon Ahmed,Ahmed,3.3499999046325684,2,4600,MIA@BUF,MIA,BUF,Q,Groin,,,,RB/FLEX
94274-72705,TE,John,John Bates,Bates,4.150000095367432,2,4600,WAS@PHI,WAS,PHI,,,,,,TE/FLEX
94274-42046,TE,Durham,Durham Smythe,Smythe,3.8999999364217124,3,4600,MIA@BUF,MIA,BUF,,,,,,TE/FLEX
94274-26251,WR,Robbie,Robbie Chosen,Chosen,13.300000190734863,1,4600,MIA@BUF,MIA,BUF,,,,,,WR/FLEX
94274-55042,TE,Dalton,Dalton Schultz,Schultz,2.7333332697550454,3,4600,PIT@HOU,HOU,PIT,,,,,,TE/FLEX
94274-40726,RB,Godwin,Godwin Igwebuike,Igwebuike,0.20000000794728598,6,4600,PIT@HOU,PIT,HOU,,,,,,RB/FLEX
94274-87859,WR,Laviska,Laviska Shenault Jr.,Shenault Jr.,1.6666666666666667,3,4600,MIN@CAR,CAR,MIN,,,,,,WR/FLEX
94274-120657,RB,Kendre,Kendre Miller,Miller,3.9000000953674316,1,4600,TB@NO,NO,TB,,,,,,RB/FLEX
94274-55366,RB,Qadree,Qadree Ollison,Ollison,,,4500,PIT@HOU,PIT,HOU,,,,,,RB/FLEX
94274-94345,TE,Cole,Cole Turner,Turner,3.6000000635782876,3,4500,WAS@PHI,WAS,PHI,,,,,,TE/FLEX
94274-88277,RB,Anthony,Anthony McFarland Jr.,McFarland Jr.,2.0999999046325684,1,4500,PIT@HOU,PIT,HOU,IR,Knee,,,,RB/FLEX
94274-12542,D,New Orleans,New Orleans Saints,Saints,9,3,4500,TB@NO,NO,TB,,,,,,DEF
94274-131328,RB,Zach,Zach Evans,Evans,,,4500,LAR@IND,LAR,IND,,,,,,RB/FLEX
94274-94481,WR,Deven,Deven Thompkins,Thompkins,1.566666603088379,3,4500,TB@NO,TB,NO,,,,,,WR/FLEX
94274-88548,WR,Jalen,Jalen Tolbert,Tolbert,1.649999976158142,2,4500,NE@DAL,DAL,NE,,,,,,WR/FLEX
94274-86543,WR,Erik,Erik Ezukanma,Ezukanma,1.100000023841858,2,4500,MIA@BUF,MIA,BUF,IR,Neck,,,,WR/FLEX
94274-55830,RB,D'Onta,D'Onta Foreman,Foreman,3.4000000953674316,1,4500,DEN@CHI,CHI,DEN,,,,,,RB/FLEX
94274-64147,WR,Britain,Britain Covey,Covey,0,3,4500,WAS@PHI,PHI,WAS,,,,,,WR/FLEX
94274-92890,WR,Cody,Cody White,White,0.699999988079071,1,4500,PIT@HOU,PIT,HOU,Q,Undisclosed,,,,WR/FLEX
94274-56059,WR,Trent,Trent Sherfield,Sherfield,2.799999952316284,1,4500,MIA@BUF,BUF,MIA,,,,,,WR/FLEX
94274-70601,TE,Harrison,Harrison Bryant,Bryant,2.633333365122477,3,4500,BAL@CLE,CLE,BAL,,,,,,TE/FLEX
94274-56265,TE,Mike,Mike Gesicki,Gesicki,4.399999936421712,3,4500,NE@DAL,NE,DAL,,,,,,TE/FLEX
94274-29734,RB,Ty,Ty Montgomery II,Montgomery II,1.2999999523162842,2,4500,NE@DAL,NE,DAL,,,,,,RB/FLEX
94274-83081,RB,Chase,Chase Edmonds,Edmonds,1,2,4500,TB@NO,TB,NO,IR,Knee - mcl,,,,RB/FLEX
94274-87371,RB,Ty,Ty Chandler,Chandler,2.6000000635782876,3,4500,MIN@CAR,MIN,CAR,,,,,,RB/FLEX
94274-71032,WR,Devin,Devin Duvernay,Duvernay,0.5,3,4500,BAL@CLE,BAL,CLE,,,,,,WR/FLEX
94274-56711,TE,Drew,Drew Sample,Sample,1.2000000476837158,1,4500,CIN@TEN,CIN,TEN,,,,,,TE/FLEX
94274-32243,WR,Marquise,Marquise Goodwin,Goodwin,0.033333333830038704,3,4500,BAL@CLE,CLE,BAL,,,,,,WR/FLEX
94274-147051,RB,Jaleel,Jaleel McLaughlin,McLaughlin,2.6000000635782876,3,4500,DEN@CHI,DEN,CHI,,,,,,RB/FLEX
94274-52916,WR,Russell,Russell Gage,Gage,7.149999891008649,14,4500,TB@NO,TB,NO,IR,Knee,,,,WR/FLEX
94274-138998,TE,Michael,Michael Mayer,Mayer,1.350000023841858,2,4500,LV@LAC,LV,LAC,,,,,,TE/FLEX
94274-91931,TE,Greg,Greg Dulcich,Dulcich,3.200000047683716,1,4500,DEN@CHI,DEN,CHI,IR,Hamstring,,,,TE/FLEX
94274-69451,TE,Jack,Jack Stoll,Stoll,1.100000023841858,1,4500,WAS@PHI,PHI,WAS,,,,,,TE/FLEX
94274-94094,TE,Brevin,Brevin Jordan,Jordan,6,2,4500,PIT@HOU,HOU,PIT,,,,,,TE/FLEX
94274-104577,WR,Gunner,Gunner Olszewski,Olszewski,-1.5,1,4400,PIT@HOU,PIT,HOU,,,,,,WR/FLEX
94274-12535,D,Indianapolis,Indianapolis Colts,Colts,9.666666666666666,3,4400,LAR@IND,IND,LAR,,,,,,DEF
94274-94621,WR,Derius,Derius Davis,Davis,0.9333333174387614,3,4400,LV@LAC,LAC,LV,,,,,,WR/FLEX
94274-62042,WR,Deon,Deon Cain,Cain,,,4400,WAS@PHI,PHI,WAS,,,,,,WR/FLEX
94274-55941,RB,Patrick,Patrick Laird,Laird,,,4400,TB@NO,TB,NO,,,,,,RB/FLEX
94274-80546,TE,Dan,Dan Arnold,Arnold,1.8,10,4400,WAS@PHI,PHI,WAS,,,,,,TE/FLEX
94274-58041,RB,Mike,Mike Boone,Boone,1.649999976158142,2,4400,PIT@HOU,HOU,PIT,,,,,,RB/FLEX
94274-88816,TE,Peyton,Peyton Hendershot,Hendershot,0.26666667064030963,3,4400,NE@DAL,DAL,NE,Q,Ankle,,,,TE/FLEX
94274-86875,RB,Jordan,Jordan Mason,Mason,1.100000023841858,1,4400,ARI@SF,SF,ARI,,,,,,RB/FLEX
94274-45997,WR,Keith,Keith Kirkwood,Kirkwood,0,3,4400,TB@NO,NO,TB,,,,,,WR/FLEX
94274-93134,RB,Deon,Deon Jackson,Jackson,1.2999999523162842,1,4400,BAL@CLE,CLE,BAL,,,,,,RB/FLEX
94274-91101,TE,Tommy,Tommy Tremble,Tremble,2,1,4400,MIN@CAR,CAR,MIN,,,,,,TE/FLEX
94274-87260,TE,Isaiah,Isaiah Likely,Likely,1.566666603088379,3,4400,BAL@CLE,BAL,CLE,,,,,,TE/FLEX
94274-71031,WR,Lil'Jordan,Lil'Jordan Humphrey,Humphrey,4.5,2,4400,DEN@CHI,DEN,CHI,,,,,,WR/FLEX
94274-114180,WR,David,David Bell,Bell,2.0999999046325684,2,4400,BAL@CLE,CLE,BAL,,,,,,WR/FLEX
94274-91750,TE,Trey,Trey McBride,McBride,2.7333332697550454,3,4400,ARI@SF,ARI,SF,,,,,,TE/FLEX
94274-147049,TE,Drew,Drew Ogletree,Ogletree,2.049999952316284,2,4400,LAR@IND,IND,LAR,,,,,,TE/FLEX
94274-65182,TE,Mitchell,Mitchell Wilcox,Wilcox,2,1,4400,CIN@TEN,CIN,TEN,,,,,,TE/FLEX
94274-89785,RB,Spencer,Spencer Brown,Brown,3.1500000953674316,2,4400,MIN@CAR,CAR,MIN,,,,,,RB/FLEX
94274-63186,WR,James,James Proche II,Proche II,0.9199999809265137,10,4400,BAL@CLE,BAL,CLE,,,,,,WR/FLEX
94274-104176,WR,Deonte,Deonte Harty,Harty,2.1666666666666665,3,4400,MIA@BUF,BUF,MIA,,,,,,WR/FLEX
94274-69558,WR,Greg,Greg Dortch,Dortch,0,3,4400,ARI@SF,ARI,SF,,,,,,WR/FLEX
94274-137254,RB,Deuce,Deuce Vaughn,Vaughn,2.75,2,4300,NE@DAL,DAL,NE,,,,,,RB/FLEX
94274-53390,WR,Zach,Zach Pascal,Pascal,0.699999988079071,2,4300,ARI@SF,ARI,SF,,,,,,WR/FLEX
94274-12529,D,Cleveland,Cleveland Browns,Browns,9.333333333333334,3,4300,BAL@CLE,CLE,BAL,,,,,,DEF
94274-53639,WR,Isaiah,Isaiah McKenzie,McKenzie,0.6666666666666666,3,4300,LAR@IND,IND,LAR,,,,,,WR/FLEX
94274-70133,RB,Jake,Jake Funk,Funk,2.700000047683716,1,4300,LAR@IND,IND,LAR,,,,,,RB/FLEX
94274-72515,TE,Ian,Ian Thomas,Thomas,1.2999999523162842,1,4300,MIN@CAR,CAR,MIN,,,,,,TE/FLEX
94274-41806,WR,Laquon,Laquon Treadwell,Treadwell,2.3999999364217124,3,4300,BAL@CLE,BAL,CLE,,,,,,WR/FLEX
94274-119653,WR,Kayshon,Kayshon Boutte,Boutte,0,1,4300,NE@DAL,NE,DAL,,,,,,WR/FLEX
94274-52345,WR,Brandon,Brandon Powell,Powell,-0.3333333333333333,3,4300,MIN@CAR,MIN,CAR,,,,,,WR/FLEX
94274-130270,TE,Adam,Adam Trautman,Trautman,1.9666666984558105,3,4300,DEN@CHI,DEN,CHI,,,,,,TE/FLEX
94274-91417,TE,Luke,Luke Schoonmaker,Schoonmaker,3.299999952316284,2,4300,NE@DAL,DAL,NE,,,,,,TE/FLEX
94274-60712,TE,Foster,Foster Moreau,Moreau,3,1,4300,TB@NO,NO,TB,Q,Ankle,,,,TE/FLEX
94274-64827,WR,Miles,Miles Boykin,Boykin,1,1,4300,PIT@HOU,PIT,HOU,,,,,,WR/FLEX
94274-93538,WR,Dyami,Dyami Brown,Brown,2,2,4300,WAS@PHI,WAS,PHI,,,,,,WR/FLEX
94274-64905,WR,Trenton,Trenton Irwin,Irwin,5.327272588556463,11,4300,CIN@TEN,CIN,TEN,,,,,,WR/FLEX
94274-65477,TE,Giovanni,Giovanni Ricci,Ricci,0.699999988079071,1,4300,MIN@CAR,CAR,MIN,,,,,,TE/FLEX
94274-69581,WR,Cedrick,Cedrick Wilson Jr.,Wilson Jr.,1.7153845566969652,13,4300,MIA@BUF,MIA,BUF,,,,,,WR/FLEX
94274-24533,TE,Mo,Mo Alie-Cox,Alie-Cox,1,2,4300,LAR@IND,IND,LAR,,,,,,TE/FLEX
94274-79980,TE,Eric,Eric Saubert,Saubert,2.176923018235427,13,4200,MIA@BUF,MIA,BUF,Q,Undisclosed,,,,TE/FLEX
94274-28827,RB,Dare,Dare Ogunbowale,Ogunbowale,0.4000000059604645,1,4200,PIT@HOU,HOU,PIT,,,,,,RB/FLEX
94274-24755,WR,Jamison,Jamison Crowder,Crowder,0,2,4200,WAS@PHI,WAS,PHI,,,,,,WR/FLEX
94274-170184,RB,Julius,Julius Chestnut,Chestnut,1.1333333651224773,6,4200,CIN@TEN,TEN,CIN,IR,Hamstring,,,,RB/FLEX
94274-63697,TE,Brycen,Brycen Hopkins,Hopkins,2.5999999046325684,1,4200,LAR@IND,LAR,IND,,,,,,TE/FLEX
94274-63717,RB,Alec,Alec Ingold,Ingold,2.200000047683716,2,4200,MIA@BUF,MIA,BUF,,,,,,RB/FLEX
94274-86255,TE,Josh,Josh Whyle,Whyle,,,4200,CIN@TEN,TEN,CIN,,,,,,TE/FLEX
94274-12540,D,Minnesota,Minnesota Vikings,Vikings,3,3,4200,MIN@CAR,MIN,CAR,,,,,,DEF
94274-133477,TE,Darnell,Darnell Washington,Washington,,,4200,PIT@HOU,PIT,HOU,,,,,,TE/FLEX
94274-39286,TE,O.J.,O.J. Howard,Howard,2.8636363636363638,11,4200,LV@LAC,LV,LAC,,,,,,TE/FLEX
94274-110978,RB,Evan,Evan Hull,Hull,1.2000000476837158,1,4200,LAR@IND,IND,LAR,IR,Knee,,,,RB/FLEX
94274-80294,TE,Anthony,Anthony Firkser,Firkser,1.8125,8,4200,NE@DAL,NE,DAL,,,,,,TE/FLEX
94274-80353,TE,Robert,Robert Tonyan,Tonyan,0,1,4200,DEN@CHI,CHI,DEN,,,,,,TE/FLEX
94274-62055,WR,Ray-Ray,Ray-Ray McCloud III,McCloud III,0,3,4200,ARI@SF,SF,ARI,,,,,,WR/FLEX
94274-88685,WR,Austin,Austin Trammell,Trammell,0,1,4200,LAR@IND,LAR,IND,,,,,,WR/FLEX
94274-70282,WR,Demetric,Demetric Felton,Felton,0.27999999523162844,5,4200,CIN@TEN,CIN,TEN,,,,,,WR/FLEX
94274-88752,WR,Charlie,Charlie Jones,Jones,2.366666634877523,3,4200,CIN@TEN,CIN,TEN,IR,Thumb,,,,WR/FLEX
94274-72370,RB,J.J.,J.J. Taylor,Taylor,2.200000047683716,1,4200,NE@DAL,NE,DAL,,,,,,RB/FLEX
94274-70426,RB,Reggie,Reggie Gilliam,Gilliam,0.800000011920929,1,4200,MIA@BUF,BUF,MIA,,,,,,RB/FLEX
94274-27441,RB,Damien,Damien Williams,Williams,0.20000000298023224,1,4200,LV@LAC,LV,LAC,,,,,,RB/FLEX
94274-136031,WR,Rakim,Rakim Jarrett,Jarrett,0.6000000238418579,2,4200,TB@NO,TB,NO,,,,,,WR/FLEX
94274-93026,TE,Teagan,Teagan Quitoriano,Quitoriano,0.800000011920929,2,4200,PIT@HOU,HOU,PIT,,,,,,TE/FLEX
94274-70501,RB,C.J.,C.J. Ham,Ham,1.4500000476837158,2,4200,MIN@CAR,MIN,CAR,,,,,,RB/FLEX
94274-134023,RB,Keaton,Keaton Mitchell,Mitchell,,,4200,BAL@CLE,BAL,CLE,IR,Shoulder,,,,RB/FLEX
94274-56248,WR,Noah,Noah Brown,Brown,3.4000000953674316,1,4200,PIT@HOU,HOU,PIT,IR,Groin,,,,WR/FLEX
94274-70661,WR,Velus,Velus Jones Jr.,Jones Jr.,-0.30000001192092896,1,4200,DEN@CHI,CHI,DEN,,,,,,WR/FLEX
94274-68714,TE,Ko,Ko Kieft,Kieft,0,1,4200,TB@NO,TB,NO,,,,,,TE/FLEX
94274-89220,WR,Tyquan,Tyquan Thornton,Thornton,4.608333269755046,12,4200,NE@DAL,NE,DAL,IR,Shoulder,,,,WR/FLEX
94274-83138,TE,Ross,Ross Dwelley,Dwelley,4.5,4,4200,ARI@SF,SF,ARI,,,,,,TE/FLEX
94274-70859,TE,Albert,Albert Okwuegbunam,Okwuegbunam,3.4166666666666665,6,4200,WAS@PHI,PHI,WAS,,,,,,TE/FLEX
94274-93404,RB,Zander,Zander Horvath,Horvath,2.012500047683716,8,4200,PIT@HOU,PIT,HOU,,,,,,RB/FLEX
94274-136663,RB,DeWayne,DeWayne McBride,McBride,,,4200,MIN@CAR,MIN,CAR,,,,,,RB/FLEX
94274-87515,WR,Tylan,Tylan Wallace,Wallace,1.0600000381469727,5,4200,BAL@CLE,BAL,CLE,IR,Hamstring,,,,WR/FLEX
94274-34295,WR,Breshad,Breshad Perriman,Perriman,2.3499999046325684,8,4200,LAR@IND,IND,LAR,,,,,,WR/FLEX
94274-60957,WR,KaVontae,KaVontae Turpin,Turpin,3.8333333333333335,3,4200,NE@DAL,DAL,NE,,,,,,WR/FLEX
94274-73247,RB,Kene,Kene Nwangwu,Nwangwu,0.8076923076923077,13,4200,MIN@CAR,MIN,CAR,IR,Back,,,,RB/FLEX
94274-103966,TE,Stone,Stone Smartt,Smartt,2.9000000953674316,1,4200,LV@LAC,LAC,LV,,,,,,TE/FLEX
94274-173626,TE,Nate,Nate Adkins,Adkins,1.600000023841858,1,4200,DEN@CHI,DEN,CHI,,,,,,TE/FLEX
94274-71246,WR,Marquez,Marquez Callaway,Callaway,2.9799999237060546,10,4200,LV@LAC,LV,LAC,,,,,,WR/FLEX
94274-38523,TE,Geoff,Geoff Swaim,Swaim,1.618181748823686,11,4200,ARI@SF,ARI,SF,,,,,,TE/FLEX
94274-52897,RB,Darrel,Darrel Williams,Williams,3.8200000762939452,5,4200,TB@NO,NO,TB,,,,,,RB/FLEX
94274-69295,WR,Byron,Byron Pringle,Pringle,0.8999999761581421,1,4200,WAS@PHI,WAS,PHI,,,,,,WR/FLEX
94274-69383,WR,Dezmon,Dezmon Patmon,Patmon,3.4000000953674316,1,4200,MIN@CAR,CAR,MIN,,,,,,WR/FLEX
94274-71444,RB,Travis,Travis Homer,Homer,4.387499809265137,8,4200,DEN@CHI,CHI,DEN,Q,Ankle,,,,RB/FLEX
94274-40758,RB,Corey,Corey Clement,Clement,4.849999904632568,4,4200,ARI@SF,ARI,SF,,,,,,RB/FLEX
94274-94116,TE,Will,Will Mallory,Mallory,5.900000095367432,1,4200,LAR@IND,IND,LAR,,,,,,TE/FLEX
94274-57338,TE,Jordan,Jordan Akins,Akins,1.2000000476837158,2,4200,BAL@CLE,CLE,BAL,,,,,,TE/FLEX
94274-57342,WR,Tre'Quan,Tre'Quan Smith,Smith,4.811111026340061,9,4200,TB@NO,NO,TB,Q,Groin,,,,WR/FLEX
94274-90123,TE,Quintin,Quintin Morris,Morris,2.4000000953674316,8,4100,MIA@BUF,BUF,MIA,,,,,,TE/FLEX
94274-71723,WR,Dez,Dez Fitzpatrick,Fitzpatrick,,,4100,PIT@HOU,PIT,HOU,,,,,,WR/FLEX
94274-86113,WR,Ihmir,Ihmir Smith-Marsette,Smith-Marsette,0,3,4100,MIN@CAR,CAR,MIN,,,,,,WR/FLEX
94274-79974,RB,Tarik,Tarik Cohen,Cohen,,,4100,MIN@CAR,CAR,MIN,,,,,,RB/FLEX
94274-79998,WR,Keelan,Keelan Cole Sr.,Cole Sr.,2.281818216497248,11,4100,LV@LAC,LV,LAC,,,,,,WR/FLEX
94274-32957,TE,Eric,Eric Tomlinson,Tomlinson,3.049999952316284,8,4100,PIT@HOU,HOU,PIT,,,,,,TE/FLEX
94274-28907,WR,Alex,Alex Erickson,Erickson,0,1,4100,LV@LAC,LAC,LV,,,,,,WR/FLEX
94274-12528,D,Cincinnati,Cincinnati Bengals,Bengals,8,3,4100,CIN@TEN,CIN,TEN,,,,,,DEF
94274-12555,D,Baltimore,Baltimore Ravens,Ravens,7.333333333333333,3,4100,BAL@CLE,BAL,CLE,,,,,,DEF
94274-90408,WR,Dax,Dax Milne,Milne,0.8466666539510092,15,4100,WAS@PHI,WAS,PHI,IR,Groin,,,,WR/FLEX
94274-90522,TE,Cameron,Cameron Latu,Latu,,,4100,ARI@SF,SF,ARI,IR,Knee - meniscus,,,,TE/FLEX
94274-94625,WR,Jalen,Jalen Reagor,Reagor,1.2722222010294597,18,4100,NE@DAL,NE,DAL,,,,,,WR/FLEX
94274-80299,RB,Patrick,Patrick Ricard,Ricard,1.1153846153846154,13,4100,BAL@CLE,BAL,CLE,,,,,,RB/FLEX
94274-39428,RB,Kyle,Kyle Juszczyk,Juszczyk,0.30000001192092896,1,4100,ARI@SF,SF,ARI,,,,,,RB/FLEX
94274-6672,TE,Marcedes,Marcedes Lewis,Lewis,3.933333396911621,6,4100,DEN@CHI,CHI,DEN,,,,,,TE/FLEX
94274-88607,WR,Braylon,Braylon Sanders,Sanders,0.3499999940395355,2,4100,MIA@BUF,MIA,BUF,,,,,,WR/FLEX
94274-57909,RB,Marlon,Marlon Mack,Mack,4.899999891008649,7,4100,ARI@SF,ARI,SF,IR,Achilles,,,,RB/FLEX
94274-94887,RB,Tyler,Tyler Badie,Badie,8.899999618530273,1,4100,DEN@CHI,DEN,CHI,,,,,,RB/FLEX
94274-94936,RB,Larry,Larry Rountree III,Rountree III,2.1500000953674316,2,4100,PIT@HOU,HOU,PIT,,,,,,RB/FLEX
94274-64242,WR,Keke,Keke Coutee,Coutee,0.07142857142857142,7,4100,MIA@BUF,MIA,BUF,,,,,,WR/FLEX
94274-54007,TE,Jacob,Jacob Hollister,Hollister,,,4100,LV@LAC,LV,LAC,Q,Undisclosed,,,,TE/FLEX
94274-93075,TE,Hunter,Hunter Long,Long,0,1,4100,LAR@IND,LAR,IND,IR,Thigh,,,,TE/FLEX
94274-119788,WR,Xavier,Xavier Hutchinson,Hutchinson,0.699999988079071,2,4100,PIT@HOU,HOU,PIT,,,,,,WR/FLEX
94274-70705,TE,Trevon,Trevon Wesco,Wesco,0,1,4100,CIN@TEN,TEN,CIN,,,,,,TE/FLEX
94274-87127,RB,Chris,Chris Rodriguez Jr.,Rodriguez Jr.,0.3499999940395355,2,4100,WAS@PHI,WAS,PHI,O,Illness,,,,RB/FLEX
94274-46177,TE,David,David Wells,Wells,0,1,4100,TB@NO,TB,NO,,,,,,TE/FLEX
94274-68712,WR,Tyler,Tyler Johnson,Johnson,,,4100,LAR@IND,LAR,IND,,,,,,WR/FLEX
94274-89209,RB,Trestan,Trestan Ebner,Ebner,0.5199999809265137,10,4100,DEN@CHI,CHI,DEN,Q,Concussion,,,,RB/FLEX
94274-68730,TE,Sean,Sean McKeon,McKeon,1.0499999523162842,2,4100,NE@DAL,DAL,NE,,,,,,TE/FLEX
94274-54426,TE,Andrew,Andrew Beck,Beck,3.0999999046325684,2,4100,PIT@HOU,HOU,PIT,,,,,,TE/FLEX
94274-52409,RB,Jakob,Jakob Johnson,Johnson,0.5,7,4100,LV@LAC,LV,LAC,,,,,,RB/FLEX
94274-89283,TE,Tre',Tre' McKitty,McKitty,1.4800000190734863,10,4100,LV@LAC,LAC,LV,,,,,,TE/FLEX
94274-93391,TE,Payne,Payne Durham,Durham,,,4100,TB@NO,TB,NO,,,,,,TE/FLEX
94274-25813,WR,Phillip,Phillip Dorsett II,Dorsett II,0,1,4100,DEN@CHI,DEN,CHI,,,,,,WR/FLEX
94274-91361,RB,Hassan,Hassan Haskins,Haskins,1.7083333333333333,12,4100,CIN@TEN,TEN,CIN,IR,Undisclosed,,,,RB/FLEX
94274-60705,WR,Tyron,Tyron Billy-Johnson,Billy-Johnson,0.6499999761581421,2,4100,NE@DAL,DAL,NE,,,,,,WR/FLEX
94274-64841,WR,Equanimeous,Equanimeous St. Brown,St. Brown,3.387500047683716,16,4100,DEN@CHI,CHI,DEN,,,,,,WR/FLEX
94274-64864,TE,Noah,Noah Togiai,Togiai,0,1,4100,ARI@SF,ARI,SF,,,,,,TE/FLEX
94274-91488,RB,Chris,Chris Brooks,Brooks,6.599999904632568,1,4100,MIA@BUF,MIA,BUF,,,,,,RB/FLEX
94274-38264,WR,Demarcus,Demarcus Robinson,Robinson,5.3941174675436585,17,4100,LAR@IND,LAR,IND,,,,,,WR/FLEX
94274-87432,WR,Cedric,Cedric Tillman,Tillman,,,4100,BAL@CLE,CLE,BAL,,,,,,WR/FLEX
94274-87469,TE,Jelani,Jelani Woods,Woods,5.141666730244954,12,4100,LAR@IND,IND,LAR,IR,Hamstring,,,,TE/FLEX
94274-40371,TE,Johnny,Johnny Mundt,Mundt,2.2285714830671037,14,4100,MIN@CAR,MIN,CAR,,,,,,TE/FLEX
94274-26038,TE,Tyler,Tyler Kroft,Kroft,1.9249999523162842,4,4100,MIA@BUF,MIA,BUF,,,,,,TE/FLEX
94274-69068,RB,Jonathan,Jonathan Ward,Ward,2.0999999046325684,2,4100,CIN@TEN,TEN,CIN,Q,Knee,,,,RB/FLEX
94274-103896,WR,Nsimba,Nsimba Webster,Webster,2.4000000953674316,1,4100,DEN@CHI,CHI,DEN,,,,,,WR/FLEX
94274-40434,WR,Greg,Greg Ward,Ward,,,4100,WAS@PHI,PHI,WAS,,,,,,WR/FLEX
94274-185850,TE,Julian,Julian Hill,Hill,0,1,4100,MIA@BUF,MIA,BUF,,,,,,TE/FLEX
94274-60930,RB,Myles,Myles Gaskin,Gaskin,3.700000047683716,2,4100,MIN@CAR,MIN,CAR,,,,,,RB/FLEX
94274-185863,RB,Hunter,Hunter Luepke,Luepke,1.2999999523162842,2,4100,NE@DAL,DAL,NE,,,,,,RB/FLEX
94274-69168,WR,N'Keal,N'Keal Harry,Harry,3.5166667302449546,6,4100,MIN@CAR,MIN,CAR,,,,,,WR/FLEX
94274-63050,RB,Ty,Ty Johnson,Johnson,3.066666603088379,12,4100,MIA@BUF,BUF,MIA,,,,,,RB/FLEX
94274-18009,TE,Chris,Chris Manhertz,Manhertz,0,1,4100,DEN@CHI,DEN,CHI,,,,,,TE/FLEX
94274-85635,TE,Charlie,Charlie Kolar,Kolar,0,1,4100,BAL@CLE,BAL,CLE,,,,,,TE/FLEX
94274-61072,WR,Stanley,Stanley Morgan,Morgan,0,1,4100,CIN@TEN,CIN,TEN,,,,,,WR/FLEX
94274-69276,WR,Bryan,Bryan Edwards,Edwards,0.75,4,4100,TB@NO,NO,TB,,,,,,WR/FLEX
94274-71351,TE,Charlie,Charlie Woerner,Woerner,0,2,4100,ARI@SF,SF,ARI,,,,,,TE/FLEX
94274-69303,WR,Freddie,Freddie Swain,Swain,3.133333206176758,3,4100,WAS@PHI,PHI,WAS,,,,,,WR/FLEX
94274-30403,WR,Chris,Chris Conley,Conley,1.649999976158142,4,4100,ARI@SF,SF,ARI,,,,,,WR/FLEX
94274-91902,WR,Kyle,Kyle Philips,Philips,1.9500000476837158,4,4100,CIN@TEN,TEN,CIN,IR,Knee - mcl,,,,WR/FLEX
94274-85762,RB,Eno,Eno Benjamin,Benjamin,5.93076911339393,13,4100,TB@NO,NO,TB,IR,Achilles,,,,RB/FLEX
94274-136970,WR,Danny,Danny Gray,Gray,0.48000001907348633,5,4100,ARI@SF,SF,ARI,IR,Shoulder - ac joint,,,,WR/FLEX
94274-89970,WR,Amari,Amari Rodgers,Rodgers,2.0733333587646485,15,4100,LAR@IND,IND,LAR,,,,,,WR/FLEX
94274-63419,WR,Andy,Andy Isabella,Isabella,1.0666666825612385,3,4100,MIA@BUF,BUF,MIA,,,,,,WR/FLEX
94274-104421,TE,Jesper,Jesper Horsted,Horsted,1.7000000476837158,2,4100,LV@LAC,LV,LAC,,,,,,TE/FLEX
94274-63479,RB,John,John Kelly Jr.,Kelly Jr.,,,4100,BAL@CLE,CLE,BAL,,,,,,RB/FLEX
94274-92166,WR,Marcus,Marcus Jones,Jones,0,1,4000,NE@DAL,NE,DAL,IR,Shoulder,,,,WR/FLEX
94274-110603,RB,Titus,Titus Swen,Swen,,,4000,LAR@IND,IND,LAR,,,,,,RB/FLEX
94274-96269,RB,Owen,Owen Wright,Wright,,,4000,BAL@CLE,BAL,CLE,,,,,,RB/FLEX
94274-40977,TE,Ricky,Ricky Seals-Jones,Seals-Jones,,,4000,LAR@IND,IND,LAR,Q,Foot,,,,TE/FLEX
94274-170000,WR,Shemar,Shemar Bridges,Bridges,,,4000,BAL@CLE,BAL,CLE,Q,Knee,,,,WR/FLEX
94274-69655,TE,Stephen,Stephen Sullivan,Sullivan,0.9333333174387614,6,4000,MIN@CAR,CAR,MIN,IR,Hip,,,,TE/FLEX
94274-28694,TE,Jesse,Jesse James,James,,,4000,TB@NO,NO,TB,,,,,,TE/FLEX
94274-86047,RB,Malik,Malik Davis,Davis,5.233333269755046,6,4000,NE@DAL,DAL,NE,,,,,,RB/FLEX
94274-86068,WR,Jacob,Jacob Copeland,Copeland,,,4000,PIT@HOU,PIT,HOU,,,,,,WR/FLEX
94274-86075,TE,Lucas,Lucas Krull,Krull,,,4000,DEN@CHI,DEN,CHI,,,,,,TE/FLEX
94274-63550,WR,Isaiah,Isaiah Zuber,Zuber,,,4000,LV@LAC,LV,LAC,Q,Undisclosed,,,,WR/FLEX
94274-165962,TE,Nikola,Nikola Kalinic,Kalinic,0,1,4000,LAR@IND,LAR,IND,,,,,,TE/FLEX
94274-41042,WR,Marcell,Marcell Ateman,Ateman,,,4000,MIA@BUF,BUF,MIA,,,,,,WR/FLEX
94274-63576,WR,Kirk,Kirk Merritt,Merritt,,,4000,TB@NO,NO,TB,,,,,,WR/FLEX
94274-86108,RB,Monte,Monte Pottebaum,Pottebaum,,,4000,PIT@HOU,PIT,HOU,IR,Undisclosed,,,,RB/FLEX
94274-24671,WR,Adam,Adam Humphries,Humphries,,,4000,PIT@HOU,HOU,PIT,,,,,,WR/FLEX
94274-92256,WR,Malik,Malik Knowles,Knowles,,,4000,MIN@CAR,MIN,CAR,IR,Undisclosed,,,,WR/FLEX
94274-63591,RB,Ronald,Ronald Jones II,Jones II,2.616666634877523,6,4000,NE@DAL,DAL,NE,,,,,,RB/FLEX
94274-94314,RB,Camerun,Camerun Peoples,Peoples,,,4000,MIN@CAR,CAR,MIN,,,,,,RB/FLEX
94274-86125,WR,Brandon,Brandon Smith,Smith,,,4000,ARI@SF,ARI,SF,,,,,,WR/FLEX
94274-79982,RB,Alex,Alex Armah,Armah,,,4000,WAS@PHI,WAS,PHI,,,,,,RB/FLEX
94274-79987,WR,David,David Moore,Moore,,,4000,TB@NO,TB,NO,,,,,,WR/FLEX
94274-63603,WR,Jared,Jared Pinkney,Pinkney,,,4000,DEN@CHI,CHI,DEN,Q,Undisclosed,,,,WR/FLEX
94274-61555,WR,David,David Sills V,Sills V,2.3000000544956754,7,4000,DEN@CHI,DEN,CHI,,,,,,WR/FLEX
94274-69752,WR,Jalen,Jalen Virgil,Virgil,3.125,4,4000,DEN@CHI,DEN,CHI,IR,Knee - meniscus,,,,WR/FLEX
94274-71806,TE,Kaden,Kaden Smith,Smith,,,4000,WAS@PHI,WAS,PHI,IR,Undisclosed,,,,TE/FLEX
94274-84101,WR,Vyncint,Vyncint Smith,Smith,,,4000,LAR@IND,IND,LAR,,,,,,WR/FLEX
94274-63625,RB,Nyheim,Nyheim Hines,Hines,3.8055555555555554,18,4000,MIA@BUF,BUF,MIA,IR,Knee,,,,RB/FLEX
94274-71821,WR,Joe,Joe Reed,Reed,,,4000,DEN@CHI,CHI,DEN,IR,Undisclosed,,,,WR/FLEX
94274-178337,RB,Tyler,Tyler Hoosman,Hoosman,,,4000,LV@LAC,LAC,LV,,,,,,RB/FLEX
94274-86178,TE,Dominique,Dominique Dafney,Dafney,,,4000,TB@NO,TB,NO,Q,Undisclosed,,,,TE/FLEX
94274-92331,TE,Johnny,Johnny Lumpkin,Lumpkin,,,4000,LAR@IND,IND,LAR,,,,,,TE/FLEX
94274-61610,RB,Jacques,Jacques Patrick,Patrick,,,4000,CIN@TEN,TEN,CIN,,,,,,RB/FLEX
94274-86192,WR,KJ,KJ Hamler,Hamler,3.7166665395100913,6,4000,DEN@CHI,DEN,CHI,,,,,,WR/FLEX
94274-86203,WR,Justin,Justin Shorter,Shorter,,,4000,MIA@BUF,BUF,MIA,IR,Hamstring,,,,WR/FLEX
94274-86205,WR,Mac,Mac Hippenhammer,Hippenhammer,,,4000,CIN@TEN,CIN,TEN,,,,,,WR/FLEX
94274-65737,TE,Sam,Sam Tecklenburg,Tecklenburg,,,4000,MIN@CAR,CAR,MIN,,,,,,TE/FLEX
94274-149710,WR,Mike,Mike Strachan,Strachan,1.4800000190734863,5,4000,MIN@CAR,CAR,MIN,,,,,,WR/FLEX
94274-170188,TE,Tanner,Tanner Conner,Conner,0,2,4000,MIA@BUF,MIA,BUF,,,,,,TE/FLEX
94274-149708,TE,Zach,Zach Davidson,Davidson,,,4000,MIA@BUF,BUF,MIA,IR,Undisclosed,,,,TE/FLEX
94274-170206,TE,Rodney,Rodney Williams II,Williams II,,,4000,PIT@HOU,PIT,HOU,,,,,,TE/FLEX
94274-149727,TE,Bernhard,Bernhard Seikovits,Seikovits,,,4000,ARI@SF,ARI,SF,,,,,,TE/FLEX
94274-137439,WR,Zion,Zion Bowens,Bowens,,,4000,WAS@PHI,WAS,PHI,,,,,,WR/FLEX
94274-57565,RB,Austin,Austin Walter,Walter,,,4000,LV@LAC,LV,LAC,IR,Undisclosed,,,,RB/FLEX
94274-170208,WR,Kaden,Kaden Davis,Davis,,,4000,ARI@SF,ARI,SF,,,,,,WR/FLEX
94274-90343,WR,Jordan,Jordan Byrd,Byrd,,,4000,PIT@HOU,PIT,HOU,,,,,,WR/FLEX
94274-170213,RB,Aaron,Aaron Shampklin,Shampklin,,,4000,LV@LAC,LAC,LV,,,,,,RB/FLEX
94274-88294,WR,Dontay,Dontay Demus Jr.,Demus Jr.,,,4000,BAL@CLE,BAL,CLE,,,,,,WR/FLEX
94274-12526,D,Buffalo,Buffalo Bills,Bills,16,3,4000,MIA@BUF,BUF,MIA,,,,,,DEF
94274-90353,WR,Jesse,Jesse Matthews,Matthews,,,4000,PIT@HOU,HOU,PIT,IR,Knee - acl,,,,WR/FLEX
94274-94453,RB,Darwin,Darwin Thompson,Thompson,,,4000,LV@LAC,LV,LAC,,,,,,RB/FLEX
94274-12534,D,Tennessee,Tennessee Titans,Titans,5.666666666666667,3,4000,CIN@TEN,TEN,CIN,,,,,,DEF
94274-88313,WR,Brian,Brian Cobbs,Cobbs,,,4000,ARI@SF,ARI,SF,,,,,,WR/FLEX
94274-61693,TE,Danny,Danny Pinter,Pinter,,,4000,LAR@IND,IND,LAR,IR,Ankle,,,,TE/FLEX
94274-92432,WR,Jose,Jose Barbon,Barbon,,,4000,NE@DAL,DAL,NE,,,,,,WR/FLEX
94274-174372,WR,Nick,Nick Williams,Williams,,,4000,DEN@CHI,DEN,CHI,,,,,,WR/FLEX
94274-86316,RB,Chuck,Chuck McClelland,McClelland,,,4000,CIN@TEN,TEN,CIN,,,,,,RB/FLEX
94274-92465,WR,Sean,Sean Ryan,Ryan,,,4000,BAL@CLE,BAL,CLE,,,,,,WR/FLEX
94274-53562,RB,Nick,Nick Chubb,Chubb,10.550000190734863,2,4000,BAL@CLE,CLE,BAL,IR,Knee - mcl,,,,RB/FLEX
94274-102721,WR,Dontario,Dontario Drummond,Drummond,,,4000,NE@DAL,DAL,NE,,,,,,WR/FLEX
94274-149827,TE,Nick,Nick Guggemos,Guggemos,,,4000,MIA@BUF,BUF,MIA,,,,,,TE/FLEX
94274-90458,RB,Troy,Troy Hairston,Hairston,0.6285714421953473,7,4000,PIT@HOU,HOU,PIT,IR,Back,,,,RB/FLEX
94274-88421,WR,Daewood,Daewood Davis,Davis,,,4000,MIA@BUF,MIA,BUF,Q,Concussion,,,,WR/FLEX
94274-153957,TE,Zaire,Zaire Mitchell-Paden,Mitchell-Paden,,,4000,BAL@CLE,CLE,BAL,,,,,,TE/FLEX
94274-102762,RB,Kevin,Kevin Harris,Harris,2.2399999618530275,5,4000,NE@DAL,NE,DAL,,,,,,RB/FLEX
94274-90480,TE,Joel,Joel Wilson,Wilson,,,4000,MIA@BUF,BUF,MIA,,,,,,TE/FLEX
94274-90483,TE,Bernhard,Bernhard Raimann,Raimann,,,4000,LAR@IND,IND,LAR,O,Concussion,,,,TE/FLEX
94274-156039,WR,Shae,Shae Wyatt,Wyatt,,,4000,ARI@SF,SF,ARI,,,,,,WR/FLEX
94274-94600,WR,John,John Stephens Jr.,Stephens Jr.,,,4000,NE@DAL,DAL,NE,IR,Knee - acl,,,,WR/FLEX
94274-88463,WR,Johnny,Johnny Johnson III,Johnson III,,,4000,PIT@HOU,HOU,PIT,,,,,,WR/FLEX
94274-55694,WR,Mike,Mike Thomas,Thomas,1.7000000476837158,4,4000,BAL@CLE,BAL,CLE,Q,Shoulder - labrum,,,,WR/FLEX
94274-94606,WR,Taye,Taye Barber,Barber,,,4000,TB@NO,TB,NO,,,,,,WR/FLEX
94274-102802,WR,Makai,Makai Polk,Polk,,,4000,BAL@CLE,BAL,CLE,,,,,,WR/FLEX
94274-43416,WR,Trent,Trent Taylor,Taylor,0,1,4000,DEN@CHI,CHI,DEN,,,,,,WR/FLEX
94274-70043,TE,Cole,Cole Fotheringham,Fotheringham,,,4000,LV@LAC,LV,LAC,,,,,,TE/FLEX
94274-92573,TE,Travis,Travis Vokolek,Vokolek,,,4000,BAL@CLE,BAL,CLE,,,,,,TE/FLEX
94274-96673,WR,Garett,Garett Maag,Maag,,,4000,MIN@CAR,MIN,CAR,,,,,,WR/FLEX
94274-111012,WR,Kaylon,Kaylon Geiger Sr.,Geiger Sr.,,,4000,TB@NO,TB,NO,,,,,,WR/FLEX
94274-102831,TE,Davis,Davis Allen,Allen,,,4000,LAR@IND,LAR,IND,,,,,,TE/FLEX
94274-102836,WR,Joseph,Joseph Ngata,Ngata,,,4000,WAS@PHI,PHI,WAS,,,,,,WR/FLEX
94274-47551,TE,Mason,Mason Schreck,Schreck,0.800000011920929,2,4000,PIT@HOU,HOU,PIT,,,,,,TE/FLEX
94274-72133,WR,Antoine,Antoine Wesley,Wesley,,,4000,LV@LAC,LV,LAC,,,,,,WR/FLEX
94274-55748,WR,James,James Washington,Washington,0,1,4000,LAR@IND,IND,LAR,,,,,,WR/FLEX
94274-55750,WR,Chris,Chris Lacy,Lacy,,,4000,LV@LAC,LV,LAC,Q,Undisclosed,,,,WR/FLEX
94274-113096,WR,Xavier,Xavier Smith,Smith,,,4000,LAR@IND,LAR,IND,,,,,,WR/FLEX
94274-86472,WR,John,John Hightower,Hightower,,,4000,LV@LAC,LAC,LV,,,,,,WR/FLEX
94274-88525,WR,Kawaan,Kawaan Baker,Baker,,,4000,TB@NO,NO,TB,,,,,,WR/FLEX
94274-117201,WR,Isaiah,Isaiah Winstead,Winstead,,,4000,ARI@SF,SF,ARI,,,,,,WR/FLEX
94274-31184,RB,Jonathan,Jonathan Williams,Williams,2.8375000953674316,8,4000,WAS@PHI,WAS,PHI,Q,Undisclosed,,,,RB/FLEX
94274-109008,WR,Jalen,Jalen Cropper,Cropper,,,4000,NE@DAL,DAL,NE,,,,,,WR/FLEX
94274-90583,WR,Tyrell,Tyrell Shavers,Shavers,,,4000,MIA@BUF,BUF,MIA,,,,,,WR/FLEX
94274-41430,WR,Devin,Devin Ross,Ross,,,4000,LV@LAC,LV,LAC,,,,,,WR/FLEX
94274-88536,WR,Cephus,Cephus Johnson III,Johnson III,,,4000,TB@NO,TB,NO,,,,,,WR/FLEX
94274-63967,WR,Lucky,Lucky Jackson,Jackson,,,4000,MIN@CAR,MIN,CAR,,,,,,WR/FLEX
94274-88547,WR,Jalen,Jalen Wayne,Wayne,,,4000,BAL@CLE,CLE,BAL,,,,,,WR/FLEX
94274-129508,WR,Duece,Duece Watts,Watts,,,4000,PIT@HOU,PIT,HOU,,,,,,WR/FLEX
94274-102893,RB,Tyrion,Tyrion Davis-Price,Davis-Price,1.9799999237060546,5,4000,ARI@SF,SF,ARI,,,,,,RB/FLEX
94274-92677,WR,Zavier,Zavier Scott,Scott,,,4000,LAR@IND,IND,LAR,,,,,,WR/FLEX
94274-14895,TE,Patrick,Patrick Scales,Scales,,,4000,DEN@CHI,CHI,DEN,,,,,,TE/FLEX
94274-70206,RB,Jason,Jason Huntley,Huntley,,,4000,LAR@IND,IND,LAR,,,,,,RB/FLEX
94274-102986,WR,Elijah,Elijah Higgins,Higgins,,,4000,ARI@SF,ARI,SF,,,,,,WR/FLEX
94274-86612,TE,Brayden,Brayden Willis,Willis,,,4000,ARI@SF,SF,ARI,,,,,,TE/FLEX
94274-64097,TE,La'Michael,La'Michael Pettway,Pettway,,,4000,LAR@IND,IND,LAR,Q,Undisclosed,,,,TE/FLEX
94274-86635,WR,Charleston,Charleston Rambo,Rambo,,,4000,WAS@PHI,PHI,WAS,Q,Undisclosed,,,,WR/FLEX
94274-66155,TE,Michael,Michael Jacobson,Jacobson,,,4000,TB@NO,NO,TB,,,,,,TE/FLEX
94274-139884,TE,Jordan,Jordan Murray,Murray,,,4000,LAR@IND,IND,LAR,,,,,,TE/FLEX
94274-88699,RB,Jaret,Jaret Patterson,Patterson,3.9000000953674316,2,4000,LV@LAC,LAC,LV,,,,,,RB/FLEX
94274-86657,RB,Kennedy,Kennedy Brooks,Brooks,,,4000,WAS@PHI,PHI,WAS,,,,,,RB/FLEX
94274-94864,RB,Jashaun,Jashaun Corbin,Corbin,,,4000,MIN@CAR,CAR,MIN,,,,,,RB/FLEX
94274-86682,TE,Grant,Grant Calcaterra,Calcaterra,2.1200000762939455,5,4000,WAS@PHI,PHI,WAS,,,,,,TE/FLEX
94274-86692,TE,Thomas,Thomas Odukoya,Odukoya,,,4000,CIN@TEN,TEN,CIN,,,,,,TE/FLEX
94274-103086,WR,Jadon,Jadon Haselwood,Haselwood,,,4000,WAS@PHI,PHI,WAS,,,,,,WR/FLEX
94274-96942,WR,Keelan,Keelan Doss,Doss,,,4000,LV@LAC,LAC,LV,,,,,,WR/FLEX
94274-64175,WR,Hakeem,Hakeem Butler,Butler,,,4000,PIT@HOU,PIT,HOU,Q,Undisclosed,,,,WR/FLEX
94274-92859,WR,Jalen,Jalen Nailor,Nailor,5.679999923706054,5,4000,MIN@CAR,MIN,CAR,IR,Hamstring,,,,WR/FLEX
94274-88793,RB,Stevie,Stevie Scott,Scott,,,4000,ARI@SF,ARI,SF,,,,,,RB/FLEX
94274-90844,TE,Christian,Christian Trahan,Trahan,,,4000,CIN@TEN,CIN,TEN,,,,,,TE/FLEX
94274-64221,TE,Zach,Zach Gentry,Gentry,1.6214286259242467,14,4000,CIN@TEN,CIN,TEN,,,,,,TE/FLEX
94274-56041,RB,Khari,Khari Blasingame,Blasingame,0,1,4000,DEN@CHI,CHI,DEN,,,,,,RB/FLEX
94274-72427,WR,Kwamie,Kwamie Lassiter II,Lassiter II,,,4000,CIN@TEN,CIN,TEN,,,,,,WR/FLEX
94274-70383,RB,Darrynton,Darrynton Evans,Evans,3.3999999364217124,3,4000,MIA@BUF,MIA,BUF,,,,,,RB/FLEX
94274-54010,RB,Brian,Brian Hill,Hill,,,4000,ARI@SF,SF,ARI,,,,,,RB/FLEX
94274-86781,WR,Terrell,Terrell Bynum,Bynum,,,4000,LV@LAC,LAC,LV,,,,,,WR/FLEX
94274-152320,RB,Tiyon,Tiyon Evans,Evans,,,4000,MIN@CAR,CAR,MIN,,,,,,RB/FLEX
94274-174853,WR,Kody,Kody Case,Case,,,4000,LAR@IND,IND,LAR,,,,,,WR/FLEX
94274-86826,WR,Malachi,Malachi Carter,Carter,,,4000,CIN@TEN,CIN,TEN,,,,,,WR/FLEX
94274-72493,WR,Trishton,Trishton Jackson,Jackson,,,4000,MIN@CAR,MIN,CAR,,,,,,WR/FLEX
94274-86839,TE,Jack,Jack Coco,Coco,,,4000,ARI@SF,ARI,SF,,,,,,TE/FLEX
94274-174907,WR,Sy,Sy Barnett,Barnett,,,4000,TB@NO,NO,TB,,,,,,WR/FLEX
94274-158520,WR,Daylen,Daylen Baldwin,Baldwin,3.5,1,4000,BAL@CLE,CLE,BAL,Q,Hamstring,,,,WR/FLEX
94274-92990,RB,Hassan,Hassan Hall,Hall,,,4000,BAL@CLE,CLE,BAL,,,,,,RB/FLEX
94274-90952,WR,Kade,Kade Warner,Warner,,,4000,TB@NO,TB,NO,,,,,,WR/FLEX
94274-93002,RB,Calvin,Calvin Tyler Jr.,Tyler Jr.,,,4000,CIN@TEN,CIN,TEN,,,,,,RB/FLEX
94274-58189,TE,Mitchell,Mitchell Fraboni,Fraboni,,,4000,DEN@CHI,DEN,CHI,,,,,,TE/FLEX
94274-56142,WR,Juwann,Juwann Winfree,Winfree,0.7333333492279053,3,4000,LAR@IND,IND,LAR,,,,,,WR/FLEX
94274-88915,RB,Bryant,Bryant Koback,Koback,,,4000,WAS@PHI,PHI,WAS,,,,,,RB/FLEX
94274-64339,WR,Auden,Auden Tate,Tate,,,4000,ARI@SF,ARI,SF,,,,,,WR/FLEX
94274-93019,RB,Jack,Jack Colletto,Colletto,,,4000,ARI@SF,SF,ARI,,,,,,RB/FLEX
94274-64350,WR,Jeff,Jeff Smith,Smith,2.4857142312186107,7,4000,ARI@SF,ARI,SF,,,,,,WR/FLEX
94274-66402,TE,Jack,Jack Driscoll,Driscoll,,,4000,WAS@PHI,PHI,WAS,,,,,,TE/FLEX
94274-86913,TE,Kris,Kris Leach,Leach,,,4000,DEN@CHI,DEN,CHI,,,,,,TE/FLEX
94274-91012,RB,Greg,Greg Bell,Bell,,,4000,PIT@HOU,PIT,HOU,,,,,,RB/FLEX
94274-41867,RB,Jordan,Jordan Wilkins,Wilkins,2.924999952316284,4,4000,BAL@CLE,CLE,BAL,,,,,,RB/FLEX
94274-23435,TE,Andrew,Andrew DePaola,DePaola,,,4000,MIN@CAR,MIN,CAR,,,,,,TE/FLEX
94274-45964,WR,Marcus,Marcus Kemp,Kemp,1.7999999523162842,1,4000,WAS@PHI,WAS,PHI,,,,,,WR/FLEX
94274-64405,WR,Dan,Dan Chisena,Chisena,,,4000,PIT@HOU,PIT,HOU,,,,,,WR/FLEX
94274-64408,TE,Nick,Nick Bowers,Bowers,,,4000,MIA@BUF,MIA,BUF,,,,,,TE/FLEX
94274-88995,WR,Reggie,Reggie Roberson Jr.,Roberson Jr.,,,4000,CIN@TEN,TEN,CIN,,,,,,WR/FLEX
94274-187324,WR,Ed,Ed Lee,Lee,,,4000,NE@DAL,NE,DAL,,,,,,WR/FLEX
94274-89029,TE,Chris,Chris Pierce Jr.,Pierce Jr.,,,4000,ARI@SF,ARI,SF,,,,,,TE/FLEX
94274-41936,WR,Anthony,Anthony Miller,Miller,,,4000,ARI@SF,SF,ARI,,,,,,WR/FLEX
94274-54239,TE,Matt,Matt Sokol,Sokol,,,4000,NE@DAL,NE,DAL,,,,,,TE/FLEX
94274-41954,WR,Victor,Victor Bolden,Bolden,,,4000,PIT@HOU,HOU,PIT,,,,,,WR/FLEX
94274-193538,RB,Aaron,Aaron Dykes,Dykes,,,4000,MIN@CAR,MIN,CAR,,,,,,RB/FLEX
94274-70680,WR,Jalen,Jalen Camp,Camp,1.2000000476837158,1,4000,PIT@HOU,PIT,HOU,,,,,,WR/FLEX
94274-56356,WR,Isaiah,Isaiah Ford,Ford,,,4000,DEN@CHI,CHI,DEN,Q,Undisclosed,,,,WR/FLEX
94274-154661,WR,Michael,Michael Bandy,Bandy,1.5444444020589192,9,4000,DEN@CHI,DEN,CHI,,,,,,WR/FLEX
94274-138277,WR,Jalen,Jalen Brooks,Brooks,,,4000,NE@DAL,DAL,NE,,,,,,WR/FLEX
94274-64575,RB,Derrick,Derrick Gore,Gore,,,4000,WAS@PHI,WAS,PHI,,,,,,RB/FLEX
94274-89167,WR,Gavin,Gavin Holmes,Holmes,,,4000,CIN@TEN,TEN,CIN,,,,,,WR/FLEX
94274-87122,WR,Lynn,Lynn Bowden Jr.,Bowden Jr.,,,4000,TB@NO,NO,TB,,,,,,WR/FLEX
94274-89172,RB,John,John Lovett,Lovett,,,4000,PIT@HOU,PIT,HOU,,,,,,RB/FLEX
94274-68708,TE,Seth,Seth Green,Green,,,4000,NE@DAL,DAL,NE,,,,,,TE/FLEX
94274-64627,WR,Scotty,Scotty Washington,Washington,,,4000,NE@DAL,NE,DAL,,,,,,WR/FLEX
94274-46200,TE,Daniel,Daniel Brunskill,Brunskill,,,4000,CIN@TEN,TEN,CIN,,,,,,TE/FLEX
94274-64634,WR,Alex,Alex Bachman,Bachman,,,4000,PIT@HOU,HOU,PIT,Q,Oblique,,,,WR/FLEX
94274-89214,RB,Abram,Abram Smith,Smith,,,4000,MIN@CAR,MIN,CAR,,,,,,RB/FLEX
94274-95370,TE,Ryan,Ryan Miller,Miller,,,4000,TB@NO,TB,NO,,,,,,TE/FLEX
94274-89243,WR,Tre'Shaun,Tre'Shaun Harrison,Harrison,,,4000,CIN@TEN,TEN,CIN,,,,,,WR/FLEX
94274-72863,TE,Armani,Armani Rogers,Rogers,2.3,5,4000,WAS@PHI,WAS,PHI,IR,Achilles,,,,TE/FLEX
94274-89249,RB,Khalan,Khalan Laborn,Laborn,,,4000,ARI@SF,SF,ARI,,,,,,RB/FLEX
94274-83117,TE,Tanner,Tanner Hudson,Hudson,4,1,4000,CIN@TEN,CIN,TEN,,,,,,TE/FLEX
94274-89265,TE,Camren,Camren McDonald,McDonald,,,4000,LAR@IND,LAR,IND,,,,,,TE/FLEX
94274-105648,RB,Tyler,Tyler Goodson,Goodson,,,4000,LAR@IND,IND,LAR,,,,,,RB/FLEX
94274-89270,WR,Pokey,Pokey Wilson,Wilson,,,4000,LV@LAC,LAC,LV,,,,,,WR/FLEX
94274-87233,WR,Bryan,Bryan Thompson,Thompson,,,4000,MIA@BUF,BUF,MIA,,,,,,WR/FLEX
94274-167117,WR,Tyler,Tyler Hudson,Hudson,,,4000,LAR@IND,LAR,IND,,,,,,WR/FLEX
94274-95455,WR,D.J.,D.J. Montgomery,Montgomery,,,4000,LAR@IND,IND,LAR,,,,,,WR/FLEX
94274-70881,TE,Justin,Justin Rigg,Rigg,,,4000,CIN@TEN,TEN,CIN,,,,,,TE/FLEX
94274-130275,WR,Kristian,Kristian Wilkerson,Wilkerson,,,4000,LV@LAC,LV,LAC,,,,,,WR/FLEX
94274-68835,RB,CJ,CJ Marable,Marable,,,4000,NE@DAL,NE,DAL,,,,,,RB/FLEX
94274-130274,WR,Isaiah,Isaiah Coulter,Coulter,,,4000,MIA@BUF,BUF,MIA,,,,,,WR/FLEX
94274-130276,WR,Mason,Mason Kinsey,Kinsey,0,1,4000,CIN@TEN,TEN,CIN,,,,,,WR/FLEX
94274-91373,TE,Joel,Joel Honigford,Honigford,,,4000,ARI@SF,ARI,SF,,,,,,TE/FLEX
94274-11512,TE,Jimmy,Jimmy Graham,Graham,7.300000190734863,1,4000,TB@NO,NO,TB,,,,,,TE/FLEX
94274-185593,WR,Andrei,Andrei Iosivas,Iosivas,,,4000,CIN@TEN,CIN,TEN,,,,,,WR/FLEX
94274-185599,WR,Colton,Colton Dowell,Dowell,,,4000,CIN@TEN,TEN,CIN,,,,,,WR/FLEX
94274-115971,WR,Shaq,Shaq Davis,Davis,,,4000,TB@NO,NO,TB,,,,,,WR/FLEX
94274-130309,WR,J.J.,J.J. Koski,Koski,,,4000,DEN@CHI,DEN,CHI,,,,,,WR/FLEX
94274-191760,RB,Toriano,Toriano Clinton,Clinton,,,4000,LAR@IND,IND,LAR,,,,,,RB/FLEX
94274-185627,WR,Jalen,Jalen Sample,Sample,,,4000,WAS@PHI,WAS,PHI,,,,,,WR/FLEX
94274-83226,TE,Kevin,Kevin Rader,Rader,,,4000,CIN@TEN,TEN,CIN,,,,,,TE/FLEX
94274-68901,RB,Gerrid,Gerrid Doaks,Doaks,,,4000,PIT@HOU,HOU,PIT,,,,,,RB/FLEX
94274-91428,WR,Tarik,Tarik Black,Black,,,4000,BAL@CLE,BAL,CLE,,,,,,WR/FLEX
94274-91431,RB,Ben,Ben Mason,Mason,,,4000,BAL@CLE,BAL,CLE,,,,,,RB/FLEX
94274-64833,TE,Alize,Alize Mack,Mack,,,4000,CIN@TEN,TEN,CIN,Q,Undisclosed,,,,TE/FLEX
94274-56648,RB,Jeremy,Jeremy McNichols,McNichols,,,4000,ARI@SF,SF,ARI,,,,,,RB/FLEX
94274-91467,TE,Jake,Jake Tonges,Tonges,0,1,4000,ARI@SF,SF,ARI,,,,,,TE/FLEX
94274-64843,WR,Jalen,Jalen Guyton,Guyton,3.700000047683716,2,4000,LV@LAC,LAC,LV,NA,Knee - acl,,,,WR/FLEX
94274-73046,WR,Tre,Tre Nixon,Nixon,,,4000,NE@DAL,NE,DAL,IR,Shoulder,,,,WR/FLEX
94274-25957,TE,J.P.,J.P. Holtz,Holtz,,,4000,TB@NO,NO,TB,,,,,,TE/FLEX
94274-91504,WR,Blake,Blake Proehl,Proehl,,,4000,MIN@CAR,MIN,CAR,,,,,,WR/FLEX
94274-60791,TE,Tommy,Tommy Hudson,Hudson,,,4000,TB@NO,NO,TB,,,,,,TE/FLEX
94274-56698,WR,Dante,Dante Pettis,Pettis,3.7133333841959635,15,4000,DEN@CHI,CHI,DEN,Q,Undisclosed,,,,WR/FLEX
94274-73089,TE,Devin,Devin Asiasi,Asiasi,0.375,4,4000,BAL@CLE,CLE,BAL,,,,,,TE/FLEX
94274-93577,WR,Dazz,Dazz Newsome,Newsome,,,4000,ARI@SF,SF,ARI,,,,,,WR/FLEX
94274-185742,WR,Braxton,Braxton Westfield,Westfield,,,4000,LAR@IND,IND,LAR,,,,,,WR/FLEX
94274-185743,RB,Darius,Darius Hagans,Hagans,,,4000,PIT@HOU,PIT,HOU,,,,,,RB/FLEX
94274-185744,WR,Johnny,Johnny King,King,,,4000,WAS@PHI,PHI,WAS,,,,,,WR/FLEX
94274-87442,TE,Princeton,Princeton Fant,Fant,,,4000,NE@DAL,DAL,NE,,,,,,TE/FLEX
94274-93592,WR,Sam,Sam James,James,,,4000,LAR@IND,LAR,IND,,,,,,WR/FLEX
94274-185753,WR,T.J.,T.J. Luther,Luther,,,4000,NE@DAL,NE,DAL,,,,,,WR/FLEX
94274-64926,WR,Michael,Michael Jacquet III,Jacquet III,,,4000,LV@LAC,LAC,LV,,,,,,WR/FLEX
94274-44449,WR,Willie,Willie Snead IV,Snead IV,,,4000,ARI@SF,SF,ARI,,,,,,WR/FLEX
94274-60838,WR,Andre,Andre Baccellia,Baccellia,1.6,5,4000,ARI@SF,ARI,SF,,,,,,WR/FLEX
94274-185775,TE,Brian,Brian Walker,Walker,,,4000,BAL@CLE,BAL,CLE,,,,,,TE/FLEX
94274-40365,WR,Devon,Devon Allen,Allen,0,1,4000,WAS@PHI,PHI,WAS,,,,,,WR/FLEX
94274-87473,WR,Braydon,Braydon Johnson,Johnson,,,4000,MIA@BUF,BUF,MIA,,,,,,WR/FLEX
94274-60849,WR,Blake,Blake Lynch,Lynch,,,4000,LV@LAC,LAC,LV,Q,Undisclosed,,,,WR/FLEX
94274-185777,TE,Damien,Damien Caffrey,Caffrey,,,4000,DEN@CHI,CHI,DEN,,,,,,TE/FLEX
94274-185782,WR,Thyrick,Thyrick Pitts,Pitts,,,4000,NE@DAL,NE,DAL,,,,,,WR/FLEX
94274-64949,WR,Ja'Marcus,Ja'Marcus Bradley,Bradley,,,4000,PIT@HOU,PIT,HOU,Q,Undisclosed,,,,WR/FLEX
94274-73147,TE,Nick,Nick Eubanks,Eubanks,,,4000,LAR@IND,IND,LAR,,,,,,TE/FLEX
94274-185792,WR,Tyler,Tyler Adams,Adams,,,4000,LAR@IND,IND,LAR,,,,,,WR/FLEX
94274-73161,TE,Chase,Chase Allen,Allen,,,4000,DEN@CHI,CHI,DEN,Q,Undisclosed,,,,TE/FLEX
94274-26057,RB,Michael,Michael Burton,Burton,0.550000011920929,2,4000,DEN@CHI,DEN,CHI,,,,,,RB/FLEX
94274-54746,TE,Tyler,Tyler Ott,Ott,,,4000,BAL@CLE,BAL,CLE,,,,,,TE/FLEX
94274-185822,TE,Thomas,Thomas Greaney,Greaney,,,4000,BAL@CLE,CLE,BAL,,,,,,TE/FLEX
94274-103901,WR,Davion,Davion Davis,Davis,,,4000,ARI@SF,ARI,SF,,,,,,WR/FLEX
94274-103900,TE,Brandon,Brandon Dillon,Dillon,,,4000,WAS@PHI,WAS,PHI,IR,Undisclosed,,,,TE/FLEX
94274-185827,RB,Jacob,Jacob Saylors,Saylors,,,4000,CIN@TEN,CIN,TEN,,,,,,RB/FLEX
94274-112101,WR,Jared,Jared Wayne,Wayne,,,4000,PIT@HOU,HOU,PIT,,,,,,WR/FLEX
94274-91635,WR,Kearis,Kearis Jackson,Jackson,0,2,4000,CIN@TEN,TEN,CIN,IR,Ankle,,,,WR/FLEX
94274-103930,WR,Derek,Derek Wright,Wright,,,4000,MIN@CAR,CAR,MIN,,,,,,WR/FLEX
94274-185854,WR,Dallas,Dallas Daniels,Daniels,,,4000,DEN@CHI,DEN,CHI,,,,,,WR/FLEX
94274-114177,WR,Milton,Milton Wright,Wright,,,4000,LV@LAC,LAC,LV,Q,Undisclosed,,,,WR/FLEX
94274-185856,WR,Taylor,Taylor Grimes,Grimes,,,4000,DEN@CHI,DEN,CHI,,,,,,WR/FLEX
94274-128515,RB,Ellis,Ellis Merriweather,Merriweather,,,4000,TB@NO,NO,TB,,,,,,RB/FLEX
94274-185862,WR,David,David Durden,Durden,,,4000,NE@DAL,DAL,NE,IR,Knee - acl,,,,WR/FLEX
94274-89613,WR,Simi,Simi Fehoko,Fehoko,1.9500000476837158,2,4000,LV@LAC,LAC,LV,,,,,,WR/FLEX
94274-62994,WR,Steven,Steven Sims Jr.,Sims Jr.,2.0333333015441895,12,4000,PIT@HOU,HOU,PIT,,,,,,WR/FLEX
94274-62998,TE,Jace,Jace Sternberger,Sternberger,,,4000,MIA@BUF,BUF,MIA,,,,,,TE/FLEX
94274-89627,WR,Brycen,Brycen Tremayne,Tremayne,,,4000,WAS@PHI,WAS,PHI,,,,,,WR/FLEX
94274-91677,WR,Shi,Shi Smith,Smith,3.1624999046325684,16,4000,CIN@TEN,TEN,CIN,,,,,,WR/FLEX
94274-185887,RB,Ronnie,Ronnie Brown,Brown,,,4000,TB@NO,TB,NO,,,,,,RB/FLEX
94274-91679,WR,Josh,Josh Vann,Vann,,,4000,MIN@CAR,CAR,MIN,,,,,,WR/FLEX
94274-185889,TE,Tanner,Tanner Taula,Taula,,,4000,TB@NO,TB,NO,,,,,,TE/FLEX
94274-185893,RB,Alfonzo,Alfonzo Graham,Graham,,,4000,PIT@HOU,PIT,HOU,IR,Undisclosed,,,,RB/FLEX
94274-185907,RB,Zach,Zach Ojile,Ojile,,,4000,MIN@CAR,MIN,CAR,,,,,,RB/FLEX
94274-60977,RB,Ty'Son,Ty'Son Williams,Williams,1,1,4000,ARI@SF,ARI,SF,,,,,,RB/FLEX
94274-69173,TE,Hunter,Hunter Kampmoyer,Kampmoyer,,,4000,LV@LAC,LAC,LV,,,,,,TE/FLEX
94274-60981,TE,Charlie,Charlie Heck,Heck,,,4000,PIT@HOU,HOU,PIT,NA,Foot,,,,TE/FLEX
94274-60984,TE,Jake,Jake Bargas,Bargas,,,4000,TB@NO,NO,TB,,,,,,TE/FLEX
94274-89656,WR,Aron,Aron Cruickshank,Cruickshank,,,4000,PIT@HOU,PIT,HOU,,,,,,WR/FLEX
94274-71228,WR,Marquez,Marquez Stevenson,Stevenson,,,4000,MIN@CAR,CAR,MIN,Q,Undisclosed,,,,WR/FLEX
94274-30272,TE,Colin,Colin Thompson,Thompson,,,4000,MIN@CAR,MIN,CAR,,,,,,TE/FLEX
94274-87621,WR,A.T.,A.T. Perry,Perry,,,4000,TB@NO,NO,TB,,,,,,WR/FLEX
94274-104008,TE,Stephen,Stephen Carlson,Carlson,,,4000,DEN@CHI,CHI,DEN,,,,,,TE/FLEX
94274-104012,WR,Ashton,Ashton Dulin,Dulin,5,7,4000,LAR@IND,IND,LAR,IR,Knee - acl,,,,WR/FLEX
94274-54863,WR,C.J.,C.J. Goodwin,Goodwin,,,4000,NE@DAL,DAL,NE,,,,,,WR/FLEX
94274-87634,TE,Blake,Blake Whiteheart,Whiteheart,,,4000,ARI@SF,ARI,SF,,,,,,TE/FLEX
94274-63061,WR,Gary,Gary Jennings,Jennings,,,4000,MIN@CAR,CAR,MIN,,,,,,WR/FLEX
94274-104025,RB,John,John Lovett,Lovett,,,4000,MIA@BUF,MIA,BUF,Q,Undisclosed,,,,RB/FLEX
94274-87662,WR,Anthony,Anthony Schwartz,Schwartz,2.7999998728434243,6,4000,BAL@CLE,CLE,BAL,Q,Hamstring,,,,WR/FLEX
94274-61042,WR,Kendall,Kendall Hinton,Hinton,4.0363637750799,11,4000,DEN@CHI,DEN,CHI,,,,,,WR/FLEX
94274-87668,WR,Shedrick,Shedrick Jackson,Jackson,,,4000,CIN@TEN,CIN,TEN,,,,,,WR/FLEX
94274-104054,RB,Sincere,Sincere McCormick,McCormick,,,4000,LV@LAC,LV,LAC,,,,,,RB/FLEX
94274-93845,WR,Tay,Tay Martin,Martin,,,4000,ARI@SF,SF,ARI,,,,,,WR/FLEX
94274-93853,WR,Thayer,Thayer Thomas,Thomas,,,4000,MIN@CAR,MIN,CAR,,,,,,WR/FLEX
94274-87711,TE,John Samuel,John Samuel Shenker,Shenker,,,4000,LV@LAC,LV,LAC,,,,,,TE/FLEX
94274-104102,TE,Leroy,Leroy Watson IV,Watson IV,,,4000,ARI@SF,SF,ARI,,,,,,TE/FLEX
94274-91823,RB,Ronald,Ronald Awatt,Awatt,,,4000,ARI@SF,SF,ARI,,,,,,RB/FLEX
94274-7856,WR,Matthew,Matthew Slater,Slater,,,4000,NE@DAL,NE,DAL,,,,,,WR/FLEX
94274-87731,WR,Dominique,Dominique Robinson,Robinson,,,4000,DEN@CHI,CHI,DEN,,,,,,WR/FLEX
94274-85687,WR,Jontre,Jontre Kirklin,Kirklin,,,4000,TB@NO,NO,TB,,,,,,WR/FLEX
94274-104124,WR,Darrius,Darrius Shepherd,Shepherd,,,4000,LV@LAC,LAC,LV,Q,Undisclosed,,,,WR/FLEX
94274-71359,WR,Javon,Javon Wims,Wims,,,4000,MIN@CAR,CAR,MIN,,,,,,WR/FLEX
94274-69310,WR,Josh,Josh Hammond,Hammond,,,4000,DEN@CHI,DEN,CHI,,,,,,WR/FLEX
94274-71372,WR,Tyrie,Tyrie Cleveland,Cleveland,1.2666666507720947,3,4000,WAS@PHI,PHI,WAS,,,,,,WR/FLEX
94274-65231,RB,Adam,Adam Prentice,Prentice,0.6599999904632569,5,4000,TB@NO,NO,TB,,,,,,RB/FLEX
94274-63189,TE,Hunter,Hunter Thedford,Thedford,,,4000,BAL@CLE,CLE,BAL,,,,,,TE/FLEX
94274-89817,WR,Austin,Austin Watkins Jr.,Watkins Jr.,,,4000,BAL@CLE,CLE,BAL,,,,,,WR/FLEX
94274-71386,TE,Jordan,Jordan Thomas,Thomas,,,4000,MIN@CAR,CAR,MIN,,,,,,TE/FLEX
94274-91875,TE,Michael,Michael Ezeike,Ezeike,,,4000,LV@LAC,LAC,LV,,,,,,TE/FLEX
94274-85731,WR,Racey,Racey McMath,McMath,1.350000023841858,4,4000,LAR@IND,IND,LAR,,,,,,WR/FLEX
94274-87787,RB,J.K.,J.K. Dobbins,Dobbins,10.699999809265137,1,4000,BAL@CLE,BAL,CLE,IR,Achilles,,,,RB/FLEX
94274-91897,WR,Ethan,Ethan Fernea,Fernea,,,4000,LAR@IND,IND,LAR,Q,Undisclosed,,,,WR/FLEX
94274-85759,TE,Curtis,Curtis Hodges,Hodges,,,4000,WAS@PHI,WAS,PHI,,,,,,TE/FLEX
94274-57091,WR,Tim,Tim Patrick,Patrick,,,4000,DEN@CHI,DEN,CHI,IR,Achilles,,,,WR/FLEX
94274-91923,WR,Kazmeir,Kazmeir Allen,Allen,,,4000,WAS@PHI,WAS,PHI,,,,,,WR/FLEX
94274-114465,TE,Christian,Christian Sims,Sims,,,4000,LAR@IND,LAR,IND,,,,,,TE/FLEX
94274-71459,RB,Brittain,Brittain Brown,Brown,,,4000,LV@LAC,LV,LAC,IR,Undisclosed,,,,RB/FLEX
94274-40746,TE,Troy,Troy Fumagalli,Fumagalli,,,4000,ARI@SF,SF,ARI,,,,,,TE/FLEX
94274-55088,WR,Malik,Malik Turner,Turner,,,4000,LAR@IND,IND,LAR,Q,Undisclosed,,,,WR/FLEX
94274-91960,WR,Chris,Chris Coleman,Coleman,,,4000,MIA@BUF,MIA,BUF,,,,,,WR/FLEX
94274-73551,WR,Stantley,Stantley Thomas-Oliver III,Thomas-Oliver III,,,4000,MIN@CAR,CAR,MIN,Q,Hamstring,,,,WR/FLEX
94274-91989,RB,Jordan,Jordan Mims,Mims,,,4000,TB@NO,NO,TB,,,,,,RB/FLEX
94274-63321,TE,Rashod,Rashod Berry,Berry,,,4000,LAR@IND,IND,LAR,IR,Suspension,,,,TE/FLEX
94274-57208,WR,KeeSean,KeeSean Johnson,Johnson,,,4000,MIA@BUF,BUF,MIA,,,,,,WR/FLEX
94274-63360,WR,Antonio,Antonio Callaway,Callaway,,,4000,NE@DAL,DAL,NE,,,,,,WR/FLEX
94274-89997,WR,Michael,Michael Woods II,Woods II,1.0833333333333333,6,4000,BAL@CLE,CLE,BAL,IR,Achilles,,,,WR/FLEX
94274-69516,TE,Miller,Miller Forristall,Forristall,0,1,4000,LAR@IND,LAR,IND,,,,,,TE/FLEX
94274-128912,WR,Mitchell,Mitchell Tinsley,Tinsley,,,4000,WAS@PHI,WAS,PHI,,,,,,WR/FLEX
94274-94099,RB,Robert,Robert Burns,Burns,,,4000,DEN@CHI,CHI,DEN,,,,,,RB/FLEX
94274-141201,WR,Raleigh,Raleigh Webb,Webb,,,4000,MIA@BUF,MIA,BUF,,,,,,WR/FLEX
94274-92056,TE,Cal,Cal Adomitis,Adomitis,,,4000,CIN@TEN,CIN,TEN,,,,,,TE/FLEX
94274-28570,TE,Nick,Nick Vannett,Vannett,1.7,5,4000,LV@LAC,LAC,LV,,,,,,TE/FLEX
94274-94118,WR,Mike,Mike Harley Jr.,Harley Jr.,,,4000,BAL@CLE,CLE,BAL,,,,,,WR/FLEX
94274-34729,RB,Dwayne,Dwayne Washington,Washington,1,5,4000,DEN@CHI,DEN,CHI,,,,,,RB/FLEX
94274-85932,RB,Isaiah,Isaiah Bowser,Bowser,,,4000,MIA@BUF,BUF,MIA,,,,,,RB/FLEX
94274-85944,WR,Kyric,Kyric McGowan,McGowan,,,4000,WAS@PHI,WAS,PHI,Q,Undisclosed,,,,WR/FLEX
94274-92093,WR,Jaelon,Jaelon Darden,Darden,0.2923076886397142,13,4000,BAL@CLE,CLE,BAL,,,,,,WR/FLEX
94274-32703,WR,Jakeem,Jakeem Grant Sr.,Grant Sr.,,,4000,BAL@CLE,CLE,BAL,IR,Kneecap,,,,WR/FLEX
94274-169937,WR,Lance,Lance McCutcheon,McCutcheon,0,2,4000,PIT@HOU,HOU,PIT,,,,,,WR/FLEX
94274-30678,WR,Damiere,Damiere Byrd,Byrd,3.7749999364217124,12,4000,MIN@CAR,CAR,MIN,Q,Hamstring,,,,WR/FLEX
94274-96224,TE,Lachlan,Lachlan Pitts,Pitts,,,4000,DEN@CHI,CHI,DEN,,,,,,TE/FLEX
94274-85994,TE,Dalton,Dalton Keene,Keene,,,4000,PIT@HOU,HOU,PIT,,,,,,TE/FLEX
94274-71661,WR,Tino,Tino Ellis,Ellis,,,4000,MIA@BUF,MIA,BUF,Q,Undisclosed,,,,WR/FLEX
94274-71662,WR,DJ,DJ Turner,Turner,0.8666666348775228,3,4000,LV@LAC,LV,LAC,Q,Undisclosed,,,,WR/FLEX
94274-96254,TE,Nick,Nick Muse,Muse,,,4000,MIN@CAR,MIN,CAR,,,,,,TE/FLEX
94274-12531,D,Denver,Denver Broncos,Broncos,1.6666666666666667,3,3900,DEN@CHI,DEN,CHI,,,,,,DEF
94274-12548,D,Los Angeles,Los Angeles Chargers,Chargers,4.333333333333333,3,3900,LV@LAC,LAC,LV,,,,,,DEF
94274-12539,D,Miami,Miami Dolphins,Dolphins,6.333333333333333,3,3800,MIA@BUF,MIA,BUF,,,,,,DEF
94274-12541,D,New England,New England Patriots,Patriots,6.666666666666667,3,3700,NE@DAL,NE,DAL,,,,,,DEF
94274-12556,D,Houston,Houston Texans,Texans,6.666666666666667,3,3700,PIT@HOU,HOU,PIT,,,,,,DEF
94274-12538,D,Los Angeles,Los Angeles Rams,Rams,3.6666666666666665,3,3600,LAR@IND,LAR,IND,,,,,,DEF
94274-12552,D,Washington,Washington Commanders,Commanders,7.333333333333333,3,3500,WAS@PHI,WAS,PHI,,,,,,DEF
94274-12553,D,Carolina,Carolina Panthers,Panthers,3.6666666666666665,3,3400,MIN@CAR,CAR,MIN,,,,,,DEF
94274-12527,D,Chicago,Chicago Bears,Bears,0.6666666666666666,3,3300,DEN@CHI,CHI,DEN,,,,,,DEF
94274-12546,D,Arizona,Arizona Cardinals,Cardinals,9.333333333333334,3,3200,ARI@SF,ARI,SF,,,,,,DEF
94274-12537,D,Las Vegas,Las Vegas Raiders,Raiders,0.6666666666666666,3,3000,LV@LAC,LV,LAC,,,,,,DEF